problem_id,arm,dist1,dist2,min,max,spread,solved,node_count,expansions,disjunct_reached,picked_cheapest,hops1,hops2,cheaper_by_cost,cheaper_by_hops,agree
0,BFS,218.18338060126496,442.3983945353251,218.18338060126496,442.3983945353251,224.21501393406015,True,331,82,d1,True,41,82,d1,d1,True
0,DFS,218.18338060126496,442.3983945353251,218.18338060126496,442.3983945353251,224.21501393406015,True,167,41,d1,True,41,82,d1,d1,True
0,CheapestFirst,218.18338060126496,442.3983945353251,218.18338060126496,442.3983945353251,224.21501393406015,True,327,81,d1,True,41,82,d1,d1,True
0,DNF,218.18338060126496,442.3983945353251,218.18338060126496,442.3983945353251,224.21501393406015,True,495,123,,,41,82,d1,d1,True
1,BFS,570.9265876017248,569.2618763687353,569.2618763687353,570.9265876017248,1.6647112329894753,True,400,100,d2,True,97,96,d2,d2,True
1,DFS,570.9265876017248,569.2618763687353,569.2618763687353,570.9265876017248,1.6647112329894753,True,391,97,d1,False,97,96,d2,d2,True
1,CheapestFirst,570.9265876017248,569.2618763687353,569.2618763687353,570.9265876017248,1.6647112329894753,True,400,100,d2,True,97,96,d2,d2,True
1,DNF,570.9265876017248,569.2618763687353,569.2618763687353,570.9265876017248,1.6647112329894753,True,775,193,,,97,96,d2,d2,True
2,BFS,281.345315438102,516.7256637327175,281.345315438102,516.7256637327175,235.38034829461554,True,384,96,d1,True,51,92,d1,d1,True
2,DFS,281.345315438102,516.7256637327175,281.345315438102,516.7256637327175,235.38034829461554,True,207,51,d1,True,51,92,d1,d1,True
2,CheapestFirst,281.345315438102,516.7256637327175,281.345315438102,516.7256637327175,235.38034829461554,True,384,96,d1,True,51,92,d1,d1,True
2,DNF,281.345315438102,516.7256637327175,281.345315438102,516.7256637327175,235.38034829461554,True,575,143,,,51,92,d1,d1,True
3,BFS,175.1720367461793,561.4866021147403,175.1720367461793,561.4866021147403,386.31456536856103,True,251,62,d1,True,31,100,d1,d1,True
3,DFS,175.1720367461793,561.4866021147403,175.1720367461793,561.4866021147403,386.31456536856103,True,127,31,d1,True,31,100,d1,d1,True
3,CheapestFirst,175.1720367461793,561.4866021147403,175.1720367461793,561.4866021147403,386.31456536856103,True,255,63,d1,True,31,100,d1,d1,True
3,DNF,175.1720367461793,561.4866021147403,175.1720367461793,561.4866021147403,386.31456536856103,True,527,131,,,31,100,d1,d1,True
4,BFS,528.0713024073702,457.48172013729203,457.48172013729203,528.0713024073702,70.58958227007821,True,408,102,d2,True,98,82,d2,d2,True
4,DFS,528.0713024073702,457.48172013729203,457.48172013729203,528.0713024073702,70.58958227007821,True,398,98,d1,False,98,82,d2,d2,True
4,CheapestFirst,528.0713024073702,457.48172013729203,457.48172013729203,528.0713024073702,70.58958227007821,True,408,102,d2,True,98,82,d2,d2,True
4,DNF,528.0713024073702,457.48172013729203,457.48172013729203,528.0713024073702,70.58958227007821,True,731,182,,,98,82,d2,d2,True
5,BFS,408.8063330424768,254.2549092916164,254.2549092916164,408.8063330424768,154.5514237508604,True,308,77,d2,True,74,47,d2,d2,True
5,DFS,408.8063330424768,254.2549092916164,254.2549092916164,408.8063330424768,154.5514237508604,True,299,74,d1,False,74,47,d2,d2,True
5,CheapestFirst,408.8063330424768,254.2549092916164,254.2549092916164,408.8063330424768,154.5514237508604,True,308,77,d2,True,74,47,d2,d2,True
5,DNF,408.8063330424768,254.2549092916164,254.2549092916164,408.8063330424768,154.5514237508604,True,487,121,,,74,47,d2,d2,True
6,BFS,17.579855645719366,210.77011915221442,17.579855645719366,210.77011915221442,193.19026350649506,True,27,6,d1,True,3,34,d1,d1,True
6,DFS,17.579855645719366,210.77011915221442,17.579855645719366,210.77011915221442,193.19026350649506,True,15,3,d1,True,3,34,d1,d1,True
6,CheapestFirst,17.579855645719366,210.77011915221442,17.579855645719366,210.77011915221442,193.19026350649506,True,23,5,d1,True,3,34,d1,d1,True
6,DNF,17.579855645719366,210.77011915221442,17.579855645719366,210.77011915221442,193.19026350649506,True,151,37,,,3,34,d1,d1,True
7,BFS,277.0748836116759,160.80941517942864,160.80941517942864,277.0748836116759,116.26546843224725,True,224,56,d2,True,54,30,d2,d2,True
7,DFS,277.0748836116759,160.80941517942864,160.80941517942864,277.0748836116759,116.26546843224725,True,219,54,d1,False,54,30,d2,d2,True
7,CheapestFirst,277.0748836116759,160.80941517942864,160.80941517942864,277.0748836116759,116.26546843224725,True,224,56,d2,True,54,30,d2,d2,True
7,DNF,277.0748836116759,160.80941517942864,160.80941517942864,277.0748836116759,116.26546843224725,True,339,84,,,54,30,d2,d2,True
8,BFS,114.37814325804325,407.1408621192454,114.37814325804325,407.1408621192454,292.7627188612022,True,155,38,d1,True,19,72,d1,d1,True
8,DFS,114.37814325804325,407.1408621192454,114.37814325804325,407.1408621192454,292.7627188612022,True,79,19,d1,True,19,72,d1,d1,True
8,CheapestFirst,114.37814325804325,407.1408621192454,114.37814325804325,407.1408621192454,292.7627188612022,True,159,39,d1,True,19,72,d1,d1,True
8,DNF,114.37814325804325,407.1408621192454,114.37814325804325,407.1408621192454,292.7627188612022,True,367,91,,,19,72,d1,d1,True
9,BFS,54.78464477350788,58.28386060399069,54.78464477350788,58.28386060399069,3.499215830482811,True,56,14,d1,True,9,11,d1,d1,True
9,DFS,54.78464477350788,58.28386060399069,54.78464477350788,58.28386060399069,3.499215830482811,True,39,9,d1,True,9,11,d1,d1,True
9,CheapestFirst,54.78464477350788,58.28386060399069,54.78464477350788,58.28386060399069,3.499215830482811,True,56,14,d1,True,9,11,d1,d1,True
9,DNF,54.78464477350788,58.28386060399069,54.78464477350788,58.28386060399069,3.499215830482811,True,83,20,,,9,11,d1,d1,True
10,BFS,50.516622281517584,138.79452403456293,50.516622281517584,138.79452403456293,88.27790175304534,True,75,18,d1,True,9,26,d1,d1,True
10,DFS,50.516622281517584,138.79452403456293,50.516622281517584,138.79452403456293,88.27790175304534,True,39,9,d1,True,9,26,d1,d1,True
10,CheapestFirst,50.516622281517584,138.79452403456293,50.516622281517584,138.79452403456293,88.27790175304534,True,75,18,d1,True,9,26,d1,d1,True
10,DNF,50.516622281517584,138.79452403456293,50.516622281517584,138.79452403456293,88.27790175304534,True,143,35,,,9,26,d1,d1,True
11,BFS,31.695531278279116,16.723899227143953,16.723899227143953,31.695531278279116,14.971632051135163,True,23,5,d2,True,6,3,d2,d2,True
11,DFS,31.695531278279116,16.723899227143953,16.723899227143953,31.695531278279116,14.971632051135163,True,27,6,d1,False,6,3,d2,d2,True
11,CheapestFirst,31.695531278279116,16.723899227143953,16.723899227143953,31.695531278279116,14.971632051135163,True,23,5,d2,True,6,3,d2,d2,True
11,DNF,31.695531278279116,16.723899227143953,16.723899227143953,31.695531278279116,14.971632051135163,True,39,9,,,6,3,d2,d2,True
12,BFS,109.44835348354268,84.09548261410328,84.09548261410328,109.44835348354268,25.3528708694394,True,96,24,d2,True,21,16,d2,d2,True
12,DFS,109.44835348354268,84.09548261410328,84.09548261410328,109.44835348354268,25.3528708694394,True,87,21,d1,False,21,16,d2,d2,True
12,CheapestFirst,109.44835348354268,84.09548261410328,84.09548261410328,109.44835348354268,25.3528708694394,True,96,24,d2,True,21,16,d2,d2,True
12,DNF,109.44835348354268,84.09548261410328,84.09548261410328,109.44835348354268,25.3528708694394,True,151,37,,,21,16,d2,d2,True
13,BFS,193.56783323232776,17.753338062410137,17.753338062410137,193.56783323232776,175.81449516991762,True,23,5,d2,True,34,3,d2,d2,True
13,DFS,193.56783323232776,17.753338062410137,17.753338062410137,193.56783323232776,175.81449516991762,True,139,34,d1,False,34,3,d2,d2,True
13,CheapestFirst,193.56783323232776,17.753338062410137,17.753338062410137,193.56783323232776,175.81449516991762,True,23,5,d2,True,34,3,d2,d2,True
13,DNF,193.56783323232776,17.753338062410137,17.753338062410137,193.56783323232776,175.81449516991762,True,151,37,,,34,3,d2,d2,True
14,BFS,120.0852162593185,329.9963626736029,120.0852162593185,329.9963626736029,209.91114641428442,True,155,38,d1,True,19,60,d1,d1,True
14,DFS,120.0852162593185,329.9963626736029,120.0852162593185,329.9963626736029,209.91114641428442,True,79,19,d1,True,19,60,d1,d1,True
14,CheapestFirst,120.0852162593185,329.9963626736029,120.0852162593185,329.9963626736029,209.91114641428442,True,179,44,d1,True,19,60,d1,d1,True
14,DNF,120.0852162593185,329.9963626736029,120.0852162593185,329.9963626736029,209.91114641428442,True,319,79,,,19,60,d1,d1,True
15,BFS,15.39691335277131,398.7443406376593,15.39691335277131,398.7443406376593,383.347427284888,True,43,10,d1,True,5,73,d1,d1,True
15,DFS,15.39691335277131,398.7443406376593,15.39691335277131,398.7443406376593,383.347427284888,True,23,5,d1,True,5,73,d1,d1,True
15,CheapestFirst,15.39691335277131,398.7443406376593,15.39691335277131,398.7443406376593,383.347427284888,True,27,6,d1,True,5,73,d1,d1,True
15,DNF,15.39691335277131,398.7443406376593,15.39691335277131,398.7443406376593,383.347427284888,True,315,78,,,5,73,d1,d1,True
16,BFS,507.51996606960375,279.63679076760087,279.63679076760087,507.51996606960375,227.88317530200288,True,412,103,d2,True,99,57,d2,d2,True
16,DFS,507.51996606960375,279.63679076760087,279.63679076760087,507.51996606960375,227.88317530200288,True,399,99,d1,False,99,57,d2,d2,True
16,CheapestFirst,507.51996606960375,279.63679076760087,279.63679076760087,507.51996606960375,227.88317530200288,True,412,103,d2,True,99,57,d2,d2,True
16,DNF,507.51996606960375,279.63679076760087,279.63679076760087,507.51996606960375,227.88317530200288,True,627,156,,,99,57,d2,d2,True
17,BFS,315.66410721736935,143.93365534102153,143.93365534102153,315.66410721736935,171.73045187634781,True,199,49,d2,True,54,25,d2,d2,True
17,DFS,315.66410721736935,143.93365534102153,143.93365534102153,315.66410721736935,171.73045187634781,True,219,54,d1,False,54,25,d2,d2,True
17,CheapestFirst,315.66410721736935,143.93365534102153,143.93365534102153,315.66410721736935,171.73045187634781,True,199,49,d2,True,54,25,d2,d2,True
17,DNF,315.66410721736935,143.93365534102153,143.93365534102153,315.66410721736935,171.73045187634781,True,319,79,,,54,25,d2,d2,True
18,BFS,220.96757486901163,112.22401890429136,112.22401890429136,220.96757486901163,108.74355596472027,True,135,33,d2,True,36,17,d2,d2,True
18,DFS,220.96757486901163,112.22401890429136,112.22401890429136,220.96757486901163,108.74355596472027,True,147,36,d1,False,36,17,d2,d2,True
18,CheapestFirst,220.96757486901163,112.22401890429136,112.22401890429136,220.96757486901163,108.74355596472027,True,143,35,d2,True,36,17,d2,d2,True
18,DNF,220.96757486901163,112.22401890429136,112.22401890429136,220.96757486901163,108.74355596472027,True,215,53,,,36,17,d2,d2,True
19,BFS,404.62843119649017,308.6458766543832,308.6458766543832,404.62843119649017,95.98255454210698,True,300,75,d2,True,73,53,d2,d2,True
19,DFS,404.62843119649017,308.6458766543832,308.6458766543832,404.62843119649017,95.98255454210698,True,295,73,d1,False,73,53,d2,d2,True
19,CheapestFirst,404.62843119649017,308.6458766543832,308.6458766543832,404.62843119649017,95.98255454210698,True,300,75,d2,True,73,53,d2,d2,True
19,DNF,404.62843119649017,308.6458766543832,308.6458766543832,404.62843119649017,95.98255454210698,True,507,126,,,73,53,d2,d2,True
20,BFS,201.7731929132893,184.7976586874569,184.7976586874569,201.7731929132893,16.975534225832405,True,140,35,d2,True,31,28,d2,d2,True
20,DFS,201.7731929132893,184.7976586874569,184.7976586874569,201.7731929132893,16.975534225832405,True,127,31,d1,False,31,28,d2,d2,True
20,CheapestFirst,201.7731929132893,184.7976586874569,184.7976586874569,201.7731929132893,16.975534225832405,True,140,35,d2,True,31,28,d2,d2,True
20,DNF,201.7731929132893,184.7976586874569,184.7976586874569,201.7731929132893,16.975534225832405,True,239,59,,,31,28,d2,d2,True
21,BFS,85.19494703148857,12.490676149723544,12.490676149723544,85.19494703148857,72.70427088176503,True,15,3,d2,True,14,2,d2,d2,True
21,DFS,85.19494703148857,12.490676149723544,12.490676149723544,85.19494703148857,72.70427088176503,True,59,14,d1,False,14,2,d2,d2,True
21,CheapestFirst,85.19494703148857,12.490676149723544,12.490676149723544,85.19494703148857,72.70427088176503,True,23,5,d2,True,14,2,d2,d2,True
21,DNF,85.19494703148857,12.490676149723544,12.490676149723544,85.19494703148857,72.70427088176503,True,67,16,,,14,2,d2,d2,True
22,BFS,551.9185703308997,470.3412865648186,470.3412865648186,551.9185703308997,81.57728376608111,True,364,91,d2,True,89,76,d2,d2,True
22,DFS,551.9185703308997,470.3412865648186,470.3412865648186,551.9185703308997,81.57728376608111,True,359,89,d1,False,89,76,d2,d2,True
22,CheapestFirst,551.9185703308997,470.3412865648186,470.3412865648186,551.9185703308997,81.57728376608111,True,364,91,d2,True,89,76,d2,d2,True
22,DNF,551.9185703308997,470.3412865648186,470.3412865648186,551.9185703308997,81.57728376608111,True,663,165,,,89,76,d2,d2,True
23,BFS,38.646287714531724,228.04964697345733,38.646287714531724,228.04964697345733,189.4033592589256,True,59,14,d1,True,7,35,d1,d1,True
23,DFS,38.646287714531724,228.04964697345733,38.646287714531724,228.04964697345733,189.4033592589256,True,31,7,d1,True,7,35,d1,d1,True
23,CheapestFirst,38.646287714531724,228.04964697345733,38.646287714531724,228.04964697345733,189.4033592589256,True,51,12,d1,True,7,35,d1,d1,True
23,DNF,38.646287714531724,228.04964697345733,38.646287714531724,228.04964697345733,189.4033592589256,True,171,42,,,7,35,d1,d1,True
24,BFS,120.87826200299486,136.23840730507877,120.87826200299486,136.23840730507877,15.360145302083907,True,136,34,d1,True,25,30,d1,d1,True
24,DFS,120.87826200299486,136.23840730507877,120.87826200299486,136.23840730507877,15.360145302083907,True,103,25,d1,True,25,30,d1,d1,True
24,CheapestFirst,120.87826200299486,136.23840730507877,120.87826200299486,136.23840730507877,15.360145302083907,True,136,34,d1,True,25,30,d1,d1,True
24,DNF,120.87826200299486,136.23840730507877,120.87826200299486,136.23840730507877,15.360145302083907,True,223,55,,,25,30,d1,d1,True
25,BFS,475.470081264498,68.5251177999507,68.5251177999507,475.470081264498,406.9449634645473,True,103,25,d2,True,84,13,d2,d2,True
25,DFS,475.470081264498,68.5251177999507,68.5251177999507,475.470081264498,406.9449634645473,True,339,84,d1,False,84,13,d2,d2,True
25,CheapestFirst,475.470081264498,68.5251177999507,68.5251177999507,475.470081264498,406.9449634645473,True,107,26,d2,True,84,13,d2,d2,True
25,DNF,475.470081264498,68.5251177999507,68.5251177999507,475.470081264498,406.9449634645473,True,391,97,,,84,13,d2,d2,True
26,BFS,230.04849955380743,180.78243749140873,180.78243749140873,230.04849955380743,49.2660620623987,True,184,46,d2,True,43,34,d2,d2,True
26,DFS,230.04849955380743,180.78243749140873,180.78243749140873,230.04849955380743,49.2660620623987,True,175,43,d1,False,43,34,d2,d2,True
26,CheapestFirst,230.04849955380743,180.78243749140873,180.78243749140873,230.04849955380743,49.2660620623987,True,184,46,d2,True,43,34,d2,d2,True
26,DNF,230.04849955380743,180.78243749140873,180.78243749140873,230.04849955380743,49.2660620623987,True,311,77,,,43,34,d2,d2,True
27,BFS,165.79571814735786,278.4885673815614,165.79571814735786,278.4885673815614,112.69284923420352,True,216,54,d1,True,28,50,d1,d1,True
27,DFS,165.79571814735786,278.4885673815614,165.79571814735786,278.4885673815614,112.69284923420352,True,115,28,d1,True,28,50,d1,d1,True
27,CheapestFirst,165.79571814735786,278.4885673815614,165.79571814735786,278.4885673815614,112.69284923420352,True,216,54,d1,True,28,50,d1,d1,True
27,DNF,165.79571814735786,278.4885673815614,165.79571814735786,278.4885673815614,112.69284923420352,True,315,78,,,28,50,d1,d1,True
28,BFS,87.67388715207139,250.53302003074853,87.67388715207139,250.53302003074853,162.85913287867714,True,139,34,d1,True,17,42,d1,d1,True
28,DFS,87.67388715207139,250.53302003074853,87.67388715207139,250.53302003074853,162.85913287867714,True,71,17,d1,True,17,42,d1,d1,True
28,CheapestFirst,87.67388715207139,250.53302003074853,87.67388715207139,250.53302003074853,162.85913287867714,True,115,28,d1,True,17,42,d1,d1,True
28,DNF,87.67388715207139,250.53302003074853,87.67388715207139,250.53302003074853,162.85913287867714,True,239,59,,,17,42,d1,d1,True
29,BFS,82.72677725528354,238.2714624996581,82.72677725528354,238.2714624996581,155.54468524437456,True,119,29,d1,True,14,40,d1,d1,True
29,DFS,82.72677725528354,238.2714624996581,82.72677725528354,238.2714624996581,155.54468524437456,True,62,14,d1,True,14,40,d1,d1,True
29,CheapestFirst,82.72677725528354,238.2714624996581,82.72677725528354,238.2714624996581,155.54468524437456,True,107,26,d1,True,14,40,d1,d1,True
29,DNF,82.72677725528354,238.2714624996581,82.72677725528354,238.2714624996581,155.54468524437456,True,227,56,,,14,40,d1,d1,True
30,BFS,221.4947052985898,389.7223380606992,221.4947052985898,389.7223380606992,168.2276327621094,True,292,73,d1,True,40,71,d1,d1,True
30,DFS,221.4947052985898,389.7223380606992,221.4947052985898,389.7223380606992,168.2276327621094,True,163,40,d1,True,40,71,d1,d1,True
30,CheapestFirst,221.4947052985898,389.7223380606992,221.4947052985898,389.7223380606992,168.2276327621094,True,292,73,d1,True,40,71,d1,d1,True
30,DNF,221.4947052985898,389.7223380606992,221.4947052985898,389.7223380606992,168.2276327621094,True,447,111,,,40,71,d1,d1,True
31,BFS,205.7844393986077,212.80830527498588,205.7844393986077,212.80830527498588,7.023865876378181,True,184,46,d1,True,42,44,d1,d1,True
31,DFS,205.7844393986077,212.80830527498588,205.7844393986077,212.80830527498588,7.023865876378181,True,171,42,d1,True,42,44,d1,d1,True
31,CheapestFirst,205.7844393986077,212.80830527498588,205.7844393986077,212.80830527498588,7.023865876378181,True,184,46,d1,True,42,44,d1,d1,True
31,DNF,205.7844393986077,212.80830527498588,205.7844393986077,212.80830527498588,7.023865876378181,True,347,86,,,42,44,d1,d1,True
32,BFS,566.6784907492699,195.66184494359203,195.66184494359203,566.6784907492699,371.0166458056779,True,271,67,d2,True,99,34,d2,d2,True
32,DFS,566.6784907492699,195.66184494359203,195.66184494359203,566.6784907492699,371.0166458056779,True,399,99,d1,False,99,34,d2,d2,True
32,CheapestFirst,566.6784907492699,195.66184494359203,195.66184494359203,566.6784907492699,371.0166458056779,True,279,69,d2,True,99,34,d2,d2,True
32,DNF,566.6784907492699,195.66184494359203,195.66184494359203,566.6784907492699,371.0166458056779,True,535,133,,,99,34,d2,d2,True
33,BFS,515.2321518201184,373.57833294706495,373.57833294706495,515.2321518201184,141.6538188730534,True,408,102,d2,True,100,72,d2,d2,True
33,DFS,515.2321518201184,373.57833294706495,373.57833294706495,515.2321518201184,141.6538188730534,True,403,100,d1,False,100,72,d2,d2,True
33,CheapestFirst,515.2321518201184,373.57833294706495,373.57833294706495,515.2321518201184,141.6538188730534,True,408,102,d2,True,100,72,d2,d2,True
33,DNF,515.2321518201184,373.57833294706495,373.57833294706495,515.2321518201184,141.6538188730534,True,691,172,,,100,72,d2,d2,True
34,BFS,213.8118469141113,217.30784852797814,213.8118469141113,217.30784852797814,3.496001613866838,True,176,44,d1,True,40,41,d1,d1,True
34,DFS,213.8118469141113,217.30784852797814,213.8118469141113,217.30784852797814,3.496001613866838,True,163,40,d1,True,40,41,d1,d1,True
34,CheapestFirst,213.8118469141113,217.30784852797814,213.8118469141113,217.30784852797814,3.496001613866838,True,176,44,d1,True,40,41,d1,d1,True
34,DNF,213.8118469141113,217.30784852797814,213.8118469141113,217.30784852797814,3.496001613866838,True,327,81,,,40,41,d1,d1,True
35,BFS,483.67001991898076,433.6574975906155,433.6574975906155,483.67001991898076,50.012522328365264,True,376,94,d2,True,90,82,d2,d2,True
35,DFS,483.67001991898076,433.6574975906155,433.6574975906155,483.67001991898076,50.012522328365264,True,363,90,d1,False,90,82,d2,d2,True
35,CheapestFirst,483.67001991898076,433.6574975906155,433.6574975906155,483.67001991898076,50.012522328365264,True,376,94,d2,True,90,82,d2,d2,True
35,DNF,483.67001991898076,433.6574975906155,433.6574975906155,483.67001991898076,50.012522328365264,True,691,172,,,90,82,d2,d2,True
36,BFS,37.977758563853904,532.6515372711087,37.977758563853904,532.6515372711087,494.6737787072548,True,51,12,d1,True,6,97,d1,d1,True
36,DFS,37.977758563853904,532.6515372711087,37.977758563853904,532.6515372711087,494.6737787072548,True,27,6,d1,True,6,97,d1,d1,True
36,CheapestFirst,37.977758563853904,532.6515372711087,37.977758563853904,532.6515372711087,494.6737787072548,True,51,12,d1,True,6,97,d1,d1,True
36,DNF,37.977758563853904,532.6515372711087,37.977758563853904,532.6515372711087,494.6737787072548,True,415,103,,,6,97,d1,d1,True
37,BFS,180.09586004817885,336.50643458435326,180.09586004817885,336.50643458435326,156.4105745361744,True,235,58,d1,True,29,59,d1,d1,True
37,DFS,180.09586004817885,336.50643458435326,180.09586004817885,336.50643458435326,156.4105745361744,True,119,29,d1,True,29,59,d1,d1,True
37,CheapestFirst,180.09586004817885,336.50643458435326,180.09586004817885,336.50643458435326,156.4105745361744,True,248,62,d1,True,29,59,d1,d1,True
37,DNF,180.09586004817885,336.50643458435326,180.09586004817885,336.50643458435326,156.4105745361744,True,355,88,,,29,59,d1,d1,True
38,BFS,192.7953101167499,316.203797912153,192.7953101167499,316.203797912153,123.40848779540309,True,236,59,d1,True,34,56,d1,d1,True
38,DFS,192.7953101167499,316.203797912153,192.7953101167499,316.203797912153,123.40848779540309,True,139,34,d1,True,34,56,d1,d1,True
38,CheapestFirst,192.7953101167499,316.203797912153,192.7953101167499,316.203797912153,123.40848779540309,True,236,59,d1,True,34,56,d1,d1,True
38,DNF,192.7953101167499,316.203797912153,192.7953101167499,316.203797912153,123.40848779540309,True,363,90,,,34,56,d1,d1,True
39,BFS,73.10775340358758,286.73506637002606,73.10775340358758,286.73506637002606,213.62731296643847,True,115,28,d1,True,14,53,d1,d1,True
39,DFS,73.10775340358758,286.73506637002606,73.10775340358758,286.73506637002606,213.62731296643847,True,59,14,d1,True,14,53,d1,d1,True
39,CheapestFirst,73.10775340358758,286.73506637002606,73.10775340358758,286.73506637002606,213.62731296643847,True,107,26,d1,True,14,53,d1,d1,True
39,DNF,73.10775340358758,286.73506637002606,73.10775340358758,286.73506637002606,213.62731296643847,True,271,67,,,14,53,d1,d1,True
40,BFS,33.28190323457358,162.33879129781988,33.28190323457358,162.33879129781988,129.0568880632463,True,59,14,d1,True,7,29,d1,d1,True
40,DFS,33.28190323457358,162.33879129781988,33.28190323457358,162.33879129781988,129.0568880632463,True,31,7,d1,True,7,29,d1,d1,True
40,CheapestFirst,33.28190323457358,162.33879129781988,33.28190323457358,162.33879129781988,129.0568880632463,True,47,11,d1,True,7,29,d1,d1,True
40,DNF,33.28190323457358,162.33879129781988,33.28190323457358,162.33879129781988,129.0568880632463,True,147,36,,,7,29,d1,d1,True
41,BFS,394.39263028635025,160.2028737406552,160.2028737406552,394.39263028635025,234.18975654569505,True,223,55,d2,True,73,28,d2,d2,True
41,DFS,394.39263028635025,160.2028737406552,160.2028737406552,394.39263028635025,234.18975654569505,True,295,73,d1,False,73,28,d2,d2,True
41,CheapestFirst,394.39263028635025,160.2028737406552,160.2028737406552,394.39263028635025,234.18975654569505,True,235,58,d2,True,73,28,d2,d2,True
41,DNF,394.39263028635025,160.2028737406552,160.2028737406552,394.39263028635025,234.18975654569505,True,407,101,,,73,28,d2,d2,True
42,BFS,388.39228405855334,268.4325854614155,268.4325854614155,388.39228405855334,119.95969859713784,True,296,74,d2,True,71,48,d2,d2,True
42,DFS,388.39228405855334,268.4325854614155,268.4325854614155,388.39228405855334,119.95969859713784,True,287,71,d1,False,71,48,d2,d2,True
42,CheapestFirst,388.39228405855334,268.4325854614155,268.4325854614155,388.39228405855334,119.95969859713784,True,296,74,d2,True,71,48,d2,d2,True
42,DNF,388.39228405855334,268.4325854614155,268.4325854614155,388.39228405855334,119.95969859713784,True,479,119,,,71,48,d2,d2,True
43,BFS,244.43714146985621,281.8877426840111,244.43714146985621,281.8877426840111,37.45060121415486,True,224,56,d1,True,47,54,d1,d1,True
43,DFS,244.43714146985621,281.8877426840111,244.43714146985621,281.8877426840111,37.45060121415486,True,191,47,d1,True,47,54,d1,d1,True
43,CheapestFirst,244.43714146985621,281.8877426840111,244.43714146985621,281.8877426840111,37.45060121415486,True,224,56,d1,True,47,54,d1,d1,True
43,DNF,244.43714146985621,281.8877426840111,244.43714146985621,281.8877426840111,37.45060121415486,True,407,101,,,47,54,d1,d1,True
44,BFS,487.39365515659387,164.3783250067669,164.3783250067669,487.39365515659387,323.015330149827,True,255,63,d2,True,90,32,d2,d2,True
44,DFS,487.39365515659387,164.3783250067669,164.3783250067669,487.39365515659387,323.015330149827,True,363,90,d1,False,90,32,d2,d2,True
44,CheapestFirst,487.39365515659387,164.3783250067669,164.3783250067669,487.39365515659387,323.015330149827,True,235,58,d2,True,90,32,d2,d2,True
44,DNF,487.39365515659387,164.3783250067669,164.3783250067669,487.39365515659387,323.015330149827,True,491,122,,,90,32,d2,d2,True
45,BFS,121.76656715727411,244.73638125201478,121.76656715727411,244.73638125201478,122.96981409474067,True,171,42,d1,True,21,44,d1,d1,True
45,DFS,121.76656715727411,244.73638125201478,121.76656715727411,244.73638125201478,122.96981409474067,True,87,21,d1,True,21,44,d1,d1,True
45,CheapestFirst,121.76656715727411,244.73638125201478,121.76656715727411,244.73638125201478,122.96981409474067,True,179,44,d1,True,21,44,d1,d1,True
45,DNF,121.76656715727411,244.73638125201478,121.76656715727411,244.73638125201478,122.96981409474067,True,263,65,,,21,44,d1,d1,True
46,BFS,337.2129180115196,426.4243689226662,337.2129180115196,426.4243689226662,89.21145091114658,True,284,71,d1,True,55,69,d1,d1,True
46,DFS,337.2129180115196,426.4243689226662,337.2129180115196,426.4243689226662,89.21145091114658,True,223,55,d1,True,55,69,d1,d1,True
46,CheapestFirst,337.2129180115196,426.4243689226662,337.2129180115196,426.4243689226662,89.21145091114658,True,284,71,d1,True,55,69,d1,d1,True
46,DNF,337.2129180115196,426.4243689226662,337.2129180115196,426.4243689226662,89.21145091114658,True,499,124,,,55,69,d1,d1,True
47,BFS,162.77851979340025,271.8409468785638,162.77851979340025,271.8409468785638,109.06242708516353,True,188,47,d1,True,25,43,d1,d1,True
47,DFS,162.77851979340025,271.8409468785638,162.77851979340025,271.8409468785638,109.06242708516353,True,103,25,d1,True,25,43,d1,d1,True
47,CheapestFirst,162.77851979340025,271.8409468785638,162.77851979340025,271.8409468785638,109.06242708516353,True,188,47,d1,True,25,43,d1,d1,True
47,DNF,162.77851979340025,271.8409468785638,162.77851979340025,271.8409468785638,109.06242708516353,True,275,68,,,25,43,d1,d1,True
48,BFS,401.8304918690577,378.19018331861975,378.19018331861975,401.8304918690577,23.640308550437965,True,316,79,d2,True,75,69,d2,d2,True
48,DFS,401.8304918690577,378.19018331861975,378.19018331861975,401.8304918690577,23.640308550437965,True,303,75,d1,False,75,69,d2,d2,True
48,CheapestFirst,401.8304918690577,378.19018331861975,378.19018331861975,401.8304918690577,23.640308550437965,True,316,79,d2,True,75,69,d2,d2,True
48,DNF,401.8304918690577,378.19018331861975,378.19018331861975,401.8304918690577,23.640308550437965,True,579,144,,,75,69,d2,d2,True
49,BFS,563.5554383237354,191.70302467961363,191.70302467961363,563.5554383237354,371.8524136441218,True,279,69,d2,True,98,35,d2,d2,True
49,DFS,563.5554383237354,191.70302467961363,191.70302467961363,563.5554383237354,371.8524136441218,True,395,98,d1,False,98,35,d2,d2,True
49,CheapestFirst,563.5554383237354,191.70302467961363,191.70302467961363,563.5554383237354,371.8524136441218,True,267,66,d2,True,98,35,d2,d2,True
49,DNF,563.5554383237354,191.70302467961363,191.70302467961363,563.5554383237354,371.8524136441218,True,535,133,,,98,35,d2,d2,True
50,BFS,448.80996963208764,134.9811482421758,134.9811482421758,448.80996963208764,313.8288213899118,True,175,43,d2,True,76,22,d2,d2,True
50,DFS,448.80996963208764,134.9811482421758,134.9811482421758,448.80996963208764,313.8288213899118,True,307,76,d1,False,76,22,d2,d2,True
50,CheapestFirst,448.80996963208764,134.9811482421758,134.9811482421758,448.80996963208764,313.8288213899118,True,179,44,d2,True,76,22,d2,d2,True
50,DNF,448.80996963208764,134.9811482421758,134.9811482421758,448.80996963208764,313.8288213899118,True,395,98,,,76,22,d2,d2,True
51,BFS,425.692115459086,439.6443956887195,425.692115459086,439.6443956887195,13.952280229633516,True,324,81,d1,True,77,79,d1,d1,True
51,DFS,425.692115459086,439.6443956887195,425.692115459086,439.6443956887195,13.952280229633516,True,311,77,d1,True,77,79,d1,d1,True
51,CheapestFirst,425.692115459086,439.6443956887195,425.692115459086,439.6443956887195,13.952280229633516,True,324,81,d1,True,77,79,d1,d1,True
51,DNF,425.692115459086,439.6443956887195,425.692115459086,439.6443956887195,13.952280229633516,True,627,156,,,77,79,d1,d1,True
52,BFS,207.70171853833912,106.89268756256665,106.89268756256665,207.70171853833912,100.80903097577247,True,156,39,d2,True,37,22,d2,d2,True
52,DFS,207.70171853833912,106.89268756256665,106.89268756256665,207.70171853833912,100.80903097577247,True,151,37,d1,False,37,22,d2,d2,True
52,CheapestFirst,207.70171853833912,106.89268756256665,106.89268756256665,207.70171853833912,100.80903097577247,True,151,37,d2,True,37,22,d2,d2,True
52,DNF,207.70171853833912,106.89268756256665,106.89268756256665,207.70171853833912,100.80903097577247,True,239,59,,,37,22,d2,d2,True
53,BFS,310.6598597667546,178.85066710556046,178.85066710556046,310.6598597667546,131.80919266119415,True,236,59,d2,True,56,34,d2,d2,True
53,DFS,310.6598597667546,178.85066710556046,178.85066710556046,310.6598597667546,131.80919266119415,True,227,56,d1,False,56,34,d2,d2,True
53,CheapestFirst,310.6598597667546,178.85066710556046,178.85066710556046,310.6598597667546,131.80919266119415,True,236,59,d2,True,56,34,d2,d2,True
53,DNF,310.6598597667546,178.85066710556046,178.85066710556046,310.6598597667546,131.80919266119415,True,363,90,,,56,34,d2,d2,True
54,BFS,104.62368504109374,419.6768385192448,104.62368504109374,419.6768385192448,315.0531534781511,True,163,40,d1,True,20,83,d1,d1,True
54,DFS,104.62368504109374,419.6768385192448,104.62368504109374,419.6768385192448,315.0531534781511,True,83,20,d1,True,20,83,d1,d1,True
54,CheapestFirst,104.62368504109374,419.6768385192448,104.62368504109374,419.6768385192448,315.0531534781511,True,171,42,d1,True,20,83,d1,d1,True
54,DNF,104.62368504109374,419.6768385192448,104.62368504109374,419.6768385192448,315.0531534781511,True,415,103,,,20,83,d1,d1,True
55,BFS,275.38800367015205,40.938734864855434,40.938734864855434,275.38800367015205,234.4492688052966,True,63,15,d2,True,51,8,d2,d2,True
55,DFS,275.38800367015205,40.938734864855434,40.938734864855434,275.38800367015205,234.4492688052966,True,207,51,d1,False,51,8,d2,d2,True
55,CheapestFirst,275.38800367015205,40.938734864855434,40.938734864855434,275.38800367015205,234.4492688052966,True,59,14,d2,True,51,8,d2,d2,True
55,DNF,275.38800367015205,40.938734864855434,40.938734864855434,275.38800367015205,234.4492688052966,True,239,59,,,51,8,d2,d2,True
56,BFS,533.474000431071,499.5186996392744,499.5186996392744,533.474000431071,33.95530079179656,True,400,100,d2,True,97,92,d2,d2,True
56,DFS,533.474000431071,499.5186996392744,499.5186996392744,533.474000431071,33.95530079179656,True,391,97,d1,False,97,92,d2,d2,True
56,CheapestFirst,533.474000431071,499.5186996392744,499.5186996392744,533.474000431071,33.95530079179656,True,400,100,d2,True,97,92,d2,d2,True
56,DNF,533.474000431071,499.5186996392744,499.5186996392744,533.474000431071,33.95530079179656,True,759,189,,,97,92,d2,d2,True
57,BFS,12.567893484345245,372.7846663181762,12.567893484345245,372.7846663181762,360.216772833831,True,19,4,d1,True,2,62,d1,d1,True
57,DFS,12.567893484345245,372.7846663181762,12.567893484345245,372.7846663181762,360.216772833831,True,11,2,d1,True,2,62,d1,d1,True
57,CheapestFirst,12.567893484345245,372.7846663181762,12.567893484345245,372.7846663181762,360.216772833831,True,15,3,d1,True,2,62,d1,d1,True
57,DNF,12.567893484345245,372.7846663181762,12.567893484345245,372.7846663181762,360.216772833831,True,259,64,,,2,62,d1,d1,True
58,BFS,95.34110759851946,381.4678637766997,95.34110759851946,381.4678637766997,286.12675617818024,True,147,36,d1,True,18,66,d1,d1,True
58,DFS,95.34110759851946,381.4678637766997,95.34110759851946,381.4678637766997,286.12675617818024,True,75,18,d1,True,18,66,d1,d1,True
58,CheapestFirst,95.34110759851946,381.4678637766997,95.34110759851946,381.4678637766997,286.12675617818024,True,135,33,d1,True,18,66,d1,d1,True
58,DNF,95.34110759851946,381.4678637766997,95.34110759851946,381.4678637766997,286.12675617818024,True,343,85,,,18,66,d1,d1,True
59,BFS,511.1520554095286,519.6866091447529,511.1520554095286,519.6866091447529,8.534553735224279,True,396,99,d1,True,95,96,d1,d1,True
59,DFS,511.1520554095286,519.6866091447529,511.1520554095286,519.6866091447529,8.534553735224279,True,383,95,d1,True,95,96,d1,d1,True
59,CheapestFirst,511.1520554095286,519.6866091447529,511.1520554095286,519.6866091447529,8.534553735224279,True,396,99,d1,True,95,96,d1,d1,True
59,DNF,511.1520554095286,519.6866091447529,511.1520554095286,519.6866091447529,8.534553735224279,True,767,191,,,95,96,d1,d1,True
60,BFS,291.3431140652562,549.0327040652602,291.3431140652562,549.0327040652602,257.689590000004,True,408,102,d1,True,54,99,d1,d1,True
60,DFS,291.3431140652562,549.0327040652602,291.3431140652562,549.0327040652602,257.689590000004,True,219,54,d1,True,54,99,d1,d1,True
60,CheapestFirst,291.3431140652562,549.0327040652602,291.3431140652562,549.0327040652602,257.689590000004,True,408,102,d1,True,54,99,d1,d1,True
60,DNF,291.3431140652562,549.0327040652602,291.3431140652562,549.0327040652602,257.689590000004,True,615,153,,,54,99,d1,d1,True
61,BFS,49.91584245232697,540.4603847300722,49.91584245232697,540.4603847300722,490.5445422777452,True,91,22,d1,True,11,95,d1,d1,True
61,DFS,49.91584245232697,540.4603847300722,49.91584245232697,540.4603847300722,490.5445422777452,True,47,11,d1,True,11,95,d1,d1,True
61,CheapestFirst,49.91584245232697,540.4603847300722,49.91584245232697,540.4603847300722,490.5445422777452,True,75,18,d1,True,11,95,d1,d1,True
61,DNF,49.91584245232697,540.4603847300722,49.91584245232697,540.4603847300722,490.5445422777452,True,427,106,,,11,95,d1,d1,True
62,BFS,349.8253286959797,136.56816899242858,136.56816899242858,349.8253286959797,213.2571597035511,True,199,49,d2,True,67,25,d2,d2,True
62,DFS,349.8253286959797,136.56816899242858,136.56816899242858,349.8253286959797,213.2571597035511,True,271,67,d1,False,67,25,d2,d2,True
62,CheapestFirst,349.8253286959797,136.56816899242858,136.56816899242858,349.8253286959797,213.2571597035511,True,207,51,d2,True,67,25,d2,d2,True
62,DNF,349.8253286959797,136.56816899242858,136.56816899242858,349.8253286959797,213.2571597035511,True,371,92,,,67,25,d2,d2,True
63,BFS,517.3098228014951,47.959498438814315,47.959498438814315,517.3098228014951,469.3503243626808,True,63,15,d2,True,87,8,d2,d2,True
63,DFS,517.3098228014951,47.959498438814315,47.959498438814315,517.3098228014951,469.3503243626808,True,351,87,d1,False,87,8,d2,d2,True
63,CheapestFirst,517.3098228014951,47.959498438814315,47.959498438814315,517.3098228014951,469.3503243626808,True,63,15,d2,True,87,8,d2,d2,True
63,DNF,517.3098228014951,47.959498438814315,47.959498438814315,517.3098228014951,469.3503243626808,True,383,95,,,87,8,d2,d2,True
64,BFS,299.3573507104241,265.81184845288567,265.81184845288567,299.3573507104241,33.54550225753843,True,232,58,d2,True,56,50,d2,d2,True
64,DFS,299.3573507104241,265.81184845288567,265.81184845288567,299.3573507104241,33.54550225753843,True,227,56,d1,False,56,50,d2,d2,True
64,CheapestFirst,299.3573507104241,265.81184845288567,265.81184845288567,299.3573507104241,33.54550225753843,True,232,58,d2,True,56,50,d2,d2,True
64,DNF,299.3573507104241,265.81184845288567,265.81184845288567,299.3573507104241,33.54550225753843,True,427,106,,,56,50,d2,d2,True
65,BFS,157.4802185908352,146.22053368095754,146.22053368095754,157.4802185908352,11.259684909877649,True,108,27,d2,True,25,23,d2,d2,True
65,DFS,157.4802185908352,146.22053368095754,146.22053368095754,157.4802185908352,11.259684909877649,True,103,25,d1,False,25,23,d2,d2,True
65,CheapestFirst,157.4802185908352,146.22053368095754,146.22053368095754,157.4802185908352,11.259684909877649,True,108,27,d2,True,25,23,d2,d2,True
65,DNF,157.4802185908352,146.22053368095754,146.22053368095754,157.4802185908352,11.259684909877649,True,195,48,,,25,23,d2,d2,True
66,BFS,352.8791167451879,535.9504050697517,352.8791167451879,535.9504050697517,183.0712883245638,True,400,100,d1,True,63,97,d1,d1,True
66,DFS,352.8791167451879,535.9504050697517,352.8791167451879,535.9504050697517,183.0712883245638,True,255,63,d1,True,63,97,d1,d1,True
66,CheapestFirst,352.8791167451879,535.9504050697517,352.8791167451879,535.9504050697517,183.0712883245638,True,400,100,d1,True,63,97,d1,d1,True
66,DNF,352.8791167451879,535.9504050697517,352.8791167451879,535.9504050697517,183.0712883245638,True,643,160,,,63,97,d1,d1,True
67,BFS,139.3739594146944,187.58925006696575,139.3739594146944,187.58925006696575,48.215290652271335,True,144,36,d1,True,25,34,d1,d1,True
67,DFS,139.3739594146944,187.58925006696575,139.3739594146944,187.58925006696575,48.215290652271335,True,103,25,d1,True,25,34,d1,d1,True
67,CheapestFirst,139.3739594146944,187.58925006696575,139.3739594146944,187.58925006696575,48.215290652271335,True,144,36,d1,True,25,34,d1,d1,True
67,DNF,139.3739594146944,187.58925006696575,139.3739594146944,187.58925006696575,48.215290652271335,True,239,59,,,25,34,d1,d1,True
68,BFS,261.82714040951424,407.43545142770034,261.82714040951424,407.43545142770034,145.6083110181861,True,328,82,d1,True,50,80,d1,d1,True
68,DFS,261.82714040951424,407.43545142770034,261.82714040951424,407.43545142770034,145.6083110181861,True,203,50,d1,True,50,80,d1,d1,True
68,CheapestFirst,261.82714040951424,407.43545142770034,261.82714040951424,407.43545142770034,145.6083110181861,True,328,82,d1,True,50,80,d1,d1,True
68,DNF,261.82714040951424,407.43545142770034,261.82714040951424,407.43545142770034,145.6083110181861,True,523,130,,,50,80,d1,d1,True
69,BFS,160.7181504452232,82.48879364826344,82.48879364826344,160.7181504452232,78.22935679695975,True,132,33,d2,True,30,17,d2,d2,True
69,DFS,160.7181504452232,82.48879364826344,82.48879364826344,160.7181504452232,78.22935679695975,True,123,30,d1,False,30,17,d2,d2,True
69,CheapestFirst,160.7181504452232,82.48879364826344,82.48879364826344,160.7181504452232,78.22935679695975,True,123,30,d2,True,30,17,d2,d2,True
69,DNF,160.7181504452232,82.48879364826344,82.48879364826344,160.7181504452232,78.22935679695975,True,191,47,,,30,17,d2,d2,True
70,BFS,109.16370418026156,294.3356735020618,109.16370418026156,294.3356735020618,185.17196932180025,True,187,46,d1,True,23,55,d1,d1,True
70,DFS,109.16370418026156,294.3356735020618,109.16370418026156,294.3356735020618,185.17196932180025,True,95,23,d1,True,23,55,d1,d1,True
70,CheapestFirst,109.16370418026156,294.3356735020618,109.16370418026156,294.3356735020618,185.17196932180025,True,167,41,d1,True,23,55,d1,d1,True
70,DNF,109.16370418026156,294.3356735020618,109.16370418026156,294.3356735020618,185.17196932180025,True,315,78,,,23,55,d1,d1,True
71,BFS,311.39929735297227,98.64498826109985,98.64498826109985,311.39929735297227,212.75430909187241,True,119,29,d2,True,53,15,d2,d2,True
71,DFS,311.39929735297227,98.64498826109985,98.64498826109985,311.39929735297227,212.75430909187241,True,215,53,d1,False,53,15,d2,d2,True
71,CheapestFirst,311.39929735297227,98.64498826109985,98.64498826109985,311.39929735297227,212.75430909187241,True,135,33,d2,True,53,15,d2,d2,True
71,DNF,311.39929735297227,98.64498826109985,98.64498826109985,311.39929735297227,212.75430909187241,True,275,68,,,53,15,d2,d2,True
72,BFS,303.58862790792915,438.8931146501131,303.58862790792915,438.8931146501131,135.30448674218394,True,348,87,d1,True,59,83,d1,d1,True
72,DFS,303.58862790792915,438.8931146501131,303.58862790792915,438.8931146501131,135.30448674218394,True,239,59,d1,True,59,83,d1,d1,True
72,CheapestFirst,303.58862790792915,438.8931146501131,303.58862790792915,438.8931146501131,135.30448674218394,True,348,87,d1,True,59,83,d1,d1,True
72,DNF,303.58862790792915,438.8931146501131,303.58862790792915,438.8931146501131,135.30448674218394,True,571,142,,,59,83,d1,d1,True
73,BFS,18.965086205741976,294.72808507840165,18.965086205741976,294.72808507840165,275.7629988726597,True,35,8,d1,True,4,55,d1,d1,True
73,DFS,18.965086205741976,294.72808507840165,18.965086205741976,294.72808507840165,275.7629988726597,True,19,4,d1,True,4,55,d1,d1,True
73,CheapestFirst,18.965086205741976,294.72808507840165,18.965086205741976,294.72808507840165,275.7629988726597,True,27,6,d1,True,4,55,d1,d1,True
73,DNF,18.965086205741976,294.72808507840165,18.965086205741976,294.72808507840165,275.7629988726597,True,239,59,,,4,55,d1,d1,True
74,BFS,298.51157269380127,59.79998055439487,59.79998055439487,298.51157269380127,238.7115921394064,True,79,19,d2,True,51,10,d2,d2,True
74,DFS,298.51157269380127,59.79998055439487,59.79998055439487,298.51157269380127,238.7115921394064,True,207,51,d1,False,51,10,d2,d2,True
74,CheapestFirst,298.51157269380127,59.79998055439487,59.79998055439487,298.51157269380127,238.7115921394064,True,79,19,d2,True,51,10,d2,d2,True
74,DNF,298.51157269380127,59.79998055439487,59.79998055439487,298.51157269380127,238.7115921394064,True,247,61,,,51,10,d2,d2,True
75,BFS,409.70383354057435,356.3301844062307,356.3301844062307,409.70383354057435,53.37364913434362,True,300,75,d2,True,72,60,d2,d2,True
75,DFS,409.70383354057435,356.3301844062307,356.3301844062307,409.70383354057435,53.37364913434362,True,291,72,d1,False,72,60,d2,d2,True
75,CheapestFirst,409.70383354057435,356.3301844062307,356.3301844062307,409.70383354057435,53.37364913434362,True,300,75,d2,True,72,60,d2,d2,True
75,DNF,409.70383354057435,356.3301844062307,356.3301844062307,409.70383354057435,53.37364913434362,True,531,132,,,72,60,d2,d2,True
76,BFS,347.3895834076661,112.93205898190855,112.93205898190855,347.3895834076661,234.45752442575758,True,159,39,d2,True,62,20,d2,d2,True
76,DFS,347.3895834076661,112.93205898190855,112.93205898190855,347.3895834076661,234.45752442575758,True,251,62,d1,False,62,20,d2,d2,True
76,CheapestFirst,347.3895834076661,112.93205898190855,112.93205898190855,347.3895834076661,234.45752442575758,True,163,40,d2,True,62,20,d2,d2,True
76,DNF,347.3895834076661,112.93205898190855,112.93205898190855,347.3895834076661,234.45752442575758,True,331,82,,,62,20,d2,d2,True
77,BFS,181.0209951931477,530.8006381029269,181.0209951931477,530.8006381029269,349.77964290977917,True,259,64,d1,True,32,96,d1,d1,True
77,DFS,181.0209951931477,530.8006381029269,181.0209951931477,530.8006381029269,349.77964290977917,True,131,32,d1,True,32,96,d1,d1,True
77,CheapestFirst,181.0209951931477,530.8006381029269,181.0209951931477,530.8006381029269,349.77964290977917,True,255,63,d1,True,32,96,d1,d1,True
77,DNF,181.0209951931477,530.8006381029269,181.0209951931477,530.8006381029269,349.77964290977917,True,515,128,,,32,96,d1,d1,True
78,BFS,260.7169980987258,481.663708075309,260.7169980987258,481.663708075309,220.94670997658318,True,315,78,d1,True,39,79,d1,d1,True
78,DFS,260.7169980987258,481.663708075309,260.7169980987258,481.663708075309,220.94670997658318,True,159,39,d1,True,39,79,d1,d1,True
78,CheapestFirst,260.7169980987258,481.663708075309,260.7169980987258,481.663708075309,220.94670997658318,True,328,82,d1,True,39,79,d1,d1,True
78,DNF,260.7169980987258,481.663708075309,260.7169980987258,481.663708075309,220.94670997658318,True,475,118,,,39,79,d1,d1,True
79,BFS,519.2721467457986,458.30607508282617,458.30607508282617,519.2721467457986,60.96607166297247,True,380,95,d2,True,93,83,d2,d2,True
79,DFS,519.2721467457986,458.30607508282617,458.30607508282617,519.2721467457986,60.96607166297247,True,375,93,d1,False,93,83,d2,d2,True
79,CheapestFirst,519.2721467457986,458.30607508282617,458.30607508282617,519.2721467457986,60.96607166297247,True,380,95,d2,True,93,83,d2,d2,True
79,DNF,519.2721467457986,458.30607508282617,458.30607508282617,519.2721467457986,60.96607166297247,True,707,176,,,93,83,d2,d2,True
80,BFS,184.65913864799728,108.18531319859603,108.18531319859603,184.65913864799728,76.47382544940125,True,148,37,d2,True,34,21,d2,d2,True
80,DFS,184.65913864799728,108.18531319859603,108.18531319859603,184.65913864799728,76.47382544940125,True,139,34,d1,False,34,21,d2,d2,True
80,CheapestFirst,184.65913864799728,108.18531319859603,108.18531319859603,184.65913864799728,76.47382544940125,True,148,37,d2,True,34,21,d2,d2,True
80,DNF,184.65913864799728,108.18531319859603,108.18531319859603,184.65913864799728,76.47382544940125,True,223,55,,,34,21,d2,d2,True
81,BFS,157.05564964849262,422.37150794098045,157.05564964849262,422.37150794098045,265.31585829248786,True,219,54,d1,True,27,84,d1,d1,True
81,DFS,157.05564964849262,422.37150794098045,157.05564964849262,422.37150794098045,265.31585829248786,True,111,27,d1,True,27,84,d1,d1,True
81,CheapestFirst,157.05564964849262,422.37150794098045,157.05564964849262,422.37150794098045,265.31585829248786,True,239,59,d1,True,27,84,d1,d1,True
81,DNF,157.05564964849262,422.37150794098045,157.05564964849262,422.37150794098045,265.31585829248786,True,447,111,,,27,84,d1,d1,True
82,BFS,481.9189069370072,518.3754998217433,481.9189069370072,518.3754998217433,36.45659288473615,True,376,94,d1,True,85,92,d1,d1,True
82,DFS,481.9189069370072,518.3754998217433,481.9189069370072,518.3754998217433,36.45659288473615,True,343,85,d1,True,85,92,d1,d1,True
82,CheapestFirst,481.9189069370072,518.3754998217433,481.9189069370072,518.3754998217433,36.45659288473615,True,376,94,d1,True,85,92,d1,d1,True
82,DNF,481.9189069370072,518.3754998217433,481.9189069370072,518.3754998217433,36.45659288473615,True,711,177,,,85,92,d1,d1,True
83,BFS,56.62712323358339,568.2757291071443,56.62712323358339,568.2757291071443,511.64860587356094,True,91,22,d1,True,11,98,d1,d1,True
83,DFS,56.62712323358339,568.2757291071443,56.62712323358339,568.2757291071443,511.64860587356094,True,47,11,d1,True,11,98,d1,d1,True
83,CheapestFirst,56.62712323358339,568.2757291071443,56.62712323358339,568.2757291071443,511.64860587356094,True,79,19,d1,True,11,98,d1,d1,True
83,DNF,56.62712323358339,568.2757291071443,56.62712323358339,568.2757291071443,511.64860587356094,True,439,109,,,11,98,d1,d1,True
84,BFS,135.8380333049061,415.90102370051187,135.8380333049061,415.90102370051187,280.06299039560577,True,219,54,d1,True,27,80,d1,d1,True
84,DFS,135.8380333049061,415.90102370051187,135.8380333049061,415.90102370051187,280.06299039560577,True,111,27,d1,True,27,80,d1,d1,True
84,CheapestFirst,135.8380333049061,415.90102370051187,135.8380333049061,415.90102370051187,280.06299039560577,True,199,49,d1,True,27,80,d1,d1,True
84,DNF,135.8380333049061,415.90102370051187,135.8380333049061,415.90102370051187,280.06299039560577,True,431,107,,,27,80,d1,d1,True
85,BFS,234.6741855953584,395.8272105115599,234.6741855953584,395.8272105115599,161.15302491620147,True,316,79,d1,True,47,76,d1,d1,True
85,DFS,234.6741855953584,395.8272105115599,234.6741855953584,395.8272105115599,161.15302491620147,True,191,47,d1,True,47,76,d1,d1,True
85,CheapestFirst,234.6741855953584,395.8272105115599,234.6741855953584,395.8272105115599,161.15302491620147,True,316,79,d1,True,47,76,d1,d1,True
85,DNF,234.6741855953584,395.8272105115599,234.6741855953584,395.8272105115599,161.15302491620147,True,495,123,,,47,76,d1,d1,True
86,BFS,424.78380208256215,471.55737933461324,424.78380208256215,471.55737933461324,46.7735772520511,True,340,85,d1,True,74,82,d1,d1,True
86,DFS,424.78380208256215,471.55737933461324,424.78380208256215,471.55737933461324,46.7735772520511,True,299,74,d1,True,74,82,d1,d1,True
86,CheapestFirst,424.78380208256215,471.55737933461324,424.78380208256215,471.55737933461324,46.7735772520511,True,340,85,d1,True,74,82,d1,d1,True
86,DNF,424.78380208256215,471.55737933461324,424.78380208256215,471.55737933461324,46.7735772520511,True,627,156,,,74,82,d1,d1,True
87,BFS,220.57940082527446,491.0610249487841,220.57940082527446,491.0610249487841,270.4816241235096,True,331,82,d1,True,41,93,d1,d1,True
87,DFS,220.57940082527446,491.0610249487841,220.57940082527446,491.0610249487841,270.4816241235096,True,167,41,d1,True,41,93,d1,d1,True
87,CheapestFirst,220.57940082527446,491.0610249487841,220.57940082527446,491.0610249487841,270.4816241235096,True,335,83,d1,True,41,93,d1,d1,True
87,DNF,220.57940082527446,491.0610249487841,220.57940082527446,491.0610249487841,270.4816241235096,True,539,134,,,41,93,d1,d1,True
88,BFS,195.59788460285282,405.3031202525369,195.59788460285282,405.3031202525369,209.7052356496841,True,275,68,d1,True,34,73,d1,d1,True
88,DFS,195.59788460285282,405.3031202525369,195.59788460285282,405.3031202525369,209.7052356496841,True,139,34,d1,True,34,73,d1,d1,True
88,CheapestFirst,195.59788460285282,405.3031202525369,195.59788460285282,405.3031202525369,209.7052356496841,True,283,70,d1,True,34,73,d1,d1,True
88,DNF,195.59788460285282,405.3031202525369,195.59788460285282,405.3031202525369,209.7052356496841,True,431,107,,,34,73,d1,d1,True
89,BFS,414.90006850095375,579.7975563140506,414.90006850095375,579.7975563140506,164.8974878130968,True,408,102,d1,True,71,99,d1,d1,True
89,DFS,414.90006850095375,579.7975563140506,414.90006850095375,579.7975563140506,164.8974878130968,True,287,71,d1,True,71,99,d1,d1,True
89,CheapestFirst,414.90006850095375,579.7975563140506,414.90006850095375,579.7975563140506,164.8974878130968,True,408,102,d1,True,71,99,d1,d1,True
89,DNF,414.90006850095375,579.7975563140506,414.90006850095375,579.7975563140506,164.8974878130968,True,683,170,,,71,99,d1,d1,True
90,BFS,522.2156485812749,340.6639214176726,340.6639214176726,522.2156485812749,181.55172716360227,True,372,93,d2,True,89,61,d2,d2,True
90,DFS,522.2156485812749,340.6639214176726,340.6639214176726,522.2156485812749,181.55172716360227,True,359,89,d1,False,89,61,d2,d2,True
90,CheapestFirst,522.2156485812749,340.6639214176726,340.6639214176726,522.2156485812749,181.55172716360227,True,372,93,d2,True,89,61,d2,d2,True
90,DNF,522.2156485812749,340.6639214176726,340.6639214176726,522.2156485812749,181.55172716360227,True,603,150,,,89,61,d2,d2,True
91,BFS,457.03742019183375,420.8511416032609,420.8511416032609,457.03742019183375,36.18627858857286,True,308,77,d2,True,74,69,d2,d2,True
91,DFS,457.03742019183375,420.8511416032609,420.8511416032609,457.03742019183375,36.18627858857286,True,299,74,d1,False,74,69,d2,d2,True
91,CheapestFirst,457.03742019183375,420.8511416032609,420.8511416032609,457.03742019183375,36.18627858857286,True,308,77,d2,True,74,69,d2,d2,True
91,DNF,457.03742019183375,420.8511416032609,420.8511416032609,457.03742019183375,36.18627858857286,True,575,143,,,74,69,d2,d2,True
92,BFS,216.86667269487336,345.8671415222551,216.86667269487336,345.8671415222551,129.00046882738175,True,292,73,d1,True,44,71,d1,d1,True
92,DFS,216.86667269487336,345.8671415222551,216.86667269487336,345.8671415222551,129.00046882738175,True,179,44,d1,True,44,71,d1,d1,True
92,CheapestFirst,216.86667269487336,345.8671415222551,216.86667269487336,345.8671415222551,129.00046882738175,True,292,73,d1,True,44,71,d1,d1,True
92,DNF,216.86667269487336,345.8671415222551,216.86667269487336,345.8671415222551,129.00046882738175,True,463,115,,,44,71,d1,d1,True
93,BFS,449.24556156810326,314.1142517896918,314.1142517896918,449.24556156810326,135.13130977841143,True,332,83,d2,True,80,56,d2,d2,True
93,DFS,449.24556156810326,314.1142517896918,314.1142517896918,449.24556156810326,135.13130977841143,True,323,80,d1,False,80,56,d2,d2,True
93,CheapestFirst,449.24556156810326,314.1142517896918,314.1142517896918,449.24556156810326,135.13130977841143,True,332,83,d2,True,80,56,d2,d2,True
93,DNF,449.24556156810326,314.1142517896918,314.1142517896918,449.24556156810326,135.13130977841143,True,547,136,,,80,56,d2,d2,True
94,BFS,262.64352614739084,425.7444047161901,262.64352614739084,425.7444047161901,163.10087856879926,True,332,83,d1,True,48,79,d1,d1,True
94,DFS,262.64352614739084,425.7444047161901,262.64352614739084,425.7444047161901,163.10087856879926,True,195,48,d1,True,48,79,d1,d1,True
94,CheapestFirst,262.64352614739084,425.7444047161901,262.64352614739084,425.7444047161901,163.10087856879926,True,332,83,d1,True,48,79,d1,d1,True
94,DNF,262.64352614739084,425.7444047161901,262.64352614739084,425.7444047161901,163.10087856879926,True,511,127,,,48,79,d1,d1,True
95,BFS,176.3064448671558,246.90845855397214,176.3064448671558,246.90845855397214,70.60201368681635,True,196,49,d1,True,33,46,d1,d1,True
95,DFS,176.3064448671558,246.90845855397214,176.3064448671558,246.90845855397214,70.60201368681635,True,135,33,d1,True,33,46,d1,d1,True
95,CheapestFirst,176.3064448671558,246.90845855397214,176.3064448671558,246.90845855397214,70.60201368681635,True,196,49,d1,True,33,46,d1,d1,True
95,DNF,176.3064448671558,246.90845855397214,176.3064448671558,246.90845855397214,70.60201368681635,True,319,79,,,33,46,d1,d1,True
96,BFS,472.30128552160664,116.67795832755672,116.67795832755672,472.30128552160664,355.6233271940499,True,183,45,d2,True,83,23,d2,d2,True
96,DFS,472.30128552160664,116.67795832755672,116.67795832755672,472.30128552160664,355.6233271940499,True,335,83,d1,False,83,23,d2,d2,True
96,CheapestFirst,472.30128552160664,116.67795832755672,116.67795832755672,472.30128552160664,355.6233271940499,True,171,42,d2,True,83,23,d2,d2,True
96,DNF,472.30128552160664,116.67795832755672,116.67795832755672,472.30128552160664,355.6233271940499,True,427,106,,,83,23,d2,d2,True
97,BFS,455.8712601151629,304.2469390692028,304.2469390692028,455.8712601151629,151.62432104596007,True,336,84,d2,True,82,52,d2,d2,True
97,DFS,455.8712601151629,304.2469390692028,304.2469390692028,455.8712601151629,151.62432104596007,True,331,82,d1,False,82,52,d2,d2,True
97,CheapestFirst,455.8712601151629,304.2469390692028,304.2469390692028,455.8712601151629,151.62432104596007,True,336,84,d2,True,82,52,d2,d2,True
97,DNF,455.8712601151629,304.2469390692028,304.2469390692028,455.8712601151629,151.62432104596007,True,539,134,,,82,52,d2,d2,True
98,BFS,115.03807260175654,70.86717169406491,70.86717169406491,115.03807260175654,44.17090090769163,True,100,25,d2,True,21,13,d2,d2,True
98,DFS,115.03807260175654,70.86717169406491,70.86717169406491,115.03807260175654,44.17090090769163,True,87,21,d1,False,21,13,d2,d2,True
98,CheapestFirst,115.03807260175654,70.86717169406491,70.86717169406491,115.03807260175654,44.17090090769163,True,100,25,d2,True,21,13,d2,d2,True
98,DNF,115.03807260175654,70.86717169406491,70.86717169406491,115.03807260175654,44.17090090769163,True,139,34,,,21,13,d2,d2,True
99,BFS,392.3252297824001,90.24608948270281,90.24608948270281,392.3252297824001,302.07914029969726,True,127,31,d2,True,71,16,d2,d2,True
99,DFS,392.3252297824001,90.24608948270281,90.24608948270281,392.3252297824001,302.07914029969726,True,287,71,d1,False,71,16,d2,d2,True
99,CheapestFirst,392.3252297824001,90.24608948270281,90.24608948270281,392.3252297824001,302.07914029969726,True,135,33,d2,True,71,16,d2,d2,True
99,DNF,392.3252297824001,90.24608948270281,90.24608948270281,392.3252297824001,302.07914029969726,True,351,87,,,71,16,d2,d2,True
100,BFS,77.9352933073535,476.30759746134925,77.9352933073535,476.30759746134925,398.37230415399574,True,99,24,d1,True,12,85,d1,d1,True
100,DFS,77.9352933073535,476.30759746134925,77.9352933073535,476.30759746134925,398.37230415399574,True,51,12,d1,True,12,85,d1,d1,True
100,CheapestFirst,77.9352933073535,476.30759746134925,77.9352933073535,476.30759746134925,398.37230415399574,True,99,24,d1,True,12,85,d1,d1,True
100,DNF,77.9352933073535,476.30759746134925,77.9352933073535,476.30759746134925,398.37230415399574,True,391,97,,,12,85,d1,d1,True
101,BFS,279.6816757148473,2.2250698631690287,2.2250698631690287,279.6816757148473,277.45660585167826,True,11,2,d2,True,57,1,d2,d2,True
101,DFS,279.6816757148473,2.2250698631690287,2.2250698631690287,279.6816757148473,277.45660585167826,True,231,57,d1,False,57,1,d2,d2,True
101,CheapestFirst,279.6816757148473,2.2250698631690287,2.2250698631690287,279.6816757148473,277.45660585167826,True,11,2,d2,True,57,1,d2,d2,True
101,DNF,279.6816757148473,2.2250698631690287,2.2250698631690287,279.6816757148473,277.45660585167826,True,235,58,,,57,1,d2,d2,True
102,BFS,373.1118124029584,446.65420272781546,373.1118124029584,446.65420272781546,73.54239032485708,True,304,76,d1,True,62,74,d1,d1,True
102,DFS,373.1118124029584,446.65420272781546,373.1118124029584,446.65420272781546,73.54239032485708,True,251,62,d1,True,62,74,d1,d1,True
102,CheapestFirst,373.1118124029584,446.65420272781546,373.1118124029584,446.65420272781546,73.54239032485708,True,304,76,d1,True,62,74,d1,d1,True
102,DNF,373.1118124029584,446.65420272781546,373.1118124029584,446.65420272781546,73.54239032485708,True,547,136,,,62,74,d1,d1,True
103,BFS,485.0428676764147,7.5978040644993055,7.5978040644993055,485.0428676764147,477.4450636119154,True,15,3,d2,True,89,2,d2,d2,True
103,DFS,485.0428676764147,7.5978040644993055,7.5978040644993055,485.0428676764147,477.4450636119154,True,359,89,d1,False,89,2,d2,d2,True
103,CheapestFirst,485.0428676764147,7.5978040644993055,7.5978040644993055,485.0428676764147,477.4450636119154,True,15,3,d2,True,89,2,d2,d2,True
103,DNF,485.0428676764147,7.5978040644993055,7.5978040644993055,485.0428676764147,477.4450636119154,True,367,91,,,89,2,d2,d2,True
104,BFS,496.1312836225121,530.6137470847373,496.1312836225121,530.6137470847373,34.482463462225155,True,412,103,d1,True,93,100,d1,d1,True
104,DFS,496.1312836225121,530.6137470847373,496.1312836225121,530.6137470847373,34.482463462225155,True,375,93,d1,True,93,100,d1,d1,True
104,CheapestFirst,496.1312836225121,530.6137470847373,496.1312836225121,530.6137470847373,34.482463462225155,True,412,103,d1,True,93,100,d1,d1,True
104,DNF,496.1312836225121,530.6137470847373,496.1312836225121,530.6137470847373,34.482463462225155,True,775,193,,,93,100,d1,d1,True
105,BFS,22.799809092440206,503.28685872143484,22.799809092440206,503.28685872143484,480.4870496289946,True,35,8,d1,True,4,92,d1,d1,True
105,DFS,22.799809092440206,503.28685872143484,22.799809092440206,503.28685872143484,480.4870496289946,True,19,4,d1,True,4,92,d1,d1,True
105,CheapestFirst,22.799809092440206,503.28685872143484,22.799809092440206,503.28685872143484,480.4870496289946,True,31,7,d1,True,4,92,d1,d1,True
105,DNF,22.799809092440206,503.28685872143484,22.799809092440206,503.28685872143484,480.4870496289946,True,387,96,,,4,92,d1,d1,True
106,BFS,90.6149834647689,12.61743709372893,12.61743709372893,90.6149834647689,77.99754637103997,True,23,5,d2,True,14,3,d2,d2,True
106,DFS,90.6149834647689,12.61743709372893,12.61743709372893,90.6149834647689,77.99754637103997,True,59,14,d1,False,14,3,d2,d2,True
106,CheapestFirst,90.6149834647689,12.61743709372893,12.61743709372893,90.6149834647689,77.99754637103997,True,23,5,d2,True,14,3,d2,d2,True
106,DNF,90.6149834647689,12.61743709372893,12.61743709372893,90.6149834647689,77.99754637103997,True,71,17,,,14,3,d2,d2,True
107,BFS,292.9167089217288,531.1744562273043,292.9167089217288,531.1744562273043,238.2577473055755,True,403,100,d1,True,50,99,d1,d1,True
107,DFS,292.9167089217288,531.1744562273043,292.9167089217288,531.1744562273043,238.2577473055755,True,203,50,d1,True,50,99,d1,d1,True
107,CheapestFirst,292.9167089217288,531.1744562273043,292.9167089217288,531.1744562273043,238.2577473055755,True,408,102,d1,True,50,99,d1,d1,True
107,DNF,292.9167089217288,531.1744562273043,292.9167089217288,531.1744562273043,238.2577473055755,True,599,149,,,50,99,d1,d1,True
108,BFS,449.5247353913314,274.65639619077604,274.65639619077604,449.5247353913314,174.86833920055534,True,348,87,d2,True,84,50,d2,d2,True
108,DFS,449.5247353913314,274.65639619077604,274.65639619077604,449.5247353913314,174.86833920055534,True,339,84,d1,False,84,50,d2,d2,True
108,CheapestFirst,449.5247353913314,274.65639619077604,274.65639619077604,449.5247353913314,174.86833920055534,True,348,87,d2,True,84,50,d2,d2,True
108,DNF,449.5247353913314,274.65639619077604,274.65639619077604,449.5247353913314,174.86833920055534,True,539,134,,,84,50,d2,d2,True
109,BFS,178.15649375312125,429.6475001643897,178.15649375312125,429.6475001643897,251.49100641126847,True,291,72,d1,True,36,84,d1,d1,True
109,DFS,178.15649375312125,429.6475001643897,178.15649375312125,429.6475001643897,251.49100641126847,True,147,36,d1,True,36,84,d1,d1,True
109,CheapestFirst,178.15649375312125,429.6475001643897,178.15649375312125,429.6475001643897,251.49100641126847,True,287,71,d1,True,36,84,d1,d1,True
109,DNF,178.15649375312125,429.6475001643897,178.15649375312125,429.6475001643897,251.49100641126847,True,483,120,,,36,84,d1,d1,True
110,BFS,258.76215231240354,59.96836716112088,59.96836716112088,258.76215231240354,198.79378515128266,True,87,21,d2,True,47,11,d2,d2,True
110,DFS,258.76215231240354,59.96836716112088,59.96836716112088,258.76215231240354,198.79378515128266,True,191,47,d1,False,47,11,d2,d2,True
110,CheapestFirst,258.76215231240354,59.96836716112088,59.96836716112088,258.76215231240354,198.79378515128266,True,91,22,d2,True,47,11,d2,d2,True
110,DNF,258.76215231240354,59.96836716112088,59.96836716112088,258.76215231240354,198.79378515128266,True,235,58,,,47,11,d2,d2,True
111,BFS,92.32177150798387,47.311236301104884,47.311236301104884,92.32177150798387,45.010535206878984,True,63,15,d2,True,14,8,d2,d2,True
111,DFS,92.32177150798387,47.311236301104884,47.311236301104884,92.32177150798387,45.010535206878984,True,59,14,d1,False,14,8,d2,d2,True
111,CheapestFirst,92.32177150798387,47.311236301104884,47.311236301104884,92.32177150798387,45.010535206878984,True,59,14,d2,True,14,8,d2,d2,True
111,DNF,92.32177150798387,47.311236301104884,47.311236301104884,92.32177150798387,45.010535206878984,True,91,22,,,14,8,d2,d2,True
112,BFS,277.7511465500639,269.0415366380956,269.0415366380956,277.7511465500639,8.7096099119683,True,232,58,d2,True,56,54,d2,d2,True
112,DFS,277.7511465500639,269.0415366380956,269.0415366380956,277.7511465500639,8.7096099119683,True,227,56,d1,False,56,54,d2,d2,True
112,CheapestFirst,277.7511465500639,269.0415366380956,269.0415366380956,277.7511465500639,8.7096099119683,True,232,58,d2,True,56,54,d2,d2,True
112,DNF,277.7511465500639,269.0415366380956,269.0415366380956,277.7511465500639,8.7096099119683,True,443,110,,,56,54,d2,d2,True
113,BFS,408.4598434907908,34.56049751982107,34.56049751982107,408.4598434907908,373.8993459709697,True,47,11,d2,True,73,6,d2,d2,True
113,DFS,408.4598434907908,34.56049751982107,34.56049751982107,408.4598434907908,373.8993459709697,True,295,73,d1,False,73,6,d2,d2,True
113,CheapestFirst,408.4598434907908,34.56049751982107,34.56049751982107,408.4598434907908,373.8993459709697,True,47,11,d2,True,73,6,d2,d2,True
113,DNF,408.4598434907908,34.56049751982107,34.56049751982107,408.4598434907908,373.8993459709697,True,319,79,,,73,6,d2,d2,True
114,BFS,132.02291834324933,282.32135348348123,132.02291834324933,282.32135348348123,150.2984351402319,True,203,50,d1,True,25,51,d1,d1,True
114,DFS,132.02291834324933,282.32135348348123,132.02291834324933,282.32135348348123,150.2984351402319,True,103,25,d1,True,25,51,d1,d1,True
114,CheapestFirst,132.02291834324933,282.32135348348123,132.02291834324933,282.32135348348123,150.2984351402319,True,195,48,d1,True,25,51,d1,d1,True
114,DNF,132.02291834324933,282.32135348348123,132.02291834324933,282.32135348348123,150.2984351402319,True,307,76,,,25,51,d1,d1,True
115,BFS,509.5125435619196,263.86196666650017,263.86196666650017,509.5125435619196,245.65057689541942,True,407,101,d2,True,99,51,d2,d2,True
115,DFS,509.5125435619196,263.86196666650017,263.86196666650017,509.5125435619196,245.65057689541942,True,399,99,d1,False,99,51,d2,d2,True
115,CheapestFirst,509.5125435619196,263.86196666650017,263.86196666650017,509.5125435619196,245.65057689541942,True,407,101,d2,True,99,51,d2,d2,True
115,DNF,509.5125435619196,263.86196666650017,263.86196666650017,509.5125435619196,245.65057689541942,True,603,150,,,99,51,d2,d2,True
116,BFS,58.835364086809776,272.49186647334767,58.835364086809776,272.49186647334767,213.6565023865379,True,91,22,d1,True,11,48,d1,d1,True
116,DFS,58.835364086809776,272.49186647334767,58.835364086809776,272.49186647334767,213.6565023865379,True,47,11,d1,True,11,48,d1,d1,True
116,CheapestFirst,58.835364086809776,272.49186647334767,58.835364086809776,272.49186647334767,213.6565023865379,True,83,20,d1,True,11,48,d1,d1,True
116,DNF,58.835364086809776,272.49186647334767,58.835364086809776,272.49186647334767,213.6565023865379,True,239,59,,,11,48,d1,d1,True
117,BFS,276.6093963597594,39.0618779339265,39.0618779339265,276.6093963597594,237.5475184258329,True,55,13,d2,True,47,7,d2,d2,True
117,DFS,276.6093963597594,39.0618779339265,39.0618779339265,276.6093963597594,237.5475184258329,True,191,47,d1,False,47,7,d2,d2,True
117,CheapestFirst,276.6093963597594,39.0618779339265,39.0618779339265,276.6093963597594,237.5475184258329,True,55,13,d2,True,47,7,d2,d2,True
117,DNF,276.6093963597594,39.0618779339265,39.0618779339265,276.6093963597594,237.5475184258329,True,219,54,,,47,7,d2,d2,True
118,BFS,379.64975813583567,322.7650432024249,322.7650432024249,379.64975813583567,56.88471493341075,True,292,73,d2,True,71,62,d2,d2,True
118,DFS,379.64975813583567,322.7650432024249,322.7650432024249,379.64975813583567,56.88471493341075,True,287,71,d1,False,71,62,d2,d2,True
118,CheapestFirst,379.64975813583567,322.7650432024249,322.7650432024249,379.64975813583567,56.88471493341075,True,292,73,d2,True,71,62,d2,d2,True
118,DNF,379.64975813583567,322.7650432024249,322.7650432024249,379.64975813583567,56.88471493341075,True,535,133,,,71,62,d2,d2,True
119,BFS,445.01796802380755,385.0394983248843,385.0394983248843,445.01796802380755,59.97846969892328,True,336,84,d2,True,81,68,d2,d2,True
119,DFS,445.01796802380755,385.0394983248843,385.0394983248843,445.01796802380755,59.97846969892328,True,327,81,d1,False,81,68,d2,d2,True
119,CheapestFirst,445.01796802380755,385.0394983248843,385.0394983248843,445.01796802380755,59.97846969892328,True,336,84,d2,True,81,68,d2,d2,True
119,DNF,445.01796802380755,385.0394983248843,385.0394983248843,445.01796802380755,59.97846969892328,True,599,149,,,81,68,d2,d2,True
120,BFS,17.272930971160637,536.7507988012915,17.272930971160637,536.7507988012915,519.4778678301308,True,27,6,d1,True,3,93,d1,d1,True
120,DFS,17.272930971160637,536.7507988012915,17.272930971160637,536.7507988012915,519.4778678301308,True,15,3,d1,True,3,93,d1,d1,True
120,CheapestFirst,17.272930971160637,536.7507988012915,17.272930971160637,536.7507988012915,519.4778678301308,True,23,5,d1,True,3,93,d1,d1,True
120,DNF,17.272930971160637,536.7507988012915,17.272930971160637,536.7507988012915,519.4778678301308,True,387,96,,,3,93,d1,d1,True
121,BFS,445.45401640017764,504.5710241573532,445.45401640017764,504.5710241573532,59.11700775717554,True,396,99,d1,True,84,96,d1,d1,True
121,DFS,445.45401640017764,504.5710241573532,445.45401640017764,504.5710241573532,59.11700775717554,True,339,84,d1,True,84,96,d1,d1,True
121,CheapestFirst,445.45401640017764,504.5710241573532,445.45401640017764,504.5710241573532,59.11700775717554,True,396,99,d1,True,84,96,d1,d1,True
121,DNF,445.45401640017764,504.5710241573532,445.45401640017764,504.5710241573532,59.11700775717554,True,723,180,,,84,96,d1,d1,True
122,BFS,364.8360416406373,68.67531348253816,68.67531348253816,364.8360416406373,296.1607281580991,True,87,21,d2,True,68,11,d2,d2,True
122,DFS,364.8360416406373,68.67531348253816,68.67531348253816,364.8360416406373,296.1607281580991,True,275,68,d1,False,68,11,d2,d2,True
122,CheapestFirst,364.8360416406373,68.67531348253816,68.67531348253816,364.8360416406373,296.1607281580991,True,99,24,d2,True,68,11,d2,d2,True
122,DNF,364.8360416406373,68.67531348253816,68.67531348253816,364.8360416406373,296.1607281580991,True,319,79,,,68,11,d2,d2,True
123,BFS,563.9878165994788,521.460477713519,521.460477713519,563.9878165994788,42.52733888595981,True,412,103,d2,True,99,92,d2,d2,True
123,DFS,563.9878165994788,521.460477713519,521.460477713519,563.9878165994788,42.52733888595981,True,399,99,d1,False,99,92,d2,d2,True
123,CheapestFirst,563.9878165994788,521.460477713519,521.460477713519,563.9878165994788,42.52733888595981,True,412,103,d2,True,99,92,d2,d2,True
123,DNF,563.9878165994788,521.460477713519,521.460477713519,563.9878165994788,42.52733888595981,True,767,191,,,99,92,d2,d2,True
124,BFS,250.13598291369254,484.86404752446293,250.13598291369254,484.86404752446293,234.7280646107704,True,331,82,d1,True,41,82,d1,d1,True
124,DFS,250.13598291369254,484.86404752446293,250.13598291369254,484.86404752446293,234.7280646107704,True,167,41,d1,True,41,82,d1,d1,True
124,CheapestFirst,250.13598291369254,484.86404752446293,250.13598291369254,484.86404752446293,234.7280646107704,True,335,83,d1,True,41,82,d1,d1,True
124,DNF,250.13598291369254,484.86404752446293,250.13598291369254,484.86404752446293,234.7280646107704,True,495,123,,,41,82,d1,d1,True
125,BFS,338.99126787083696,397.288421751086,338.99126787083696,397.288421751086,58.29715388024903,True,304,76,d1,True,63,74,d1,d1,True
125,DFS,338.99126787083696,397.288421751086,338.99126787083696,397.288421751086,58.29715388024903,True,255,63,d1,True,63,74,d1,d1,True
125,CheapestFirst,338.99126787083696,397.288421751086,338.99126787083696,397.288421751086,58.29715388024903,True,304,76,d1,True,63,74,d1,d1,True
125,DNF,338.99126787083696,397.288421751086,338.99126787083696,397.288421751086,58.29715388024903,True,551,137,,,63,74,d1,d1,True
126,BFS,213.24277736308096,392.4544498028351,213.24277736308096,392.4544498028351,179.21167243975412,True,304,76,d1,True,38,74,d1,d1,True
126,DFS,213.24277736308096,392.4544498028351,213.24277736308096,392.4544498028351,179.21167243975412,True,155,38,d1,True,38,74,d1,d1,True
126,CheapestFirst,213.24277736308096,392.4544498028351,213.24277736308096,392.4544498028351,179.21167243975412,True,304,76,d1,True,38,74,d1,d1,True
126,DNF,213.24277736308096,392.4544498028351,213.24277736308096,392.4544498028351,179.21167243975412,True,451,112,,,38,74,d1,d1,True
127,BFS,277.6859784713045,126.88413580776212,126.88413580776212,277.6859784713045,150.8018426635424,True,199,49,d2,True,54,25,d2,d2,True
127,DFS,277.6859784713045,126.88413580776212,126.88413580776212,277.6859784713045,150.8018426635424,True,219,54,d1,False,54,25,d2,d2,True
127,CheapestFirst,277.6859784713045,126.88413580776212,126.88413580776212,277.6859784713045,150.8018426635424,True,199,49,d2,True,54,25,d2,d2,True
127,DNF,277.6859784713045,126.88413580776212,126.88413580776212,277.6859784713045,150.8018426635424,True,319,79,,,54,25,d2,d2,True
128,BFS,524.3622941043221,260.44276774229724,260.44276774229724,524.3622941043221,263.9195263620249,True,384,96,d2,True,95,49,d2,d2,True
128,DFS,524.3622941043221,260.44276774229724,260.44276774229724,524.3622941043221,263.9195263620249,True,383,95,d1,False,95,49,d2,d2,True
128,CheapestFirst,524.3622941043221,260.44276774229724,260.44276774229724,524.3622941043221,263.9195263620249,True,379,94,d2,True,95,49,d2,d2,True
128,DNF,524.3622941043221,260.44276774229724,260.44276774229724,524.3622941043221,263.9195263620249,True,579,144,,,95,49,d2,d2,True
129,BFS,74.71546734503302,8.429991238544837,8.429991238544837,74.71546734503302,66.28547610648818,True,11,2,d2,True,11,1,d2,d2,True
129,DFS,74.71546734503302,8.429991238544837,8.429991238544837,74.71546734503302,66.28547610648818,True,47,11,d1,False,11,1,d2,d2,True
129,CheapestFirst,74.71546734503302,8.429991238544837,8.429991238544837,74.71546734503302,66.28547610648818,True,11,2,d2,True,11,1,d2,d2,True
129,DNF,74.71546734503302,8.429991238544837,8.429991238544837,74.71546734503302,66.28547610648818,True,51,12,,,11,1,d2,d2,True
130,BFS,22.165394614760956,507.4124480148529,22.165394614760956,507.4124480148529,485.24705340009194,True,43,10,d1,True,5,92,d1,d1,True
130,DFS,22.165394614760956,507.4124480148529,22.165394614760956,507.4124480148529,485.24705340009194,True,23,5,d1,True,5,92,d1,d1,True
130,CheapestFirst,22.165394614760956,507.4124480148529,22.165394614760956,507.4124480148529,485.24705340009194,True,35,8,d1,True,5,92,d1,d1,True
130,DNF,22.165394614760956,507.4124480148529,22.165394614760956,507.4124480148529,485.24705340009194,True,391,97,,,5,92,d1,d1,True
131,BFS,317.5991774072093,288.2622567292599,288.2622567292599,317.5991774072093,29.336920677949422,True,252,63,d2,True,59,54,d2,d2,True
131,DFS,317.5991774072093,288.2622567292599,288.2622567292599,317.5991774072093,29.336920677949422,True,239,59,d1,False,59,54,d2,d2,True
131,CheapestFirst,317.5991774072093,288.2622567292599,288.2622567292599,317.5991774072093,29.336920677949422,True,252,63,d2,True,59,54,d2,d2,True
131,DNF,317.5991774072093,288.2622567292599,288.2622567292599,317.5991774072093,29.336920677949422,True,455,113,,,59,54,d2,d2,True
132,BFS,243.58621377088673,459.8958413312279,243.58621377088673,459.8958413312279,216.3096275603412,True,376,94,d1,True,48,92,d1,d1,True
132,DFS,243.58621377088673,459.8958413312279,243.58621377088673,459.8958413312279,216.3096275603412,True,195,48,d1,True,48,92,d1,d1,True
132,CheapestFirst,243.58621377088673,459.8958413312279,243.58621377088673,459.8958413312279,216.3096275603412,True,376,94,d1,True,48,92,d1,d1,True
132,DNF,243.58621377088673,459.8958413312279,243.58621377088673,459.8958413312279,216.3096275603412,True,563,140,,,48,92,d1,d1,True
133,BFS,135.99597687215564,14.526548026551694,14.526548026551694,135.99597687215564,121.46942884560394,True,47,11,d2,True,28,6,d2,d2,True
133,DFS,135.99597687215564,14.526548026551694,14.526548026551694,135.99597687215564,121.46942884560394,True,115,28,d1,False,28,6,d2,d2,True
133,CheapestFirst,135.99597687215564,14.526548026551694,14.526548026551694,135.99597687215564,121.46942884560394,True,39,9,d2,True,28,6,d2,d2,True
133,DNF,135.99597687215564,14.526548026551694,14.526548026551694,135.99597687215564,121.46942884560394,True,139,34,,,28,6,d2,d2,True
134,BFS,248.46761537812083,280.16070919885556,248.46761537812083,280.16070919885556,31.69309382073473,True,240,60,d1,True,52,58,d1,d1,True
134,DFS,248.46761537812083,280.16070919885556,248.46761537812083,280.16070919885556,31.69309382073473,True,211,52,d1,True,52,58,d1,d1,True
134,CheapestFirst,248.46761537812083,280.16070919885556,248.46761537812083,280.16070919885556,31.69309382073473,True,240,60,d1,True,52,58,d1,d1,True
134,DNF,248.46761537812083,280.16070919885556,248.46761537812083,280.16070919885556,31.69309382073473,True,443,110,,,52,58,d1,d1,True
135,BFS,120.31967721780063,306.46501589451475,120.31967721780063,306.46501589451475,186.14533867671412,True,187,46,d1,True,23,60,d1,d1,True
135,DFS,120.31967721780063,306.46501589451475,120.31967721780063,306.46501589451475,186.14533867671412,True,95,23,d1,True,23,60,d1,d1,True
135,CheapestFirst,120.31967721780063,306.46501589451475,120.31967721780063,306.46501589451475,186.14533867671412,True,183,45,d1,True,23,60,d1,d1,True
135,DNF,120.31967721780063,306.46501589451475,120.31967721780063,306.46501589451475,186.14533867671412,True,335,83,,,23,60,d1,d1,True
136,BFS,457.56270736540694,134.77015102420125,134.77015102420125,457.56270736540694,322.7925563412057,True,223,55,d2,True,87,28,d2,d2,True
136,DFS,457.56270736540694,134.77015102420125,134.77015102420125,457.56270736540694,322.7925563412057,True,351,87,d1,False,87,28,d2,d2,True
136,CheapestFirst,457.56270736540694,134.77015102420125,134.77015102420125,457.56270736540694,322.7925563412057,True,195,48,d2,True,87,28,d2,d2,True
136,DNF,457.56270736540694,134.77015102420125,134.77015102420125,457.56270736540694,322.7925563412057,True,463,115,,,87,28,d2,d2,True
137,BFS,154.479016908663,101.91602801362555,101.91602801362555,154.479016908663,52.56298889503745,True,116,29,d2,True,26,18,d2,d2,True
137,DFS,154.479016908663,101.91602801362555,101.91602801362555,154.479016908663,52.56298889503745,True,107,26,d1,False,26,18,d2,d2,True
137,CheapestFirst,154.479016908663,101.91602801362555,101.91602801362555,154.479016908663,52.56298889503745,True,116,29,d2,True,26,18,d2,d2,True
137,DNF,154.479016908663,101.91602801362555,101.91602801362555,154.479016908663,52.56298889503745,True,179,44,,,26,18,d2,d2,True
138,BFS,384.2875152058122,456.07513819010563,384.2875152058122,456.07513819010563,71.78762298429342,True,372,93,d1,True,77,90,d1,d1,True
138,DFS,384.2875152058122,456.07513819010563,384.2875152058122,456.07513819010563,71.78762298429342,True,311,77,d1,True,77,90,d1,d1,True
138,CheapestFirst,384.2875152058122,456.07513819010563,384.2875152058122,456.07513819010563,71.78762298429342,True,372,93,d1,True,77,90,d1,d1,True
138,DNF,384.2875152058122,456.07513819010563,384.2875152058122,456.07513819010563,71.78762298429342,True,671,167,,,77,90,d1,d1,True
139,BFS,529.5214293777211,352.19574785588355,352.19574785588355,529.5214293777211,177.32568152183757,True,408,102,d2,True,100,68,d2,d2,True
139,DFS,529.5214293777211,352.19574785588355,352.19574785588355,529.5214293777211,177.32568152183757,True,403,100,d1,False,100,68,d2,d2,True
139,CheapestFirst,529.5214293777211,352.19574785588355,352.19574785588355,529.5214293777211,177.32568152183757,True,408,102,d2,True,100,68,d2,d2,True
139,DNF,529.5214293777211,352.19574785588355,352.19574785588355,529.5214293777211,177.32568152183757,True,675,168,,,100,68,d2,d2,True
140,BFS,281.60887977787297,34.477158999997414,34.477158999997414,281.60887977787297,247.13172077787556,True,79,19,d2,True,53,10,d2,d2,True
140,DFS,281.60887977787297,34.477158999997414,34.477158999997414,281.60887977787297,247.13172077787556,True,215,53,d1,False,53,10,d2,d2,True
140,CheapestFirst,281.60887977787297,34.477158999997414,34.477158999997414,281.60887977787297,247.13172077787556,True,71,17,d2,True,53,10,d2,d2,True
140,DNF,281.60887977787297,34.477158999997414,34.477158999997414,281.60887977787297,247.13172077787556,True,255,63,,,53,10,d2,d2,True
141,BFS,52.02888128012921,143.47715794318634,52.02888128012921,143.47715794318634,91.44827666305713,True,83,20,d1,True,10,26,d1,d1,True
141,DFS,52.02888128012921,143.47715794318634,52.02888128012921,143.47715794318634,91.44827666305713,True,43,10,d1,True,10,26,d1,d1,True
141,CheapestFirst,52.02888128012921,143.47715794318634,52.02888128012921,143.47715794318634,91.44827666305713,True,75,18,d1,True,10,26,d1,d1,True
141,DNF,52.02888128012921,143.47715794318634,52.02888128012921,143.47715794318634,91.44827666305713,True,147,36,,,10,26,d1,d1,True
142,BFS,344.8641651508843,216.07065174171933,216.07065174171933,344.8641651508843,128.79351340916494,True,284,71,d2,True,66,45,d2,d2,True
142,DFS,344.8641651508843,216.07065174171933,216.07065174171933,344.8641651508843,128.79351340916494,True,267,66,d1,False,66,45,d2,d2,True
142,CheapestFirst,344.8641651508843,216.07065174171933,216.07065174171933,344.8641651508843,128.79351340916494,True,284,71,d2,True,66,45,d2,d2,True
142,DNF,344.8641651508843,216.07065174171933,216.07065174171933,344.8641651508843,128.79351340916494,True,447,111,,,66,45,d2,d2,True
143,BFS,409.8695314181356,215.24031306522886,215.24031306522886,409.8695314181356,194.62921835290672,True,255,63,d2,True,68,32,d2,d2,True
143,DFS,409.8695314181356,215.24031306522886,215.24031306522886,409.8695314181356,194.62921835290672,True,275,68,d1,False,68,32,d2,d2,True
143,CheapestFirst,409.8695314181356,215.24031306522886,215.24031306522886,409.8695314181356,194.62921835290672,True,283,70,d2,True,68,32,d2,d2,True
143,DNF,409.8695314181356,215.24031306522886,215.24031306522886,409.8695314181356,194.62921835290672,True,403,100,,,68,32,d2,d2,True
144,BFS,345.70128460462035,165.5237231099764,165.5237231099764,345.70128460462035,180.17756149464395,True,247,61,d2,True,64,31,d2,d2,True
144,DFS,345.70128460462035,165.5237231099764,165.5237231099764,345.70128460462035,180.17756149464395,True,259,64,d1,False,64,31,d2,d2,True
144,CheapestFirst,345.70128460462035,165.5237231099764,165.5237231099764,345.70128460462035,180.17756149464395,True,243,60,d2,True,64,31,d2,d2,True
144,DNF,345.70128460462035,165.5237231099764,165.5237231099764,345.70128460462035,180.17756149464395,True,383,95,,,64,31,d2,d2,True
145,BFS,4.766649750766927,76.85397901050001,4.766649750766927,76.85397901050001,72.08732925973308,True,19,4,d1,True,2,19,d1,d1,True
145,DFS,4.766649750766927,76.85397901050001,4.766649750766927,76.85397901050001,72.08732925973308,True,11,2,d1,True,2,19,d1,d1,True
145,CheapestFirst,4.766649750766927,76.85397901050001,4.766649750766927,76.85397901050001,72.08732925973308,True,15,3,d1,True,2,19,d1,d1,True
145,DNF,4.766649750766927,76.85397901050001,4.766649750766927,76.85397901050001,72.08732925973308,True,87,21,,,2,19,d1,d1,True
146,BFS,273.53156101981983,255.1046442901629,255.1046442901629,273.53156101981983,18.426916729656938,True,208,52,d2,True,50,47,d2,d2,True
146,DFS,273.53156101981983,255.1046442901629,255.1046442901629,273.53156101981983,18.426916729656938,True,203,50,d1,False,50,47,d2,d2,True
146,CheapestFirst,273.53156101981983,255.1046442901629,255.1046442901629,273.53156101981983,18.426916729656938,True,208,52,d2,True,50,47,d2,d2,True
146,DNF,273.53156101981983,255.1046442901629,255.1046442901629,273.53156101981983,18.426916729656938,True,391,97,,,50,47,d2,d2,True
147,BFS,203.65558781946373,325.29400763802255,203.65558781946373,325.29400763802255,121.63841981855882,True,264,66,d1,True,40,63,d1,d1,True
147,DFS,203.65558781946373,325.29400763802255,203.65558781946373,325.29400763802255,121.63841981855882,True,163,40,d1,True,40,63,d1,d1,True
147,CheapestFirst,203.65558781946373,325.29400763802255,203.65558781946373,325.29400763802255,121.63841981855882,True,264,66,d1,True,40,63,d1,d1,True
147,DNF,203.65558781946373,325.29400763802255,203.65558781946373,325.29400763802255,121.63841981855882,True,415,103,,,40,63,d1,d1,True
148,BFS,337.5289659322485,462.4864420563561,337.5289659322485,462.4864420563561,124.95747612410759,True,348,87,d1,True,60,83,d1,d1,True
148,DFS,337.5289659322485,462.4864420563561,337.5289659322485,462.4864420563561,124.95747612410759,True,243,60,d1,True,60,83,d1,d1,True
148,CheapestFirst,337.5289659322485,462.4864420563561,337.5289659322485,462.4864420563561,124.95747612410759,True,348,87,d1,True,60,83,d1,d1,True
148,DNF,337.5289659322485,462.4864420563561,337.5289659322485,462.4864420563561,124.95747612410759,True,579,144,,,60,83,d1,d1,True
149,BFS,201.26423809823228,497.956124103561,201.26423809823228,497.956124103561,296.69188600532874,True,283,70,d1,True,35,84,d1,d1,True
149,DFS,201.26423809823228,497.956124103561,201.26423809823228,497.956124103561,296.69188600532874,True,143,35,d1,True,35,84,d1,d1,True
149,CheapestFirst,201.26423809823228,497.956124103561,201.26423809823228,497.956124103561,296.69188600532874,True,283,70,d1,True,35,84,d1,d1,True
149,DNF,201.26423809823228,497.956124103561,201.26423809823228,497.956124103561,296.69188600532874,True,479,119,,,35,84,d1,d1,True
150,BFS,167.97388556838357,129.06375665807303,129.06375665807303,167.97388556838357,38.91012891031053,True,152,38,d2,True,35,27,d2,d2,True
150,DFS,167.97388556838357,129.06375665807303,129.06375665807303,167.97388556838357,38.91012891031053,True,143,35,d1,False,35,27,d2,d2,True
150,CheapestFirst,167.97388556838357,129.06375665807303,129.06375665807303,167.97388556838357,38.91012891031053,True,152,38,d2,True,35,27,d2,d2,True
150,DNF,167.97388556838357,129.06375665807303,129.06375665807303,167.97388556838357,38.91012891031053,True,251,62,,,35,27,d2,d2,True
151,BFS,165.7482565111641,354.63850954190525,165.7482565111641,354.63850954190525,188.89025303074115,True,267,66,d1,True,33,65,d1,d1,True
151,DFS,165.7482565111641,354.63850954190525,165.7482565111641,354.63850954190525,188.89025303074115,True,135,33,d1,True,33,65,d1,d1,True
151,CheapestFirst,165.7482565111641,354.63850954190525,165.7482565111641,354.63850954190525,188.89025303074115,True,251,62,d1,True,33,65,d1,d1,True
151,DNF,165.7482565111641,354.63850954190525,165.7482565111641,354.63850954190525,188.89025303074115,True,395,98,,,33,65,d1,d1,True
152,BFS,407.7028685399261,64.60756191386132,64.60756191386132,407.7028685399261,343.09530662606477,True,87,21,d2,True,74,11,d2,d2,True
152,DFS,407.7028685399261,64.60756191386132,64.60756191386132,407.7028685399261,343.09530662606477,True,299,74,d1,False,74,11,d2,d2,True
152,CheapestFirst,407.7028685399261,64.60756191386132,64.60756191386132,407.7028685399261,343.09530662606477,True,87,21,d2,True,74,11,d2,d2,True
152,DNF,407.7028685399261,64.60756191386132,64.60756191386132,407.7028685399261,343.09530662606477,True,343,85,,,74,11,d2,d2,True
153,BFS,336.43025450525454,3.8154895715257067,3.8154895715257067,336.43025450525454,332.61476493372885,True,11,2,d2,True,67,1,d2,d2,True
153,DFS,336.43025450525454,3.8154895715257067,3.8154895715257067,336.43025450525454,332.61476493372885,True,271,67,d1,False,67,1,d2,d2,True
153,CheapestFirst,336.43025450525454,3.8154895715257067,3.8154895715257067,336.43025450525454,332.61476493372885,True,11,2,d2,True,67,1,d2,d2,True
153,DNF,336.43025450525454,3.8154895715257067,3.8154895715257067,336.43025450525454,332.61476493372885,True,275,68,,,67,1,d2,d2,True
154,BFS,484.2565730603294,273.52532115323396,273.52532115323396,484.2565730603294,210.73125190709544,True,375,93,d2,True,94,47,d2,d2,True
154,DFS,484.2565730603294,273.52532115323396,273.52532115323396,484.2565730603294,210.73125190709544,True,379,94,d1,False,94,47,d2,d2,True
154,CheapestFirst,484.2565730603294,273.52532115323396,273.52532115323396,484.2565730603294,210.73125190709544,True,388,97,d2,True,94,47,d2,d2,True
154,DNF,484.2565730603294,273.52532115323396,273.52532115323396,484.2565730603294,210.73125190709544,True,567,141,,,94,47,d2,d2,True
155,BFS,177.76923019739377,243.6990855257149,177.76923019739377,243.6990855257149,65.92985532832114,True,196,49,d1,True,31,45,d1,d1,True
155,DFS,177.76923019739377,243.6990855257149,177.76923019739377,243.6990855257149,65.92985532832114,True,127,31,d1,True,31,45,d1,d1,True
155,CheapestFirst,177.76923019739377,243.6990855257149,177.76923019739377,243.6990855257149,65.92985532832114,True,196,49,d1,True,31,45,d1,d1,True
155,DNF,177.76923019739377,243.6990855257149,177.76923019739377,243.6990855257149,65.92985532832114,True,307,76,,,31,45,d1,d1,True
156,BFS,269.33144668829686,216.72982937652608,216.72982937652608,269.33144668829686,52.60161731177078,True,200,50,d2,True,46,36,d2,d2,True
156,DFS,269.33144668829686,216.72982937652608,216.72982937652608,269.33144668829686,52.60161731177078,True,187,46,d1,False,46,36,d2,d2,True
156,CheapestFirst,269.33144668829686,216.72982937652608,216.72982937652608,269.33144668829686,52.60161731177078,True,200,50,d2,True,46,36,d2,d2,True
156,DNF,269.33144668829686,216.72982937652608,216.72982937652608,269.33144668829686,52.60161731177078,True,331,82,,,46,36,d2,d2,True
157,BFS,349.55553898697383,417.8707321391359,349.55553898697383,417.8707321391359,68.31519315216207,True,320,80,d1,True,65,77,d1,d1,True
157,DFS,349.55553898697383,417.8707321391359,349.55553898697383,417.8707321391359,68.31519315216207,True,263,65,d1,True,65,77,d1,d1,True
157,CheapestFirst,349.55553898697383,417.8707321391359,349.55553898697383,417.8707321391359,68.31519315216207,True,320,80,d1,True,65,77,d1,d1,True
157,DNF,349.55553898697383,417.8707321391359,349.55553898697383,417.8707321391359,68.31519315216207,True,571,142,,,65,77,d1,d1,True
158,BFS,417.9470650736996,329.34161603765943,329.34161603765943,417.9470650736996,88.60544903604017,True,300,75,d2,True,70,56,d2,d2,True
158,DFS,417.9470650736996,329.34161603765943,329.34161603765943,417.9470650736996,88.60544903604017,True,283,70,d1,False,70,56,d2,d2,True
158,CheapestFirst,417.9470650736996,329.34161603765943,329.34161603765943,417.9470650736996,88.60544903604017,True,300,75,d2,True,70,56,d2,d2,True
158,DNF,417.9470650736996,329.34161603765943,329.34161603765943,417.9470650736996,88.60544903604017,True,507,126,,,70,56,d2,d2,True
159,BFS,392.29846214378625,49.112458594718014,49.112458594718014,392.29846214378625,343.18600354906823,True,71,17,d2,True,68,9,d2,d2,True
159,DFS,392.29846214378625,49.112458594718014,49.112458594718014,392.29846214378625,343.18600354906823,True,275,68,d1,False,68,9,d2,d2,True
159,CheapestFirst,392.29846214378625,49.112458594718014,49.112458594718014,392.29846214378625,343.18600354906823,True,67,16,d2,True,68,9,d2,d2,True
159,DNF,392.29846214378625,49.112458594718014,49.112458594718014,392.29846214378625,343.18600354906823,True,311,77,,,68,9,d2,d2,True
160,BFS,101.13217400531109,379.3050425152866,101.13217400531109,379.3050425152866,278.1728685099755,True,155,38,d1,True,19,71,d1,d1,True
160,DFS,101.13217400531109,379.3050425152866,101.13217400531109,379.3050425152866,278.1728685099755,True,79,19,d1,True,19,71,d1,d1,True
160,CheapestFirst,101.13217400531109,379.3050425152866,101.13217400531109,379.3050425152866,278.1728685099755,True,139,34,d1,True,19,71,d1,d1,True
160,DNF,101.13217400531109,379.3050425152866,101.13217400531109,379.3050425152866,278.1728685099755,True,363,90,,,19,71,d1,d1,True
161,BFS,298.04163359320046,140.09850600037896,140.09850600037896,298.04163359320046,157.9431275928215,True,207,51,d2,True,55,26,d2,d2,True
161,DFS,298.04163359320046,140.09850600037896,140.09850600037896,298.04163359320046,157.9431275928215,True,223,55,d1,False,55,26,d2,d2,True
161,CheapestFirst,298.04163359320046,140.09850600037896,140.09850600037896,298.04163359320046,157.9431275928215,True,211,52,d2,True,55,26,d2,d2,True
161,DNF,298.04163359320046,140.09850600037896,140.09850600037896,298.04163359320046,157.9431275928215,True,327,81,,,55,26,d2,d2,True
162,BFS,180.74678589914635,194.37565878408478,180.74678589914635,194.37565878408478,13.628872884938431,True,148,37,d1,True,30,34,d1,d1,True
162,DFS,180.74678589914635,194.37565878408478,180.74678589914635,194.37565878408478,13.628872884938431,True,123,30,d1,True,30,34,d1,d1,True
162,CheapestFirst,180.74678589914635,194.37565878408478,180.74678589914635,194.37565878408478,13.628872884938431,True,148,37,d1,True,30,34,d1,d1,True
162,DNF,180.74678589914635,194.37565878408478,180.74678589914635,194.37565878408478,13.628872884938431,True,259,64,,,30,34,d1,d1,True
163,BFS,388.86522157814517,15.187154055948357,15.187154055948357,388.86522157814517,373.6780675221968,True,23,5,d2,True,74,3,d2,d2,True
163,DFS,388.86522157814517,15.187154055948357,15.187154055948357,388.86522157814517,373.6780675221968,True,299,74,d1,False,74,3,d2,d2,True
163,CheapestFirst,388.86522157814517,15.187154055948357,15.187154055948357,388.86522157814517,373.6780675221968,True,23,5,d2,True,74,3,d2,d2,True
163,DNF,388.86522157814517,15.187154055948357,15.187154055948357,388.86522157814517,373.6780675221968,True,311,77,,,74,3,d2,d2,True
164,BFS,107.97747260305995,176.4993917435742,107.97747260305995,176.4993917435742,68.52191914051424,True,144,36,d1,True,18,33,d1,d1,True
164,DFS,107.97747260305995,176.4993917435742,107.97747260305995,176.4993917435742,68.52191914051424,True,75,18,d1,True,18,33,d1,d1,True
164,CheapestFirst,107.97747260305995,176.4993917435742,107.97747260305995,176.4993917435742,68.52191914051424,True,144,36,d1,True,18,33,d1,d1,True
164,DNF,107.97747260305995,176.4993917435742,107.97747260305995,176.4993917435742,68.52191914051424,True,207,51,,,18,33,d1,d1,True
165,BFS,324.65768010856954,446.173528255263,324.65768010856954,446.173528255263,121.51584814669349,True,348,87,d1,True,59,84,d1,d1,True
165,DFS,324.65768010856954,446.173528255263,324.65768010856954,446.173528255263,121.51584814669349,True,239,59,d1,True,59,84,d1,d1,True
165,CheapestFirst,324.65768010856954,446.173528255263,324.65768010856954,446.173528255263,121.51584814669349,True,348,87,d1,True,59,84,d1,d1,True
165,DNF,324.65768010856954,446.173528255263,324.65768010856954,446.173528255263,121.51584814669349,True,575,143,,,59,84,d1,d1,True
166,BFS,339.01163609975225,402.1348876645674,339.01163609975225,402.1348876645674,63.12325156481512,True,308,77,d1,True,61,75,d1,d1,True
166,DFS,339.01163609975225,402.1348876645674,339.01163609975225,402.1348876645674,63.12325156481512,True,247,61,d1,True,61,75,d1,d1,True
166,CheapestFirst,339.01163609975225,402.1348876645674,339.01163609975225,402.1348876645674,63.12325156481512,True,308,77,d1,True,61,75,d1,d1,True
166,DNF,339.01163609975225,402.1348876645674,339.01163609975225,402.1348876645674,63.12325156481512,True,547,136,,,61,75,d1,d1,True
167,BFS,369.24067919178003,194.22016778998534,194.22016778998534,369.24067919178003,175.0205114017947,True,268,67,d2,True,64,37,d2,d2,True
167,DFS,369.24067919178003,194.22016778998534,194.22016778998534,369.24067919178003,175.0205114017947,True,259,64,d1,False,64,37,d2,d2,True
167,CheapestFirst,369.24067919178003,194.22016778998534,194.22016778998534,369.24067919178003,175.0205114017947,True,267,66,d2,True,64,37,d2,d2,True
167,DNF,369.24067919178003,194.22016778998534,194.22016778998534,369.24067919178003,175.0205114017947,True,407,101,,,64,37,d2,d2,True
168,BFS,173.2542953713466,528.4829151828765,173.2542953713466,528.4829151828765,355.2286198115299,True,267,66,d1,True,33,94,d1,d1,True
168,DFS,173.2542953713466,528.4829151828765,173.2542953713466,528.4829151828765,355.2286198115299,True,135,33,d1,True,33,94,d1,d1,True
168,CheapestFirst,173.2542953713466,528.4829151828765,173.2542953713466,528.4829151828765,355.2286198115299,True,255,63,d1,True,33,94,d1,d1,True
168,DNF,173.2542953713466,528.4829151828765,173.2542953713466,528.4829151828765,355.2286198115299,True,511,127,,,33,94,d1,d1,True
169,BFS,353.60790131780595,523.2860290417419,353.60790131780595,523.2860290417419,169.67812772393597,True,400,100,d1,True,63,96,d1,d1,True
169,DFS,353.60790131780595,523.2860290417419,353.60790131780595,523.2860290417419,169.67812772393597,True,255,63,d1,True,63,96,d1,d1,True
169,CheapestFirst,353.60790131780595,523.2860290417419,353.60790131780595,523.2860290417419,169.67812772393597,True,400,100,d1,True,63,96,d1,d1,True
169,DNF,353.60790131780595,523.2860290417419,353.60790131780595,523.2860290417419,169.67812772393597,True,639,159,,,63,96,d1,d1,True
170,BFS,252.55158577256063,564.5604378095342,252.55158577256063,564.5604378095342,312.0088520369735,True,363,90,d1,True,45,98,d1,d1,True
170,DFS,252.55158577256063,564.5604378095342,252.55158577256063,564.5604378095342,312.0088520369735,True,183,45,d1,True,45,98,d1,d1,True
170,CheapestFirst,252.55158577256063,564.5604378095342,252.55158577256063,564.5604378095342,312.0088520369735,True,347,86,d1,True,45,98,d1,d1,True
170,DNF,252.55158577256063,564.5604378095342,252.55158577256063,564.5604378095342,312.0088520369735,True,575,143,,,45,98,d1,d1,True
171,BFS,155.6873960717066,208.7972506991645,155.6873960717066,208.7972506991645,53.109854627457906,True,164,41,d1,True,28,38,d1,d1,True
171,DFS,155.6873960717066,208.7972506991645,155.6873960717066,208.7972506991645,53.109854627457906,True,115,28,d1,True,28,38,d1,d1,True
171,CheapestFirst,155.6873960717066,208.7972506991645,155.6873960717066,208.7972506991645,53.109854627457906,True,164,41,d1,True,28,38,d1,d1,True
171,DNF,155.6873960717066,208.7972506991645,155.6873960717066,208.7972506991645,53.109854627457906,True,267,66,,,28,38,d1,d1,True
172,BFS,434.97140704850506,193.72001177967908,193.72001177967908,434.97140704850506,241.25139526882597,True,279,69,d2,True,76,35,d2,d2,True
172,DFS,434.97140704850506,193.72001177967908,193.72001177967908,434.97140704850506,241.25139526882597,True,307,76,d1,False,76,35,d2,d2,True
172,CheapestFirst,434.97140704850506,193.72001177967908,193.72001177967908,434.97140704850506,241.25139526882597,True,279,69,d2,True,76,35,d2,d2,True
172,DNF,434.97140704850506,193.72001177967908,193.72001177967908,434.97140704850506,241.25139526882597,True,447,111,,,76,35,d2,d2,True
173,BFS,422.5779415014397,330.17646284713186,330.17646284713186,422.5779415014397,92.40147865430782,True,280,70,d2,True,67,53,d2,d2,True
173,DFS,422.5779415014397,330.17646284713186,330.17646284713186,422.5779415014397,92.40147865430782,True,271,67,d1,False,67,53,d2,d2,True
173,CheapestFirst,422.5779415014397,330.17646284713186,330.17646284713186,422.5779415014397,92.40147865430782,True,280,70,d2,True,67,53,d2,d2,True
173,DNF,422.5779415014397,330.17646284713186,330.17646284713186,422.5779415014397,92.40147865430782,True,483,120,,,67,53,d2,d2,True
174,BFS,115.4858577644017,23.81705907586562,23.81705907586562,115.4858577644017,91.66879868853607,True,23,5,d2,True,21,3,d2,d2,True
174,DFS,115.4858577644017,23.81705907586562,23.81705907586562,115.4858577644017,91.66879868853607,True,87,21,d1,False,21,3,d2,d2,True
174,CheapestFirst,115.4858577644017,23.81705907586562,23.81705907586562,115.4858577644017,91.66879868853607,True,23,5,d2,True,21,3,d2,d2,True
174,DNF,115.4858577644017,23.81705907586562,23.81705907586562,115.4858577644017,91.66879868853607,True,99,24,,,21,3,d2,d2,True
175,BFS,147.29140817373366,360.9864979250715,147.29140817373366,360.9864979250715,213.69508975133783,True,235,58,d1,True,29,65,d1,d1,True
175,DFS,147.29140817373366,360.9864979250715,147.29140817373366,360.9864979250715,213.69508975133783,True,119,29,d1,True,29,65,d1,d1,True
175,CheapestFirst,147.29140817373366,360.9864979250715,147.29140817373366,360.9864979250715,213.69508975133783,True,219,54,d1,True,29,65,d1,d1,True
175,DNF,147.29140817373366,360.9864979250715,147.29140817373366,360.9864979250715,213.69508975133783,True,379,94,,,29,65,d1,d1,True
176,BFS,292.07911493160145,192.2694240563799,192.2694240563799,292.07911493160145,99.80969087522155,True,216,54,d2,True,52,31,d2,d2,True
176,DFS,292.07911493160145,192.2694240563799,192.2694240563799,292.07911493160145,99.80969087522155,True,211,52,d1,False,52,31,d2,d2,True
176,CheapestFirst,292.07911493160145,192.2694240563799,192.2694240563799,292.07911493160145,99.80969087522155,True,216,54,d2,True,52,31,d2,d2,True
176,DNF,292.07911493160145,192.2694240563799,192.2694240563799,292.07911493160145,99.80969087522155,True,335,83,,,52,31,d2,d2,True
177,BFS,197.59518389679045,64.81150324321106,64.81150324321106,197.59518389679045,132.78368065357938,True,95,23,d2,True,40,12,d2,d2,True
177,DFS,197.59518389679045,64.81150324321106,64.81150324321106,197.59518389679045,132.78368065357938,True,163,40,d1,False,40,12,d2,d2,True
177,CheapestFirst,197.59518389679045,64.81150324321106,64.81150324321106,197.59518389679045,132.78368065357938,True,107,26,d2,True,40,12,d2,d2,True
177,DNF,197.59518389679045,64.81150324321106,64.81150324321106,197.59518389679045,132.78368065357938,True,211,52,,,40,12,d2,d2,True
178,BFS,113.35545411635914,305.16098332804125,113.35545411635914,305.16098332804125,191.8055292116821,True,155,38,d1,True,19,52,d1,d1,True
178,DFS,113.35545411635914,305.16098332804125,113.35545411635914,305.16098332804125,191.8055292116821,True,79,19,d1,True,19,52,d1,d1,True
178,CheapestFirst,113.35545411635914,305.16098332804125,113.35545411635914,305.16098332804125,191.8055292116821,True,155,38,d1,True,19,52,d1,d1,True
178,DNF,113.35545411635914,305.16098332804125,113.35545411635914,305.16098332804125,191.8055292116821,True,287,71,,,19,52,d1,d1,True
179,BFS,53.12651633287762,34.77809124567774,34.77809124567774,53.12651633287762,18.348425087199878,True,31,7,d2,True,6,4,d2,d2,True
179,DFS,53.12651633287762,34.77809124567774,34.77809124567774,53.12651633287762,18.348425087199878,True,27,6,d1,False,6,4,d2,d2,True
179,CheapestFirst,53.12651633287762,34.77809124567774,34.77809124567774,53.12651633287762,18.348425087199878,True,31,7,d2,True,6,4,d2,d2,True
179,DNF,53.12651633287762,34.77809124567774,34.77809124567774,53.12651633287762,18.348425087199878,True,43,10,,,6,4,d2,d2,True
180,BFS,46.31491825190828,325.96096505929046,46.31491825190828,325.96096505929046,279.64604680738216,True,67,16,d1,True,8,60,d1,d1,True
180,DFS,46.31491825190828,325.96096505929046,46.31491825190828,325.96096505929046,279.64604680738216,True,35,8,d1,True,8,60,d1,d1,True
180,CheapestFirst,46.31491825190828,325.96096505929046,46.31491825190828,325.96096505929046,279.64604680738216,True,71,17,d1,True,8,60,d1,d1,True
180,DNF,46.31491825190828,325.96096505929046,46.31491825190828,325.96096505929046,279.64604680738216,True,275,68,,,8,60,d1,d1,True
181,BFS,432.44011262676037,478.2995864934655,432.44011262676037,478.2995864934655,45.859473866705116,True,396,99,d1,True,86,96,d1,d1,True
181,DFS,432.44011262676037,478.2995864934655,432.44011262676037,478.2995864934655,45.859473866705116,True,347,86,d1,True,86,96,d1,d1,True
181,CheapestFirst,432.44011262676037,478.2995864934655,432.44011262676037,478.2995864934655,45.859473866705116,True,396,99,d1,True,86,96,d1,d1,True
181,DNF,432.44011262676037,478.2995864934655,432.44011262676037,478.2995864934655,45.859473866705116,True,731,182,,,86,96,d1,d1,True
182,BFS,276.0966543271043,119.48151841478706,119.48151841478706,276.0966543271043,156.61513591231727,True,175,43,d2,True,49,22,d2,d2,True
182,DFS,276.0966543271043,119.48151841478706,119.48151841478706,276.0966543271043,156.61513591231727,True,199,49,d1,False,49,22,d2,d2,True
182,CheapestFirst,276.0966543271043,119.48151841478706,119.48151841478706,276.0966543271043,156.61513591231727,True,175,43,d2,True,49,22,d2,d2,True
182,DNF,276.0966543271043,119.48151841478706,119.48151841478706,276.0966543271043,156.61513591231727,True,287,71,,,49,22,d2,d2,True
183,BFS,367.9534561271285,199.25486367364692,199.25486367364692,367.9534561271285,168.69859245348158,True,284,71,d2,True,67,36,d2,d2,True
183,DFS,367.9534561271285,199.25486367364692,199.25486367364692,367.9534561271285,168.69859245348158,True,271,67,d1,False,67,36,d2,d2,True
183,CheapestFirst,367.9534561271285,199.25486367364692,199.25486367364692,367.9534561271285,168.69859245348158,True,284,71,d2,True,67,36,d2,d2,True
183,DNF,367.9534561271285,199.25486367364692,199.25486367364692,367.9534561271285,168.69859245348158,True,415,103,,,67,36,d2,d2,True
184,BFS,497.7414387058033,124.21111954396338,124.21111954396338,497.7414387058033,373.53031916183994,True,175,43,d2,True,89,22,d2,d2,True
184,DFS,497.7414387058033,124.21111954396338,124.21111954396338,497.7414387058033,373.53031916183994,True,359,89,d1,False,89,22,d2,d2,True
184,CheapestFirst,497.7414387058033,124.21111954396338,124.21111954396338,497.7414387058033,373.53031916183994,True,187,46,d2,True,89,22,d2,d2,True
184,DNF,497.7414387058033,124.21111954396338,124.21111954396338,497.7414387058033,373.53031916183994,True,447,111,,,89,22,d2,d2,True
185,BFS,430.6229959311043,331.47436199242395,331.47436199242395,430.6229959311043,99.14863393868035,True,312,78,d2,True,76,58,d2,d2,True
185,DFS,430.6229959311043,331.47436199242395,331.47436199242395,430.6229959311043,99.14863393868035,True,307,76,d1,False,76,58,d2,d2,True
185,CheapestFirst,430.6229959311043,331.47436199242395,331.47436199242395,430.6229959311043,99.14863393868035,True,312,78,d2,True,76,58,d2,d2,True
185,DNF,430.6229959311043,331.47436199242395,331.47436199242395,430.6229959311043,99.14863393868035,True,539,134,,,76,58,d2,d2,True
186,BFS,113.96573301375682,254.38492550534158,113.96573301375682,254.38492550534158,140.41919249158477,True,203,50,d1,True,25,49,d1,d1,True
186,DFS,113.96573301375682,254.38492550534158,113.96573301375682,254.38492550534158,140.41919249158477,True,103,25,d1,True,25,49,d1,d1,True
186,CheapestFirst,113.96573301375682,254.38492550534158,113.96573301375682,254.38492550534158,140.41919249158477,True,187,46,d1,True,25,49,d1,d1,True
186,DNF,113.96573301375682,254.38492550534158,113.96573301375682,254.38492550534158,140.41919249158477,True,299,74,,,25,49,d1,d1,True
187,BFS,65.6155037423482,17.486992720679467,17.486992720679467,65.6155037423482,48.12851102166873,True,23,5,d2,True,13,3,d2,d2,True
187,DFS,65.6155037423482,17.486992720679467,17.486992720679467,65.6155037423482,48.12851102166873,True,55,13,d1,False,13,3,d2,d2,True
187,CheapestFirst,65.6155037423482,17.486992720679467,17.486992720679467,65.6155037423482,48.12851102166873,True,31,7,d2,True,13,3,d2,d2,True
187,DNF,65.6155037423482,17.486992720679467,17.486992720679467,65.6155037423482,48.12851102166873,True,67,16,,,13,3,d2,d2,True
188,BFS,482.3763651524237,313.4286073847719,313.4286073847719,482.3763651524237,168.9477577676518,True,352,88,d2,True,86,56,d2,d2,True
188,DFS,482.3763651524237,313.4286073847719,313.4286073847719,482.3763651524237,168.9477577676518,True,347,86,d1,False,86,56,d2,d2,True
188,CheapestFirst,482.3763651524237,313.4286073847719,313.4286073847719,482.3763651524237,168.9477577676518,True,352,88,d2,True,86,56,d2,d2,True
188,DNF,482.3763651524237,313.4286073847719,313.4286073847719,482.3763651524237,168.9477577676518,True,571,142,,,86,56,d2,d2,True
189,BFS,55.8494170980733,92.72161351714774,55.8494170980733,92.72161351714774,36.87219641907444,True,80,20,d1,True,10,17,d1,d1,True
189,DFS,55.8494170980733,92.72161351714774,55.8494170980733,92.72161351714774,36.87219641907444,True,43,10,d1,True,10,17,d1,d1,True
189,CheapestFirst,55.8494170980733,92.72161351714774,55.8494170980733,92.72161351714774,36.87219641907444,True,80,20,d1,True,10,17,d1,d1,True
189,DNF,55.8494170980733,92.72161351714774,55.8494170980733,92.72161351714774,36.87219641907444,True,111,27,,,10,17,d1,d1,True
190,BFS,564.028937696578,207.96399272000835,207.96399272000835,564.028937696578,356.0649449765697,True,263,65,d2,True,98,33,d2,d2,True
190,DFS,564.028937696578,207.96399272000835,207.96399272000835,564.028937696578,356.0649449765697,True,395,98,d1,False,98,33,d2,d2,True
190,CheapestFirst,564.028937696578,207.96399272000835,207.96399272000835,564.028937696578,356.0649449765697,True,275,68,d2,True,98,33,d2,d2,True
190,DNF,564.028937696578,207.96399272000835,207.96399272000835,564.028937696578,356.0649449765697,True,527,131,,,98,33,d2,d2,True
191,BFS,462.7121933255845,89.28127516378852,89.28127516378852,462.7121933255845,373.430918161796,True,143,35,d2,True,83,18,d2,d2,True
191,DFS,462.7121933255845,89.28127516378852,89.28127516378852,462.7121933255845,373.430918161796,True,335,83,d1,False,83,18,d2,d2,True
191,CheapestFirst,462.7121933255845,89.28127516378852,89.28127516378852,462.7121933255845,373.430918161796,True,143,35,d2,True,83,18,d2,d2,True
191,DNF,462.7121933255845,89.28127516378852,89.28127516378852,462.7121933255845,373.430918161796,True,407,101,,,83,18,d2,d2,True
192,BFS,91.41139526196542,458.9916660146409,91.41139526196542,458.9916660146409,367.58027075267546,True,139,34,d1,True,17,78,d1,d1,True
192,DFS,91.41139526196542,458.9916660146409,91.41139526196542,458.9916660146409,367.58027075267546,True,71,17,d1,True,17,78,d1,d1,True
192,CheapestFirst,91.41139526196542,458.9916660146409,91.41139526196542,458.9916660146409,367.58027075267546,True,127,31,d1,True,17,78,d1,d1,True
192,DNF,91.41139526196542,458.9916660146409,91.41139526196542,458.9916660146409,367.58027075267546,True,383,95,,,17,78,d1,d1,True
193,BFS,506.6056173195749,146.3605836049299,146.3605836049299,506.6056173195749,360.245033714645,True,207,51,d2,True,95,26,d2,d2,True
193,DFS,506.6056173195749,146.3605836049299,146.3605836049299,506.6056173195749,360.245033714645,True,383,95,d1,False,95,26,d2,d2,True
193,CheapestFirst,506.6056173195749,146.3605836049299,146.3605836049299,506.6056173195749,360.245033714645,True,219,54,d2,True,95,26,d2,d2,True
193,DNF,506.6056173195749,146.3605836049299,146.3605836049299,506.6056173195749,360.245033714645,True,487,121,,,95,26,d2,d2,True
194,BFS,208.6708509605714,483.11403560122494,208.6708509605714,483.11403560122494,274.4431846406535,True,291,72,d1,True,36,89,d1,d1,True
194,DFS,208.6708509605714,483.11403560122494,208.6708509605714,483.11403560122494,274.4431846406535,True,147,36,d1,True,36,89,d1,d1,True
194,CheapestFirst,208.6708509605714,483.11403560122494,208.6708509605714,483.11403560122494,274.4431846406535,True,319,79,d1,True,36,89,d1,d1,True
194,DNF,208.6708509605714,483.11403560122494,208.6708509605714,483.11403560122494,274.4431846406535,True,503,125,,,36,89,d1,d1,True
195,BFS,526.2866498261204,13.129951188003764,13.129951188003764,526.2866498261204,513.1566986381166,True,15,3,d2,True,100,2,d2,d2,True
195,DFS,526.2866498261204,13.129951188003764,13.129951188003764,526.2866498261204,513.1566986381166,True,403,100,d1,False,100,2,d2,d2,True
195,CheapestFirst,526.2866498261204,13.129951188003764,13.129951188003764,526.2866498261204,513.1566986381166,True,15,3,d2,True,100,2,d2,d2,True
195,DNF,526.2866498261204,13.129951188003764,13.129951188003764,526.2866498261204,513.1566986381166,True,411,102,,,100,2,d2,d2,True
196,BFS,145.04109656789169,449.0087370314409,145.04109656789169,449.0087370314409,303.9676404635492,True,203,50,d1,True,25,80,d1,d1,True
196,DFS,145.04109656789169,449.0087370314409,145.04109656789169,449.0087370314409,303.9676404635492,True,103,25,d1,True,25,80,d1,d1,True
196,CheapestFirst,145.04109656789169,449.0087370314409,145.04109656789169,449.0087370314409,303.9676404635492,True,207,51,d1,True,25,80,d1,d1,True
196,DNF,145.04109656789169,449.0087370314409,145.04109656789169,449.0087370314409,303.9676404635492,True,423,105,,,25,80,d1,d1,True
197,BFS,416.71996371973887,37.273810764402924,37.273810764402924,416.71996371973887,379.44615295533595,True,39,9,d2,True,71,5,d2,d2,True
197,DFS,416.71996371973887,37.273810764402924,37.273810764402924,416.71996371973887,379.44615295533595,True,287,71,d1,False,71,5,d2,d2,True
197,CheapestFirst,416.71996371973887,37.273810764402924,37.273810764402924,416.71996371973887,379.44615295533595,True,47,11,d2,True,71,5,d2,d2,True
197,DNF,416.71996371973887,37.273810764402924,37.273810764402924,416.71996371973887,379.44615295533595,True,307,76,,,71,5,d2,d2,True
198,BFS,261.1565618809653,193.45829603263164,193.45829603263164,261.1565618809653,67.69826584833365,True,204,51,d2,True,47,36,d2,d2,True
198,DFS,261.1565618809653,193.45829603263164,193.45829603263164,261.1565618809653,67.69826584833365,True,191,47,d1,False,47,36,d2,d2,True
198,CheapestFirst,261.1565618809653,193.45829603263164,193.45829603263164,261.1565618809653,67.69826584833365,True,204,51,d2,True,47,36,d2,d2,True
198,DNF,261.1565618809653,193.45829603263164,193.45829603263164,261.1565618809653,67.69826584833365,True,335,83,,,47,36,d2,d2,True
199,BFS,183.11963279110049,414.2845400943039,183.11963279110049,414.2845400943039,231.16490730320342,True,291,72,d1,True,36,77,d1,d1,True
199,DFS,183.11963279110049,414.2845400943039,183.11963279110049,414.2845400943039,231.16490730320342,True,147,36,d1,True,36,77,d1,d1,True
199,CheapestFirst,183.11963279110049,414.2845400943039,183.11963279110049,414.2845400943039,231.16490730320342,True,275,68,d1,True,36,77,d1,d1,True
199,DNF,183.11963279110049,414.2845400943039,183.11963279110049,414.2845400943039,231.16490730320342,True,455,113,,,36,77,d1,d1,True
200,BFS,221.76909348947237,74.62306429566091,74.62306429566091,221.76909348947237,147.14602919381144,True,111,27,d2,True,42,14,d2,d2,True
200,DFS,221.76909348947237,74.62306429566091,74.62306429566091,221.76909348947237,147.14602919381144,True,171,42,d1,False,42,14,d2,d2,True
200,CheapestFirst,221.76909348947237,74.62306429566091,74.62306429566091,221.76909348947237,147.14602919381144,True,115,28,d2,True,42,14,d2,d2,True
200,DNF,221.76909348947237,74.62306429566091,74.62306429566091,221.76909348947237,147.14602919381144,True,227,56,,,42,14,d2,d2,True
201,BFS,163.36901332711852,105.02955388422666,105.02955388422666,163.36901332711852,58.339459442891865,True,124,31,d2,True,28,18,d2,d2,True
201,DFS,163.36901332711852,105.02955388422666,105.02955388422666,163.36901332711852,58.339459442891865,True,115,28,d1,False,28,18,d2,d2,True
201,CheapestFirst,163.36901332711852,105.02955388422666,105.02955388422666,163.36901332711852,58.339459442891865,True,124,31,d2,True,28,18,d2,d2,True
201,DNF,163.36901332711852,105.02955388422666,105.02955388422666,163.36901332711852,58.339459442891865,True,187,46,,,28,18,d2,d2,True
202,BFS,149.55941492648537,323.60207733706113,149.55941492648537,323.60207733706113,174.04266241057576,True,195,48,d1,True,24,55,d1,d1,True
202,DFS,149.55941492648537,323.60207733706113,149.55941492648537,323.60207733706113,174.04266241057576,True,99,24,d1,True,24,55,d1,d1,True
202,CheapestFirst,149.55941492648537,323.60207733706113,149.55941492648537,323.60207733706113,174.04266241057576,True,207,51,d1,True,24,55,d1,d1,True
202,DNF,149.55941492648537,323.60207733706113,149.55941492648537,323.60207733706113,174.04266241057576,True,319,79,,,24,55,d1,d1,True
203,BFS,257.3349065393899,319.546908025644,257.3349065393899,319.546908025644,62.21200148625405,True,236,59,d1,True,45,55,d1,d1,True
203,DFS,257.3349065393899,319.546908025644,257.3349065393899,319.546908025644,62.21200148625405,True,183,45,d1,True,45,55,d1,d1,True
203,CheapestFirst,257.3349065393899,319.546908025644,257.3349065393899,319.546908025644,62.21200148625405,True,236,59,d1,True,45,55,d1,d1,True
203,DNF,257.3349065393899,319.546908025644,257.3349065393899,319.546908025644,62.21200148625405,True,403,100,,,45,55,d1,d1,True
204,BFS,128.7570806948516,553.1346439593727,128.7570806948516,553.1346439593727,424.37756326452114,True,187,46,d1,True,23,93,d1,d1,True
204,DFS,128.7570806948516,553.1346439593727,128.7570806948516,553.1346439593727,424.37756326452114,True,95,23,d1,True,23,93,d1,d1,True
204,CheapestFirst,128.7570806948516,553.1346439593727,128.7570806948516,553.1346439593727,424.37756326452114,True,179,44,d1,True,23,93,d1,d1,True
204,DNF,128.7570806948516,553.1346439593727,128.7570806948516,553.1346439593727,424.37756326452114,True,467,116,,,23,93,d1,d1,True
205,BFS,64.00064319885391,384.0249046010691,64.00064319885391,384.0249046010691,320.0242614022152,True,107,26,d1,True,13,73,d1,d1,True
205,DFS,64.00064319885391,384.0249046010691,64.00064319885391,384.0249046010691,320.0242614022152,True,55,13,d1,True,13,73,d1,d1,True
205,CheapestFirst,64.00064319885391,384.0249046010691,64.00064319885391,384.0249046010691,320.0242614022152,True,103,25,d1,True,13,73,d1,d1,True
205,DNF,64.00064319885391,384.0249046010691,64.00064319885391,384.0249046010691,320.0242614022152,True,347,86,,,13,73,d1,d1,True
206,BFS,68.77607766993627,448.55926804386013,68.77607766993627,448.55926804386013,379.78319037392384,True,115,28,d1,True,14,86,d1,d1,True
206,DFS,68.77607766993627,448.55926804386013,68.77607766993627,448.55926804386013,379.78319037392384,True,59,14,d1,True,14,86,d1,d1,True
206,CheapestFirst,68.77607766993627,448.55926804386013,68.77607766993627,448.55926804386013,379.78319037392384,True,99,24,d1,True,14,86,d1,d1,True
206,DNF,68.77607766993627,448.55926804386013,68.77607766993627,448.55926804386013,379.78319037392384,True,403,100,,,14,86,d1,d1,True
207,BFS,519.2231545918604,259.8207045728314,259.8207045728314,519.2231545918604,259.402450019029,True,384,96,d2,True,93,49,d2,d2,True
207,DFS,519.2231545918604,259.8207045728314,259.8207045728314,519.2231545918604,259.402450019029,True,375,93,d1,False,93,49,d2,d2,True
207,CheapestFirst,519.2231545918604,259.8207045728314,259.8207045728314,519.2231545918604,259.402450019029,True,371,92,d2,True,93,49,d2,d2,True
207,DNF,519.2231545918604,259.8207045728314,259.8207045728314,519.2231545918604,259.402450019029,True,571,142,,,93,49,d2,d2,True
208,BFS,431.68921397030863,511.81396870341007,431.68921397030863,511.81396870341007,80.12475473310144,True,356,89,d1,True,72,85,d1,d1,True
208,DFS,431.68921397030863,511.81396870341007,431.68921397030863,511.81396870341007,80.12475473310144,True,291,72,d1,True,72,85,d1,d1,True
208,CheapestFirst,431.68921397030863,511.81396870341007,431.68921397030863,511.81396870341007,80.12475473310144,True,356,89,d1,True,72,85,d1,d1,True
208,DNF,431.68921397030863,511.81396870341007,431.68921397030863,511.81396870341007,80.12475473310144,True,631,157,,,72,85,d1,d1,True
209,BFS,277.96904733809413,163.43623629173572,163.43623629173572,277.96904733809413,114.5328110463584,True,192,48,d2,True,46,25,d2,d2,True
209,DFS,277.96904733809413,163.43623629173572,163.43623629173572,277.96904733809413,114.5328110463584,True,187,46,d1,False,46,25,d2,d2,True
209,CheapestFirst,277.96904733809413,163.43623629173572,163.43623629173572,277.96904733809413,114.5328110463584,True,192,48,d2,True,46,25,d2,d2,True
209,DNF,277.96904733809413,163.43623629173572,163.43623629173572,277.96904733809413,114.5328110463584,True,287,71,,,46,25,d2,d2,True
210,BFS,146.7815415288123,241.7384113317201,146.7815415288123,241.7384113317201,94.95686980290779,True,188,47,d1,True,27,42,d1,d1,True
210,DFS,146.7815415288123,241.7384113317201,146.7815415288123,241.7384113317201,94.95686980290779,True,111,27,d1,True,27,42,d1,d1,True
210,CheapestFirst,146.7815415288123,241.7384113317201,146.7815415288123,241.7384113317201,94.95686980290779,True,188,47,d1,True,27,42,d1,d1,True
210,DNF,146.7815415288123,241.7384113317201,146.7815415288123,241.7384113317201,94.95686980290779,True,279,69,,,27,42,d1,d1,True
211,BFS,463.7458968176906,122.48404186561507,122.48404186561507,463.7458968176906,341.2618549520755,True,183,45,d2,True,89,23,d2,d2,True
211,DFS,463.7458968176906,122.48404186561507,122.48404186561507,463.7458968176906,341.2618549520755,True,359,89,d1,False,89,23,d2,d2,True
211,CheapestFirst,463.7458968176906,122.48404186561507,122.48404186561507,463.7458968176906,341.2618549520755,True,171,42,d2,True,89,23,d2,d2,True
211,DNF,463.7458968176906,122.48404186561507,122.48404186561507,463.7458968176906,341.2618549520755,True,451,112,,,89,23,d2,d2,True
212,BFS,206.1318364005504,529.3792784551771,206.1318364005504,529.3792784551771,323.2474420546267,True,323,80,d1,True,40,99,d1,d1,True
212,DFS,206.1318364005504,529.3792784551771,206.1318364005504,529.3792784551771,323.2474420546267,True,163,40,d1,True,40,99,d1,d1,True
212,CheapestFirst,206.1318364005504,529.3792784551771,206.1318364005504,529.3792784551771,323.2474420546267,True,315,78,d1,True,40,99,d1,d1,True
212,DNF,206.1318364005504,529.3792784551771,206.1318364005504,529.3792784551771,323.2474420546267,True,559,139,,,40,99,d1,d1,True
213,BFS,140.60495175795967,77.27385290293788,77.27385290293788,140.60495175795967,63.33109885502179,True,108,27,d2,True,25,14,d2,d2,True
213,DFS,140.60495175795967,77.27385290293788,77.27385290293788,140.60495175795967,63.33109885502179,True,103,25,d1,False,25,14,d2,d2,True
213,CheapestFirst,140.60495175795967,77.27385290293788,77.27385290293788,140.60495175795967,63.33109885502179,True,107,26,d2,True,25,14,d2,d2,True
213,DNF,140.60495175795967,77.27385290293788,77.27385290293788,140.60495175795967,63.33109885502179,True,159,39,,,25,14,d2,d2,True
214,BFS,126.50172809877712,47.63672321547127,47.63672321547127,126.50172809877712,78.86500488330586,True,71,17,d2,True,26,9,d2,d2,True
214,DFS,126.50172809877712,47.63672321547127,47.63672321547127,126.50172809877712,78.86500488330586,True,107,26,d1,False,26,9,d2,d2,True
214,CheapestFirst,126.50172809877712,47.63672321547127,47.63672321547127,126.50172809877712,78.86500488330586,True,71,17,d2,True,26,9,d2,d2,True
214,DNF,126.50172809877712,47.63672321547127,47.63672321547127,126.50172809877712,78.86500488330586,True,143,35,,,26,9,d2,d2,True
215,BFS,196.74429676112993,214.6986711566134,196.74429676112993,214.6986711566134,17.954374395483455,True,176,44,d1,True,39,42,d1,d1,True
215,DFS,196.74429676112993,214.6986711566134,196.74429676112993,214.6986711566134,17.954374395483455,True,159,39,d1,True,39,42,d1,d1,True
215,CheapestFirst,196.74429676112993,214.6986711566134,196.74429676112993,214.6986711566134,17.954374395483455,True,176,44,d1,True,39,42,d1,d1,True
215,DNF,196.74429676112993,214.6986711566134,196.74429676112993,214.6986711566134,17.954374395483455,True,327,81,,,39,42,d1,d1,True
216,BFS,216.90616774050415,128.73751591499052,128.73751591499052,216.90616774050415,88.16865182551362,True,180,45,d2,True,43,27,d2,d2,True
216,DFS,216.90616774050415,128.73751591499052,128.73751591499052,216.90616774050415,88.16865182551362,True,175,43,d1,False,43,27,d2,d2,True
216,CheapestFirst,216.90616774050415,128.73751591499052,128.73751591499052,216.90616774050415,88.16865182551362,True,180,45,d2,True,43,27,d2,d2,True
216,DNF,216.90616774050415,128.73751591499052,128.73751591499052,216.90616774050415,88.16865182551362,True,283,70,,,43,27,d2,d2,True
217,BFS,56.68801821611383,364.606329295467,56.68801821611383,364.606329295467,307.91831107935315,True,99,24,d1,True,12,65,d1,d1,True
217,DFS,56.68801821611383,364.606329295467,56.68801821611383,364.606329295467,307.91831107935315,True,51,12,d1,True,12,65,d1,d1,True
217,CheapestFirst,56.68801821611383,364.606329295467,56.68801821611383,364.606329295467,307.91831107935315,True,87,21,d1,True,12,65,d1,d1,True
217,DNF,56.68801821611383,364.606329295467,56.68801821611383,364.606329295467,307.91831107935315,True,311,77,,,12,65,d1,d1,True
218,BFS,515.151366260565,581.0255975175874,515.151366260565,581.0255975175874,65.8742312570223,True,408,102,d1,True,89,100,d1,d1,True
218,DFS,515.151366260565,581.0255975175874,515.151366260565,581.0255975175874,65.8742312570223,True,359,89,d1,True,89,100,d1,d1,True
218,CheapestFirst,515.151366260565,581.0255975175874,515.151366260565,581.0255975175874,65.8742312570223,True,408,102,d1,True,89,100,d1,d1,True
218,DNF,515.151366260565,581.0255975175874,515.151366260565,581.0255975175874,65.8742312570223,True,759,189,,,89,100,d1,d1,True
219,BFS,369.7698071973327,232.15761403551505,232.15761403551505,369.7698071973327,137.61219316181763,True,340,85,d2,True,82,53,d2,d2,True
219,DFS,369.7698071973327,232.15761403551505,232.15761403551505,369.7698071973327,137.61219316181763,True,331,82,d1,False,82,53,d2,d2,True
219,CheapestFirst,369.7698071973327,232.15761403551505,232.15761403551505,369.7698071973327,137.61219316181763,True,340,85,d2,True,82,53,d2,d2,True
219,DNF,369.7698071973327,232.15761403551505,232.15761403551505,369.7698071973327,137.61219316181763,True,543,135,,,82,53,d2,d2,True
220,BFS,537.309272168688,204.0061255157592,204.0061255157592,537.309272168688,333.30314665292883,True,295,73,d2,True,99,37,d2,d2,True
220,DFS,537.309272168688,204.0061255157592,204.0061255157592,537.309272168688,333.30314665292883,True,399,99,d1,False,99,37,d2,d2,True
220,CheapestFirst,537.309272168688,204.0061255157592,204.0061255157592,537.309272168688,333.30314665292883,True,287,71,d2,True,99,37,d2,d2,True
220,DNF,537.309272168688,204.0061255157592,204.0061255157592,537.309272168688,333.30314665292883,True,547,136,,,99,37,d2,d2,True
221,BFS,76.65312468381666,93.73451687477554,76.65312468381666,93.73451687477554,17.08139219095888,True,84,21,d1,True,15,19,d1,d1,True
221,DFS,76.65312468381666,93.73451687477554,76.65312468381666,93.73451687477554,17.08139219095888,True,63,15,d1,True,15,19,d1,d1,True
221,CheapestFirst,76.65312468381666,93.73451687477554,76.65312468381666,93.73451687477554,17.08139219095888,True,84,21,d1,True,15,19,d1,d1,True
221,DNF,76.65312468381666,93.73451687477554,76.65312468381666,93.73451687477554,17.08139219095888,True,139,34,,,15,19,d1,d1,True
222,BFS,378.2489868861063,489.9451922488196,378.2489868861063,489.9451922488196,111.69620536271327,True,364,91,d1,True,67,88,d1,d1,True
222,DFS,378.2489868861063,489.9451922488196,378.2489868861063,489.9451922488196,111.69620536271327,True,271,67,d1,True,67,88,d1,d1,True
222,CheapestFirst,378.2489868861063,489.9451922488196,378.2489868861063,489.9451922488196,111.69620536271327,True,364,91,d1,True,67,88,d1,d1,True
222,DNF,378.2489868861063,489.9451922488196,378.2489868861063,489.9451922488196,111.69620536271327,True,623,155,,,67,88,d1,d1,True
223,BFS,310.4470521165683,190.22066111783397,190.22066111783397,310.4470521165683,120.2263909987343,True,228,57,d2,True,54,34,d2,d2,True
223,DFS,310.4470521165683,190.22066111783397,190.22066111783397,310.4470521165683,120.2263909987343,True,219,54,d1,False,54,34,d2,d2,True
223,CheapestFirst,310.4470521165683,190.22066111783397,190.22066111783397,310.4470521165683,120.2263909987343,True,228,57,d2,True,54,34,d2,d2,True
223,DNF,310.4470521165683,190.22066111783397,190.22066111783397,310.4470521165683,120.2263909987343,True,355,88,,,54,34,d2,d2,True
224,BFS,25.70683020660522,216.2390937405927,25.70683020660522,216.2390937405927,190.53226353398748,True,27,6,d1,True,3,38,d1,d1,True
224,DFS,25.70683020660522,216.2390937405927,25.70683020660522,216.2390937405927,190.53226353398748,True,15,3,d1,True,3,38,d1,d1,True
224,CheapestFirst,25.70683020660522,216.2390937405927,25.70683020660522,216.2390937405927,190.53226353398748,True,27,6,d1,True,3,38,d1,d1,True
224,DNF,25.70683020660522,216.2390937405927,25.70683020660522,216.2390937405927,190.53226353398748,True,167,41,,,3,38,d1,d1,True
225,BFS,336.87586433862396,365.98372335529035,336.87586433862396,365.98372335529035,29.107859016666396,True,292,73,d1,True,64,69,d1,d1,True
225,DFS,336.87586433862396,365.98372335529035,336.87586433862396,365.98372335529035,29.107859016666396,True,259,64,d1,True,64,69,d1,d1,True
225,CheapestFirst,336.87586433862396,365.98372335529035,336.87586433862396,365.98372335529035,29.107859016666396,True,292,73,d1,True,64,69,d1,d1,True
225,DNF,336.87586433862396,365.98372335529035,336.87586433862396,365.98372335529035,29.107859016666396,True,535,133,,,64,69,d1,d1,True
226,BFS,65.66958778666266,300.4152013912625,65.66958778666266,300.4152013912625,234.74561360459984,True,91,22,d1,True,11,56,d1,d1,True
226,DFS,65.66958778666266,300.4152013912625,65.66958778666266,300.4152013912625,234.74561360459984,True,47,11,d1,True,11,56,d1,d1,True
226,CheapestFirst,65.66958778666266,300.4152013912625,65.66958778666266,300.4152013912625,234.74561360459984,True,91,22,d1,True,11,56,d1,d1,True
226,DNF,65.66958778666266,300.4152013912625,65.66958778666266,300.4152013912625,234.74561360459984,True,271,67,,,11,56,d1,d1,True
227,BFS,530.5042330247092,174.8201123223924,174.8201123223924,530.5042330247092,355.68412070231676,True,223,55,d2,True,88,28,d2,d2,True
227,DFS,530.5042330247092,174.8201123223924,174.8201123223924,530.5042330247092,355.68412070231676,True,355,88,d1,False,88,28,d2,d2,True
227,CheapestFirst,530.5042330247092,174.8201123223924,174.8201123223924,530.5042330247092,355.68412070231676,True,227,56,d2,True,88,28,d2,d2,True
227,DNF,530.5042330247092,174.8201123223924,174.8201123223924,530.5042330247092,355.68412070231676,True,467,116,,,88,28,d2,d2,True
228,BFS,480.4852470868169,14.338499062647454,14.338499062647454,480.4852470868169,466.1467480241695,True,15,3,d2,True,86,2,d2,d2,True
228,DFS,480.4852470868169,14.338499062647454,14.338499062647454,480.4852470868169,466.1467480241695,True,347,86,d1,False,86,2,d2,d2,True
228,CheapestFirst,480.4852470868169,14.338499062647454,14.338499062647454,480.4852470868169,466.1467480241695,True,15,3,d2,True,86,2,d2,d2,True
228,DNF,480.4852470868169,14.338499062647454,14.338499062647454,480.4852470868169,466.1467480241695,True,355,88,,,86,2,d2,d2,True
229,BFS,383.28823414705846,14.382515481658482,14.382515481658482,383.28823414705846,368.9057186654,True,23,5,d2,True,70,3,d2,d2,True
229,DFS,383.28823414705846,14.382515481658482,14.382515481658482,383.28823414705846,368.9057186654,True,283,70,d1,False,70,3,d2,d2,True
229,CheapestFirst,383.28823414705846,14.382515481658482,14.382515481658482,383.28823414705846,368.9057186654,True,27,6,d2,True,70,3,d2,d2,True
229,DNF,383.28823414705846,14.382515481658482,14.382515481658482,383.28823414705846,368.9057186654,True,295,73,,,70,3,d2,d2,True
230,BFS,346.1463645577727,8.39220431721815,8.39220431721815,346.1463645577727,337.75416024055454,True,15,3,d2,True,63,2,d2,d2,True
230,DFS,346.1463645577727,8.39220431721815,8.39220431721815,346.1463645577727,337.75416024055454,True,255,63,d1,False,63,2,d2,d2,True
230,CheapestFirst,346.1463645577727,8.39220431721815,8.39220431721815,346.1463645577727,337.75416024055454,True,19,4,d2,True,63,2,d2,d2,True
230,DNF,346.1463645577727,8.39220431721815,8.39220431721815,346.1463645577727,337.75416024055454,True,263,65,,,63,2,d2,d2,True
231,BFS,199.79249275778946,362.2745750393357,199.79249275778946,362.2745750393357,162.4820822815462,True,256,64,d1,True,33,60,d1,d1,True
231,DFS,199.79249275778946,362.2745750393357,199.79249275778946,362.2745750393357,162.4820822815462,True,135,33,d1,True,33,60,d1,d1,True
231,CheapestFirst,199.79249275778946,362.2745750393357,199.79249275778946,362.2745750393357,162.4820822815462,True,256,64,d1,True,33,60,d1,d1,True
231,DNF,199.79249275778946,362.2745750393357,199.79249275778946,362.2745750393357,162.4820822815462,True,375,93,,,33,60,d1,d1,True
232,BFS,171.94827287534895,481.8668711807453,171.94827287534895,481.8668711807453,309.91859830539636,True,243,60,d1,True,30,86,d1,d1,True
232,DFS,171.94827287534895,481.8668711807453,171.94827287534895,481.8668711807453,309.91859830539636,True,123,30,d1,True,30,86,d1,d1,True
232,CheapestFirst,171.94827287534895,481.8668711807453,171.94827287534895,481.8668711807453,309.91859830539636,True,251,62,d1,True,30,86,d1,d1,True
232,DNF,171.94827287534895,481.8668711807453,171.94827287534895,481.8668711807453,309.91859830539636,True,467,116,,,30,86,d1,d1,True
233,BFS,238.52283685822135,339.9812321621222,238.52283685822135,339.9812321621222,101.45839530390083,True,268,67,d1,True,44,64,d1,d1,True
233,DFS,238.52283685822135,339.9812321621222,238.52283685822135,339.9812321621222,101.45839530390083,True,179,44,d1,True,44,64,d1,d1,True
233,CheapestFirst,238.52283685822135,339.9812321621222,238.52283685822135,339.9812321621222,101.45839530390083,True,268,67,d1,True,44,64,d1,d1,True
233,DNF,238.52283685822135,339.9812321621222,238.52283685822135,339.9812321621222,101.45839530390083,True,435,108,,,44,64,d1,d1,True
234,BFS,360.16178816855574,335.45978932408906,335.45978932408906,360.16178816855574,24.701998844466686,True,276,69,d2,True,67,63,d2,d2,True
234,DFS,360.16178816855574,335.45978932408906,335.45978932408906,360.16178816855574,24.701998844466686,True,271,67,d1,False,67,63,d2,d2,True
234,CheapestFirst,360.16178816855574,335.45978932408906,335.45978932408906,360.16178816855574,24.701998844466686,True,276,69,d2,True,67,63,d2,d2,True
234,DNF,360.16178816855574,335.45978932408906,335.45978932408906,360.16178816855574,24.701998844466686,True,523,130,,,67,63,d2,d2,True
235,BFS,13.916786122555191,156.36993768682606,13.916786122555191,156.36993768682606,142.45315156427088,True,19,4,d1,True,2,32,d1,d1,True
235,DFS,13.916786122555191,156.36993768682606,13.916786122555191,156.36993768682606,142.45315156427088,True,11,2,d1,True,2,32,d1,d1,True
235,CheapestFirst,13.916786122555191,156.36993768682606,13.916786122555191,156.36993768682606,142.45315156427088,True,19,4,d1,True,2,32,d1,d1,True
235,DNF,13.916786122555191,156.36993768682606,13.916786122555191,156.36993768682606,142.45315156427088,True,139,34,,,2,32,d1,d1,True
236,BFS,91.24792756231832,251.50377327825274,91.24792756231832,251.50377327825274,160.2558457159344,True,179,44,d1,True,22,46,d1,d1,True
236,DFS,91.24792756231832,251.50377327825274,91.24792756231832,251.50377327825274,160.2558457159344,True,91,22,d1,True,22,46,d1,d1,True
236,CheapestFirst,91.24792756231832,251.50377327825274,91.24792756231832,251.50377327825274,160.2558457159344,True,143,35,d1,True,22,46,d1,d1,True
236,DNF,91.24792756231832,251.50377327825274,91.24792756231832,251.50377327825274,160.2558457159344,True,275,68,,,22,46,d1,d1,True
237,BFS,204.96054719345295,219.3059748505413,204.96054719345295,219.3059748505413,14.34542765708835,True,176,44,d1,True,39,41,d1,d1,True
237,DFS,204.96054719345295,219.3059748505413,204.96054719345295,219.3059748505413,14.34542765708835,True,159,39,d1,True,39,41,d1,d1,True
237,CheapestFirst,204.96054719345295,219.3059748505413,204.96054719345295,219.3059748505413,14.34542765708835,True,176,44,d1,True,39,41,d1,d1,True
237,DNF,204.96054719345295,219.3059748505413,204.96054719345295,219.3059748505413,14.34542765708835,True,323,80,,,39,41,d1,d1,True
238,BFS,567.5906073925934,473.60138591198836,473.60138591198836,567.5906073925934,93.98922148060501,True,384,96,d2,True,93,75,d2,d2,True
238,DFS,567.5906073925934,473.60138591198836,473.60138591198836,567.5906073925934,93.98922148060501,True,375,93,d1,False,93,75,d2,d2,True
238,CheapestFirst,567.5906073925934,473.60138591198836,473.60138591198836,567.5906073925934,93.98922148060501,True,384,96,d2,True,93,75,d2,d2,True
238,DNF,567.5906073925934,473.60138591198836,473.60138591198836,567.5906073925934,93.98922148060501,True,675,168,,,93,75,d2,d2,True
239,BFS,99.459663769076,63.963458868705395,63.963458868705395,99.459663769076,35.49620490037061,True,92,23,d2,True,20,13,d2,d2,True
239,DFS,99.459663769076,63.963458868705395,63.963458868705395,99.459663769076,35.49620490037061,True,83,20,d1,False,20,13,d2,d2,True
239,CheapestFirst,99.459663769076,63.963458868705395,63.963458868705395,99.459663769076,35.49620490037061,True,92,23,d2,True,20,13,d2,d2,True
239,DNF,99.459663769076,63.963458868705395,63.963458868705395,99.459663769076,35.49620490037061,True,135,33,,,20,13,d2,d2,True
240,BFS,164.0932990586911,199.70476415176606,164.0932990586911,199.70476415176606,35.61146509307497,True,132,33,d1,True,25,31,d1,d1,True
240,DFS,164.0932990586911,199.70476415176606,164.0932990586911,199.70476415176606,35.61146509307497,True,103,25,d1,True,25,31,d1,d1,True
240,CheapestFirst,164.0932990586911,199.70476415176606,164.0932990586911,199.70476415176606,35.61146509307497,True,132,33,d1,True,25,31,d1,d1,True
240,DNF,164.0932990586911,199.70476415176606,164.0932990586911,199.70476415176606,35.61146509307497,True,227,56,,,25,31,d1,d1,True
241,BFS,348.8573458331356,103.24940418810007,103.24940418810007,348.8573458331356,245.6079416450355,True,167,41,d2,True,63,21,d2,d2,True
241,DFS,348.8573458331356,103.24940418810007,103.24940418810007,348.8573458331356,245.6079416450355,True,255,63,d1,False,63,21,d2,d2,True
241,CheapestFirst,348.8573458331356,103.24940418810007,103.24940418810007,348.8573458331356,245.6079416450355,True,159,39,d2,True,63,21,d2,d2,True
241,DNF,348.8573458331356,103.24940418810007,103.24940418810007,348.8573458331356,245.6079416450355,True,339,84,,,63,21,d2,d2,True
242,BFS,443.19523226062864,476.96739442407363,443.19523226062864,476.96739442407363,33.77216216344499,True,364,91,d1,True,81,87,d1,d1,True
242,DFS,443.19523226062864,476.96739442407363,443.19523226062864,476.96739442407363,33.77216216344499,True,327,81,d1,True,81,87,d1,d1,True
242,CheapestFirst,443.19523226062864,476.96739442407363,443.19523226062864,476.96739442407363,33.77216216344499,True,364,91,d1,True,81,87,d1,d1,True
242,DNF,443.19523226062864,476.96739442407363,443.19523226062864,476.96739442407363,33.77216216344499,True,675,168,,,81,87,d1,d1,True
243,BFS,490.10560971017895,198.25493405299906,198.25493405299906,490.10560971017895,291.85067565717986,True,295,73,d2,True,90,37,d2,d2,True
243,DFS,490.10560971017895,198.25493405299906,198.25493405299906,490.10560971017895,291.85067565717986,True,363,90,d1,False,90,37,d2,d2,True
243,CheapestFirst,490.10560971017895,198.25493405299906,198.25493405299906,490.10560971017895,291.85067565717986,True,291,72,d2,True,90,37,d2,d2,True
243,DNF,490.10560971017895,198.25493405299906,198.25493405299906,490.10560971017895,291.85067565717986,True,511,127,,,90,37,d2,d2,True
244,BFS,317.47343883666025,181.56922922896675,181.56922922896675,317.47343883666025,135.9042096076935,True,232,58,d2,True,55,33,d2,d2,True
244,DFS,317.47343883666025,181.56922922896675,181.56922922896675,317.47343883666025,135.9042096076935,True,223,55,d1,False,55,33,d2,d2,True
244,CheapestFirst,317.47343883666025,181.56922922896675,181.56922922896675,317.47343883666025,135.9042096076935,True,232,58,d2,True,55,33,d2,d2,True
244,DNF,317.47343883666025,181.56922922896675,181.56922922896675,317.47343883666025,135.9042096076935,True,355,88,,,55,33,d2,d2,True
245,BFS,98.56669958290456,508.6120064670325,98.56669958290456,508.6120064670325,410.0453068841279,True,163,40,d1,True,20,91,d1,d1,True
245,DFS,98.56669958290456,508.6120064670325,98.56669958290456,508.6120064670325,410.0453068841279,True,83,20,d1,True,20,91,d1,d1,True
245,CheapestFirst,98.56669958290456,508.6120064670325,98.56669958290456,508.6120064670325,410.0453068841279,True,163,40,d1,True,20,91,d1,d1,True
245,DNF,98.56669958290456,508.6120064670325,98.56669958290456,508.6120064670325,410.0453068841279,True,447,111,,,20,91,d1,d1,True
246,BFS,355.64041092447803,111.59838274162763,111.59838274162763,355.64041092447803,244.0420281828504,True,159,39,d2,True,68,20,d2,d2,True
246,DFS,355.64041092447803,111.59838274162763,111.59838274162763,355.64041092447803,244.0420281828504,True,275,68,d1,False,68,20,d2,d2,True
246,CheapestFirst,355.64041092447803,111.59838274162763,111.59838274162763,355.64041092447803,244.0420281828504,True,171,42,d2,True,68,20,d2,d2,True
246,DNF,355.64041092447803,111.59838274162763,111.59838274162763,355.64041092447803,244.0420281828504,True,355,88,,,68,20,d2,d2,True
247,BFS,164.11562987586393,262.38927520778077,164.11562987586393,262.38927520778077,98.27364533191684,True,200,50,d1,True,28,48,d1,d1,True
247,DFS,164.11562987586393,262.38927520778077,164.11562987586393,262.38927520778077,98.27364533191684,True,115,28,d1,True,28,48,d1,d1,True
247,CheapestFirst,164.11562987586393,262.38927520778077,164.11562987586393,262.38927520778077,98.27364533191684,True,200,50,d1,True,28,48,d1,d1,True
247,DNF,164.11562987586393,262.38927520778077,164.11562987586393,262.38927520778077,98.27364533191684,True,307,76,,,28,48,d1,d1,True
248,BFS,382.1572116172937,26.758194294118837,26.758194294118837,382.1572116172937,355.39901732317486,True,31,7,d2,True,72,4,d2,d2,True
248,DFS,382.1572116172937,26.758194294118837,26.758194294118837,382.1572116172937,355.39901732317486,True,291,72,d1,False,72,4,d2,d2,True
248,CheapestFirst,382.1572116172937,26.758194294118837,26.758194294118837,382.1572116172937,355.39901732317486,True,35,8,d2,True,72,4,d2,d2,True
248,DNF,382.1572116172937,26.758194294118837,26.758194294118837,382.1572116172937,355.39901732317486,True,307,76,,,72,4,d2,d2,True
249,BFS,257.4367670900864,454.8170725256114,257.4367670900864,454.8170725256114,197.38030543552503,True,340,85,d1,True,47,81,d1,d1,True
249,DFS,257.4367670900864,454.8170725256114,257.4367670900864,454.8170725256114,197.38030543552503,True,191,47,d1,True,47,81,d1,d1,True
249,CheapestFirst,257.4367670900864,454.8170725256114,257.4367670900864,454.8170725256114,197.38030543552503,True,340,85,d1,True,47,81,d1,d1,True
249,DNF,257.4367670900864,454.8170725256114,257.4367670900864,454.8170725256114,197.38030543552503,True,515,128,,,47,81,d1,d1,True
250,BFS,162.51685555384688,522.3028542852479,162.51685555384688,522.3028542852479,359.78599873140104,True,259,64,d1,True,32,97,d1,d1,True
250,DFS,162.51685555384688,522.3028542852479,162.51685555384688,522.3028542852479,359.78599873140104,True,131,32,d1,True,32,97,d1,d1,True
250,CheapestFirst,162.51685555384688,522.3028542852479,162.51685555384688,522.3028542852479,359.78599873140104,True,255,63,d1,True,32,97,d1,d1,True
250,DNF,162.51685555384688,522.3028542852479,162.51685555384688,522.3028542852479,359.78599873140104,True,519,129,,,32,97,d1,d1,True
251,BFS,395.5081387787631,426.4964609517696,395.5081387787631,426.4964609517696,30.98832217300651,True,328,82,d1,True,74,80,d1,d1,True
251,DFS,395.5081387787631,426.4964609517696,395.5081387787631,426.4964609517696,30.98832217300651,True,299,74,d1,True,74,80,d1,d1,True
251,CheapestFirst,395.5081387787631,426.4964609517696,395.5081387787631,426.4964609517696,30.98832217300651,True,328,82,d1,True,74,80,d1,d1,True
251,DNF,395.5081387787631,426.4964609517696,395.5081387787631,426.4964609517696,30.98832217300651,True,619,154,,,74,80,d1,d1,True
252,BFS,246.17055571367624,425.582831200741,246.17055571367624,425.582831200741,179.41227548706476,True,324,81,d1,True,41,79,d1,d1,True
252,DFS,246.17055571367624,425.582831200741,246.17055571367624,425.582831200741,179.41227548706476,True,167,41,d1,True,41,79,d1,d1,True
252,CheapestFirst,246.17055571367624,425.582831200741,246.17055571367624,425.582831200741,179.41227548706476,True,324,81,d1,True,41,79,d1,d1,True
252,DNF,246.17055571367624,425.582831200741,246.17055571367624,425.582831200741,179.41227548706476,True,483,120,,,41,79,d1,d1,True
253,BFS,447.27475337792976,298.5862488373038,298.5862488373038,447.27475337792976,148.68850454062596,True,372,93,d2,True,88,57,d2,d2,True
253,DFS,447.27475337792976,298.5862488373038,298.5862488373038,447.27475337792976,148.68850454062596,True,355,88,d1,False,88,57,d2,d2,True
253,CheapestFirst,447.27475337792976,298.5862488373038,298.5862488373038,447.27475337792976,148.68850454062596,True,372,93,d2,True,88,57,d2,d2,True
253,DNF,447.27475337792976,298.5862488373038,298.5862488373038,447.27475337792976,148.68850454062596,True,583,145,,,88,57,d2,d2,True
254,BFS,169.4414339137766,8.142393343902805,8.142393343902805,169.4414339137766,161.2990405698738,True,11,2,d2,True,28,1,d2,d2,True
254,DFS,169.4414339137766,8.142393343902805,8.142393343902805,169.4414339137766,161.2990405698738,True,115,28,d1,False,28,1,d2,d2,True
254,CheapestFirst,169.4414339137766,8.142393343902805,8.142393343902805,169.4414339137766,161.2990405698738,True,11,2,d2,True,28,1,d2,d2,True
254,DNF,169.4414339137766,8.142393343902805,8.142393343902805,169.4414339137766,161.2990405698738,True,119,29,,,28,1,d2,d2,True
255,BFS,278.98707793265925,269.1165461244356,269.1165461244356,278.98707793265925,9.870531808223632,True,220,55,d2,True,53,52,d2,d2,True
255,DFS,278.98707793265925,269.1165461244356,269.1165461244356,278.98707793265925,9.870531808223632,True,215,53,d1,False,53,52,d2,d2,True
255,CheapestFirst,278.98707793265925,269.1165461244356,269.1165461244356,278.98707793265925,9.870531808223632,True,220,55,d2,True,53,52,d2,d2,True
255,DNF,278.98707793265925,269.1165461244356,269.1165461244356,278.98707793265925,9.870531808223632,True,423,105,,,53,52,d2,d2,True
256,BFS,282.5503055778417,485.90249502615524,282.5503055778417,485.90249502615524,203.35218944831354,True,352,88,d1,True,46,83,d1,d1,True
256,DFS,282.5503055778417,485.90249502615524,282.5503055778417,485.90249502615524,203.35218944831354,True,187,46,d1,True,46,83,d1,d1,True
256,CheapestFirst,282.5503055778417,485.90249502615524,282.5503055778417,485.90249502615524,203.35218944831354,True,352,88,d1,True,46,83,d1,d1,True
256,DNF,282.5503055778417,485.90249502615524,282.5503055778417,485.90249502615524,203.35218944831354,True,523,130,,,46,83,d1,d1,True
257,BFS,495.8428174042971,228.69460517559344,228.69460517559344,495.8428174042971,267.14821222870364,True,327,81,d2,True,94,41,d2,d2,True
257,DFS,495.8428174042971,228.69460517559344,228.69460517559344,495.8428174042971,267.14821222870364,True,379,94,d1,False,94,41,d2,d2,True
257,CheapestFirst,495.8428174042971,228.69460517559344,228.69460517559344,495.8428174042971,267.14821222870364,True,355,88,d2,True,94,41,d2,d2,True
257,DNF,495.8428174042971,228.69460517559344,228.69460517559344,495.8428174042971,267.14821222870364,True,543,135,,,94,41,d2,d2,True
258,BFS,190.3989026833065,39.78953191898407,39.78953191898407,190.3989026833065,150.60937076432242,True,55,13,d2,True,33,7,d2,d2,True
258,DFS,190.3989026833065,39.78953191898407,39.78953191898407,190.3989026833065,150.60937076432242,True,135,33,d1,False,33,7,d2,d2,True
258,CheapestFirst,190.3989026833065,39.78953191898407,39.78953191898407,190.3989026833065,150.60937076432242,True,51,12,d2,True,33,7,d2,d2,True
258,DNF,190.3989026833065,39.78953191898407,39.78953191898407,190.3989026833065,150.60937076432242,True,163,40,,,33,7,d2,d2,True
259,BFS,213.59724390808105,9.632415945523489,9.632415945523489,213.59724390808105,203.96482796255756,True,23,5,d2,True,38,3,d2,d2,True
259,DFS,213.59724390808105,9.632415945523489,9.632415945523489,213.59724390808105,203.96482796255756,True,155,38,d1,False,38,3,d2,d2,True
259,CheapestFirst,213.59724390808105,9.632415945523489,9.632415945523489,213.59724390808105,203.96482796255756,True,19,4,d2,True,38,3,d2,d2,True
259,DNF,213.59724390808105,9.632415945523489,9.632415945523489,213.59724390808105,203.96482796255756,True,167,41,,,38,3,d2,d2,True
260,BFS,286.5936679882847,33.96099576380392,33.96099576380392,286.5936679882847,252.6326722244808,True,55,13,d2,True,50,7,d2,d2,True
260,DFS,286.5936679882847,33.96099576380392,33.96099576380392,286.5936679882847,252.6326722244808,True,203,50,d1,False,50,7,d2,d2,True
260,CheapestFirst,286.5936679882847,33.96099576380392,33.96099576380392,286.5936679882847,252.6326722244808,True,55,13,d2,True,50,7,d2,d2,True
260,DNF,286.5936679882847,33.96099576380392,33.96099576380392,286.5936679882847,252.6326722244808,True,231,57,,,50,7,d2,d2,True
261,BFS,115.74182795229049,254.54425094395637,115.74182795229049,254.54425094395637,138.80242299166588,True,147,36,d1,True,18,45,d1,d1,True
261,DFS,115.74182795229049,254.54425094395637,115.74182795229049,254.54425094395637,138.80242299166588,True,75,18,d1,True,18,45,d1,d1,True
261,CheapestFirst,115.74182795229049,254.54425094395637,115.74182795229049,254.54425094395637,138.80242299166588,True,159,39,d1,True,18,45,d1,d1,True
261,DNF,115.74182795229049,254.54425094395637,115.74182795229049,254.54425094395637,138.80242299166588,True,255,63,,,18,45,d1,d1,True
262,BFS,465.6294788380166,150.2697821654187,150.2697821654187,465.6294788380166,315.3596966725979,True,207,51,d2,True,82,26,d2,d2,True
262,DFS,465.6294788380166,150.2697821654187,150.2697821654187,465.6294788380166,315.3596966725979,True,331,82,d1,False,82,26,d2,d2,True
262,CheapestFirst,465.6294788380166,150.2697821654187,150.2697821654187,465.6294788380166,315.3596966725979,True,203,50,d2,True,82,26,d2,d2,True
262,DNF,465.6294788380166,150.2697821654187,150.2697821654187,465.6294788380166,315.3596966725979,True,435,108,,,82,26,d2,d2,True
263,BFS,474.1665983554692,189.34045728638608,189.34045728638608,474.1665983554692,284.8261410690831,True,247,61,d2,True,92,31,d2,d2,True
263,DFS,474.1665983554692,189.34045728638608,189.34045728638608,474.1665983554692,284.8261410690831,True,371,92,d1,False,92,31,d2,d2,True
263,CheapestFirst,474.1665983554692,189.34045728638608,189.34045728638608,474.1665983554692,284.8261410690831,True,275,68,d2,True,92,31,d2,d2,True
263,DNF,474.1665983554692,189.34045728638608,189.34045728638608,474.1665983554692,284.8261410690831,True,495,123,,,92,31,d2,d2,True
264,BFS,487.3889572234919,491.5252111099232,487.3889572234919,491.5252111099232,4.136253886431291,True,380,95,d1,True,91,93,d1,d1,True
264,DFS,487.3889572234919,491.5252111099232,487.3889572234919,491.5252111099232,4.136253886431291,True,367,91,d1,True,91,93,d1,d1,True
264,CheapestFirst,487.3889572234919,491.5252111099232,487.3889572234919,491.5252111099232,4.136253886431291,True,380,95,d1,True,91,93,d1,d1,True
264,DNF,487.3889572234919,491.5252111099232,487.3889572234919,491.5252111099232,4.136253886431291,True,739,184,,,91,93,d1,d1,True
265,BFS,295.97040269016173,228.57263142126115,228.57263142126115,295.97040269016173,67.39777126890058,True,208,52,d2,True,49,38,d2,d2,True
265,DFS,295.97040269016173,228.57263142126115,228.57263142126115,295.97040269016173,67.39777126890058,True,199,49,d1,False,49,38,d2,d2,True
265,CheapestFirst,295.97040269016173,228.57263142126115,228.57263142126115,295.97040269016173,67.39777126890058,True,208,52,d2,True,49,38,d2,d2,True
265,DNF,295.97040269016173,228.57263142126115,228.57263142126115,295.97040269016173,67.39777126890058,True,351,87,,,49,38,d2,d2,True
266,BFS,263.35702708144225,209.34455321521475,209.34455321521475,263.35702708144225,54.01247386622751,True,216,54,d2,True,52,42,d2,d2,True
266,DFS,263.35702708144225,209.34455321521475,209.34455321521475,263.35702708144225,54.01247386622751,True,211,52,d1,False,52,42,d2,d2,True
266,CheapestFirst,263.35702708144225,209.34455321521475,209.34455321521475,263.35702708144225,54.01247386622751,True,216,54,d2,True,52,42,d2,d2,True
266,DNF,263.35702708144225,209.34455321521475,209.34455321521475,263.35702708144225,54.01247386622751,True,379,94,,,52,42,d2,d2,True
267,BFS,203.74880331707294,482.5156834000656,203.74880331707294,482.5156834000656,278.76688008299266,True,315,78,d1,True,39,83,d1,d1,True
267,DFS,203.74880331707294,482.5156834000656,203.74880331707294,482.5156834000656,278.76688008299266,True,159,39,d1,True,39,83,d1,d1,True
267,CheapestFirst,203.74880331707294,482.5156834000656,203.74880331707294,482.5156834000656,278.76688008299266,True,291,72,d1,True,39,83,d1,d1,True
267,DNF,203.74880331707294,482.5156834000656,203.74880331707294,482.5156834000656,278.76688008299266,True,491,122,,,39,83,d1,d1,True
268,BFS,421.38898328461323,175.03372973364904,175.03372973364904,421.38898328461323,246.3552535509642,True,231,57,d2,True,76,29,d2,d2,True
268,DFS,421.38898328461323,175.03372973364904,175.03372973364904,421.38898328461323,246.3552535509642,True,307,76,d1,False,76,29,d2,d2,True
268,CheapestFirst,421.38898328461323,175.03372973364904,175.03372973364904,421.38898328461323,246.3552535509642,True,255,63,d2,True,76,29,d2,d2,True
268,DNF,421.38898328461323,175.03372973364904,175.03372973364904,421.38898328461323,246.3552535509642,True,423,105,,,76,29,d2,d2,True
269,BFS,477.713513961829,47.602121260461644,47.602121260461644,477.713513961829,430.1113927013673,True,95,23,d2,True,94,12,d2,d2,True
269,DFS,477.713513961829,47.602121260461644,47.602121260461644,477.713513961829,430.1113927013673,True,379,94,d1,False,94,12,d2,d2,True
269,CheapestFirst,477.713513961829,47.602121260461644,47.602121260461644,477.713513961829,430.1113927013673,True,83,20,d2,True,94,12,d2,d2,True
269,DNF,477.713513961829,47.602121260461644,47.602121260461644,477.713513961829,430.1113927013673,True,427,106,,,94,12,d2,d2,True
270,BFS,36.04621534357354,92.38790658397326,36.04621534357354,92.38790658397326,56.34169124039972,True,59,14,d1,True,7,19,d1,d1,True
270,DFS,36.04621534357354,92.38790658397326,36.04621534357354,92.38790658397326,56.34169124039972,True,31,7,d1,True,7,19,d1,d1,True
270,CheapestFirst,36.04621534357354,92.38790658397326,36.04621534357354,92.38790658397326,56.34169124039972,True,67,16,d1,True,7,19,d1,d1,True
270,DNF,36.04621534357354,92.38790658397326,36.04621534357354,92.38790658397326,56.34169124039972,True,107,26,,,7,19,d1,d1,True
271,BFS,126.69882362889675,323.26256904475736,126.69882362889675,323.26256904475736,196.5637454158606,True,227,56,d1,True,28,66,d1,d1,True
271,DFS,126.69882362889675,323.26256904475736,126.69882362889675,323.26256904475736,196.5637454158606,True,115,28,d1,True,28,66,d1,d1,True
271,CheapestFirst,126.69882362889675,323.26256904475736,126.69882362889675,323.26256904475736,196.5637454158606,True,215,53,d1,True,28,66,d1,d1,True
271,DNF,126.69882362889675,323.26256904475736,126.69882362889675,323.26256904475736,196.5637454158606,True,379,94,,,28,66,d1,d1,True
272,BFS,445.7418356889268,336.4149154014968,336.4149154014968,445.7418356889268,109.32692028743003,True,356,89,d2,True,87,64,d2,d2,True
272,DFS,445.7418356889268,336.4149154014968,336.4149154014968,445.7418356889268,109.32692028743003,True,351,87,d1,False,87,64,d2,d2,True
272,CheapestFirst,445.7418356889268,336.4149154014968,336.4149154014968,445.7418356889268,109.32692028743003,True,356,89,d2,True,87,64,d2,d2,True
272,DNF,445.7418356889268,336.4149154014968,336.4149154014968,445.7418356889268,109.32692028743003,True,607,151,,,87,64,d2,d2,True
273,BFS,35.57585445168253,220.93494801283993,35.57585445168253,220.93494801283993,185.3590935611574,True,43,10,d1,True,5,35,d1,d1,True
273,DFS,35.57585445168253,220.93494801283993,35.57585445168253,220.93494801283993,185.3590935611574,True,23,5,d1,True,5,35,d1,d1,True
273,CheapestFirst,35.57585445168253,220.93494801283993,35.57585445168253,220.93494801283993,185.3590935611574,True,39,9,d1,True,5,35,d1,d1,True
273,DNF,35.57585445168253,220.93494801283993,35.57585445168253,220.93494801283993,185.3590935611574,True,163,40,,,5,35,d1,d1,True
274,BFS,138.78525944915802,451.4459493828327,138.78525944915802,451.4459493828327,312.6606899336747,True,267,66,d1,True,33,86,d1,d1,True
274,DFS,138.78525944915802,451.4459493828327,138.78525944915802,451.4459493828327,312.6606899336747,True,135,33,d1,True,33,86,d1,d1,True
274,CheapestFirst,138.78525944915802,451.4459493828327,138.78525944915802,451.4459493828327,312.6606899336747,True,227,56,d1,True,33,86,d1,d1,True
274,DNF,138.78525944915802,451.4459493828327,138.78525944915802,451.4459493828327,312.6606899336747,True,479,119,,,33,86,d1,d1,True
275,BFS,191.7183854597005,380.8762095506975,191.7183854597005,380.8762095506975,189.15782409099702,True,259,64,d1,True,32,62,d1,d1,True
275,DFS,191.7183854597005,380.8762095506975,191.7183854597005,380.8762095506975,189.15782409099702,True,131,32,d1,True,32,62,d1,d1,True
275,CheapestFirst,191.7183854597005,380.8762095506975,191.7183854597005,380.8762095506975,189.15782409099702,True,255,63,d1,True,32,62,d1,d1,True
275,DNF,191.7183854597005,380.8762095506975,191.7183854597005,380.8762095506975,189.15782409099702,True,379,94,,,32,62,d1,d1,True
276,BFS,378.8950088665836,73.28496573624786,73.28496573624786,378.8950088665836,305.6100431303358,True,103,25,d2,True,71,13,d2,d2,True
276,DFS,378.8950088665836,73.28496573624786,73.28496573624786,378.8950088665836,305.6100431303358,True,287,71,d1,False,71,13,d2,d2,True
276,CheapestFirst,378.8950088665836,73.28496573624786,73.28496573624786,378.8950088665836,305.6100431303358,True,103,25,d2,True,71,13,d2,d2,True
276,DNF,378.8950088665836,73.28496573624786,73.28496573624786,378.8950088665836,305.6100431303358,True,339,84,,,71,13,d2,d2,True
277,BFS,317.7754528513746,489.370894799258,317.7754528513746,489.370894799258,171.5954419478834,True,352,88,d1,True,52,85,d1,d1,True
277,DFS,317.7754528513746,489.370894799258,317.7754528513746,489.370894799258,171.5954419478834,True,211,52,d1,True,52,85,d1,d1,True
277,CheapestFirst,317.7754528513746,489.370894799258,317.7754528513746,489.370894799258,171.5954419478834,True,352,88,d1,True,52,85,d1,d1,True
277,DNF,317.7754528513746,489.370894799258,317.7754528513746,489.370894799258,171.5954419478834,True,551,137,,,52,85,d1,d1,True
278,BFS,510.2033126984861,270.3327651466001,270.3327651466001,510.2033126984861,239.87054755188603,True,396,99,d2,True,96,55,d2,d2,True
278,DFS,510.2033126984861,270.3327651466001,270.3327651466001,510.2033126984861,239.87054755188603,True,387,96,d1,False,96,55,d2,d2,True
278,CheapestFirst,510.2033126984861,270.3327651466001,270.3327651466001,510.2033126984861,239.87054755188603,True,396,99,d2,True,96,55,d2,d2,True
278,DNF,510.2033126984861,270.3327651466001,270.3327651466001,510.2033126984861,239.87054755188603,True,607,151,,,96,55,d2,d2,True
279,BFS,11.53611559564952,409.5470234658298,11.53611559564952,409.5470234658298,398.0109078701803,True,19,4,d1,True,2,63,d1,d1,True
279,DFS,11.53611559564952,409.5470234658298,11.53611559564952,409.5470234658298,398.0109078701803,True,11,2,d1,True,2,63,d1,d1,True
279,CheapestFirst,11.53611559564952,409.5470234658298,11.53611559564952,409.5470234658298,398.0109078701803,True,15,3,d1,True,2,63,d1,d1,True
279,DNF,11.53611559564952,409.5470234658298,11.53611559564952,409.5470234658298,398.0109078701803,True,263,65,,,2,63,d1,d1,True
280,BFS,156.3677333929111,484.11927369855874,156.3677333929111,484.11927369855874,327.7515403056476,True,243,60,d1,True,30,92,d1,d1,True
280,DFS,156.3677333929111,484.11927369855874,156.3677333929111,484.11927369855874,327.7515403056476,True,123,30,d1,True,30,92,d1,d1,True
280,CheapestFirst,156.3677333929111,484.11927369855874,156.3677333929111,484.11927369855874,327.7515403056476,True,235,58,d1,True,30,92,d1,d1,True
280,DNF,156.3677333929111,484.11927369855874,156.3677333929111,484.11927369855874,327.7515403056476,True,491,122,,,30,92,d1,d1,True
281,BFS,81.14433816841198,350.7268068365858,81.14433816841198,350.7268068365858,269.5824686681738,True,139,34,d1,True,17,70,d1,d1,True
281,DFS,81.14433816841198,350.7268068365858,81.14433816841198,350.7268068365858,269.5824686681738,True,71,17,d1,True,17,70,d1,d1,True
281,CheapestFirst,81.14433816841198,350.7268068365858,81.14433816841198,350.7268068365858,269.5824686681738,True,127,31,d1,True,17,70,d1,d1,True
281,DNF,81.14433816841198,350.7268068365858,81.14433816841198,350.7268068365858,269.5824686681738,True,351,87,,,17,70,d1,d1,True
282,BFS,418.15423574724355,379.639202540856,379.639202540856,418.15423574724355,38.51503320638756,True,320,80,d2,True,78,71,d2,d2,True
282,DFS,418.15423574724355,379.639202540856,379.639202540856,418.15423574724355,38.51503320638756,True,315,78,d1,False,78,71,d2,d2,True
282,CheapestFirst,418.15423574724355,379.639202540856,379.639202540856,418.15423574724355,38.51503320638756,True,320,80,d2,True,78,71,d2,d2,True
282,DNF,418.15423574724355,379.639202540856,379.639202540856,418.15423574724355,38.51503320638756,True,599,149,,,78,71,d2,d2,True
283,BFS,195.98195492804786,413.400188922703,195.98195492804786,413.400188922703,217.41823399465517,True,275,68,d1,True,34,70,d1,d1,True
283,DFS,195.98195492804786,413.400188922703,195.98195492804786,413.400188922703,217.41823399465517,True,139,34,d1,True,34,70,d1,d1,True
283,CheapestFirst,195.98195492804786,413.400188922703,195.98195492804786,413.400188922703,217.41823399465517,True,263,65,d1,True,34,70,d1,d1,True
283,DNF,195.98195492804786,413.400188922703,195.98195492804786,413.400188922703,217.41823399465517,True,419,104,,,34,70,d1,d1,True
284,BFS,9.565987720694707,259.1389888186026,9.565987720694707,259.1389888186026,249.57300109790793,True,19,4,d1,True,2,45,d1,d1,True
284,DFS,9.565987720694707,259.1389888186026,9.565987720694707,259.1389888186026,249.57300109790793,True,11,2,d1,True,2,45,d1,d1,True
284,CheapestFirst,9.565987720694707,259.1389888186026,9.565987720694707,259.1389888186026,249.57300109790793,True,15,3,d1,True,2,45,d1,d1,True
284,DNF,9.565987720694707,259.1389888186026,9.565987720694707,259.1389888186026,249.57300109790793,True,191,47,,,2,45,d1,d1,True
285,BFS,92.3959766236954,466.3201308220334,92.3959766236954,466.3201308220334,373.924154198338,True,131,32,d1,True,16,78,d1,d1,True
285,DFS,92.3959766236954,466.3201308220334,92.3959766236954,466.3201308220334,373.924154198338,True,67,16,d1,True,16,78,d1,d1,True
285,CheapestFirst,92.3959766236954,466.3201308220334,92.3959766236954,466.3201308220334,373.924154198338,True,127,31,d1,True,16,78,d1,d1,True
285,DNF,92.3959766236954,466.3201308220334,92.3959766236954,466.3201308220334,373.924154198338,True,379,94,,,16,78,d1,d1,True
286,BFS,173.35204024794604,353.6382892948052,173.35204024794604,353.6382892948052,180.28624904685915,True,227,56,d1,True,28,64,d1,d1,True
286,DFS,173.35204024794604,353.6382892948052,173.35204024794604,353.6382892948052,180.28624904685915,True,115,28,d1,True,28,64,d1,d1,True
286,CheapestFirst,173.35204024794604,353.6382892948052,173.35204024794604,353.6382892948052,180.28624904685915,True,251,62,d1,True,28,64,d1,d1,True
286,DNF,173.35204024794604,353.6382892948052,173.35204024794604,353.6382892948052,180.28624904685915,True,371,92,,,28,64,d1,d1,True
287,BFS,490.59505997844764,96.127612296901,96.127612296901,490.59505997844764,394.4674476815466,True,143,35,d2,True,97,18,d2,d2,True
287,DFS,490.59505997844764,96.127612296901,96.127612296901,490.59505997844764,394.4674476815466,True,391,97,d1,False,97,18,d2,d2,True
287,CheapestFirst,490.59505997844764,96.127612296901,96.127612296901,490.59505997844764,394.4674476815466,True,143,35,d2,True,97,18,d2,d2,True
287,DNF,490.59505997844764,96.127612296901,96.127612296901,490.59505997844764,394.4674476815466,True,463,115,,,97,18,d2,d2,True
288,BFS,506.56290290343827,33.31895615480887,33.31895615480887,506.56290290343827,473.2439467486294,True,47,11,d2,True,94,6,d2,d2,True
288,DFS,506.56290290343827,33.31895615480887,33.31895615480887,506.56290290343827,473.2439467486294,True,379,94,d1,False,94,6,d2,d2,True
288,CheapestFirst,506.56290290343827,33.31895615480887,33.31895615480887,506.56290290343827,473.2439467486294,True,47,11,d2,True,94,6,d2,d2,True
288,DNF,506.56290290343827,33.31895615480887,33.31895615480887,506.56290290343827,473.2439467486294,True,403,100,,,94,6,d2,d2,True
289,BFS,263.124898574809,319.6436540947989,263.124898574809,319.6436540947989,56.518755519989895,True,248,62,d1,True,47,59,d1,d1,True
289,DFS,263.124898574809,319.6436540947989,263.124898574809,319.6436540947989,56.518755519989895,True,191,47,d1,True,47,59,d1,d1,True
289,CheapestFirst,263.124898574809,319.6436540947989,263.124898574809,319.6436540947989,56.518755519989895,True,248,62,d1,True,47,59,d1,d1,True
289,DNF,263.124898574809,319.6436540947989,263.124898574809,319.6436540947989,56.518755519989895,True,427,106,,,47,59,d1,d1,True
290,BFS,439.0358307560105,286.89246513668684,286.89246513668684,439.0358307560105,152.14336561932367,True,312,78,d2,True,75,50,d2,d2,True
290,DFS,439.0358307560105,286.89246513668684,286.89246513668684,439.0358307560105,152.14336561932367,True,303,75,d1,False,75,50,d2,d2,True
290,CheapestFirst,439.0358307560105,286.89246513668684,286.89246513668684,439.0358307560105,152.14336561932367,True,312,78,d2,True,75,50,d2,d2,True
290,DNF,439.0358307560105,286.89246513668684,286.89246513668684,439.0358307560105,152.14336561932367,True,503,125,,,75,50,d2,d2,True
291,BFS,216.77179830796928,424.733102628187,216.77179830796928,424.733102628187,207.96130432021772,True,323,80,d1,True,40,79,d1,d1,True
291,DFS,216.77179830796928,424.733102628187,216.77179830796928,424.733102628187,207.96130432021772,True,163,40,d1,True,40,79,d1,d1,True
291,CheapestFirst,216.77179830796928,424.733102628187,216.77179830796928,424.733102628187,207.96130432021772,True,323,80,d1,True,40,79,d1,d1,True
291,DNF,216.77179830796928,424.733102628187,216.77179830796928,424.733102628187,207.96130432021772,True,479,119,,,40,79,d1,d1,True
292,BFS,73.0130836222065,161.29397872330208,73.0130836222065,161.29397872330208,88.28089510109558,True,115,28,d1,True,14,31,d1,d1,True
292,DFS,73.0130836222065,161.29397872330208,73.0130836222065,161.29397872330208,88.28089510109558,True,59,14,d1,True,14,31,d1,d1,True
292,CheapestFirst,73.0130836222065,161.29397872330208,73.0130836222065,161.29397872330208,88.28089510109558,True,115,28,d1,True,14,31,d1,d1,True
292,DNF,73.0130836222065,161.29397872330208,73.0130836222065,161.29397872330208,88.28089510109558,True,183,45,,,14,31,d1,d1,True
293,BFS,165.72449458834396,108.8725339025561,108.8725339025561,165.72449458834396,56.85196068578786,True,132,33,d2,True,31,21,d2,d2,True
293,DFS,165.72449458834396,108.8725339025561,108.8725339025561,165.72449458834396,56.85196068578786,True,127,31,d1,False,31,21,d2,d2,True
293,CheapestFirst,165.72449458834396,108.8725339025561,108.8725339025561,165.72449458834396,56.85196068578786,True,132,33,d2,True,31,21,d2,d2,True
293,DNF,165.72449458834396,108.8725339025561,108.8725339025561,165.72449458834396,56.85196068578786,True,211,52,,,31,21,d2,d2,True
294,BFS,250.80532286231954,570.2211223499573,250.80532286231954,570.2211223499573,319.4157994876378,True,331,82,d1,True,41,99,d1,d1,True
294,DFS,250.80532286231954,570.2211223499573,250.80532286231954,570.2211223499573,319.4157994876378,True,167,41,d1,True,41,99,d1,d1,True
294,CheapestFirst,250.80532286231954,570.2211223499573,250.80532286231954,570.2211223499573,319.4157994876378,True,331,82,d1,True,41,99,d1,d1,True
294,DNF,250.80532286231954,570.2211223499573,250.80532286231954,570.2211223499573,319.4157994876378,True,563,140,,,41,99,d1,d1,True
295,BFS,501.3550786324113,39.89234813692504,39.89234813692504,501.3550786324113,461.46273049548626,True,55,13,d2,True,98,7,d2,d2,True
295,DFS,501.3550786324113,39.89234813692504,39.89234813692504,501.3550786324113,461.46273049548626,True,395,98,d1,False,98,7,d2,d2,True
295,CheapestFirst,501.3550786324113,39.89234813692504,39.89234813692504,501.3550786324113,461.46273049548626,True,63,15,d2,True,98,7,d2,d2,True
295,DNF,501.3550786324113,39.89234813692504,39.89234813692504,501.3550786324113,461.46273049548626,True,423,105,,,98,7,d2,d2,True
296,BFS,467.9064980993466,93.29912020235254,93.29912020235254,467.9064980993466,374.6073778969941,True,135,33,d2,True,77,17,d2,d2,True
296,DFS,467.9064980993466,93.29912020235254,93.29912020235254,467.9064980993466,374.6073778969941,True,311,77,d1,False,77,17,d2,d2,True
296,CheapestFirst,467.9064980993466,93.29912020235254,93.29912020235254,467.9064980993466,374.6073778969941,True,123,30,d2,True,77,17,d2,d2,True
296,DNF,467.9064980993466,93.29912020235254,93.29912020235254,467.9064980993466,374.6073778969941,True,379,94,,,77,17,d2,d2,True
297,BFS,552.9630976371386,93.51583355395861,93.51583355395861,552.9630976371386,459.44726408318,True,119,29,d2,True,99,15,d2,d2,True
297,DFS,552.9630976371386,93.51583355395861,93.51583355395861,552.9630976371386,459.44726408318,True,399,99,d1,False,99,15,d2,d2,True
297,CheapestFirst,552.9630976371386,93.51583355395861,93.51583355395861,552.9630976371386,459.44726408318,True,139,34,d2,True,99,15,d2,d2,True
297,DNF,552.9630976371386,93.51583355395861,93.51583355395861,552.9630976371386,459.44726408318,True,459,114,,,99,15,d2,d2,True
298,BFS,30.784407654987277,213.26023950909453,30.784407654987277,213.26023950909453,182.47583185410724,True,67,16,d1,True,8,38,d1,d1,True
298,DFS,30.784407654987277,213.26023950909453,30.784407654987277,213.26023950909453,182.47583185410724,True,35,8,d1,True,8,38,d1,d1,True
298,CheapestFirst,30.784407654987277,213.26023950909453,30.784407654987277,213.26023950909453,182.47583185410724,True,55,13,d1,True,8,38,d1,d1,True
298,DNF,30.784407654987277,213.26023950909453,30.784407654987277,213.26023950909453,182.47583185410724,True,187,46,,,8,38,d1,d1,True
299,BFS,485.9586952055973,136.5111686130145,136.5111686130145,485.9586952055973,349.4475265925828,True,199,49,d2,True,86,25,d2,d2,True
299,DFS,485.9586952055973,136.5111686130145,136.5111686130145,485.9586952055973,349.4475265925828,True,347,86,d1,False,86,25,d2,d2,True
299,CheapestFirst,485.9586952055973,136.5111686130145,136.5111686130145,485.9586952055973,349.4475265925828,True,199,49,d2,True,86,25,d2,d2,True
299,DNF,485.9586952055973,136.5111686130145,136.5111686130145,485.9586952055973,349.4475265925828,True,447,111,,,86,25,d2,d2,True
300,BFS,488.0151901059633,46.54669652014639,46.54669652014639,488.0151901059633,441.46849358581693,True,79,19,d2,True,88,10,d2,d2,True
300,DFS,488.0151901059633,46.54669652014639,46.54669652014639,488.0151901059633,441.46849358581693,True,355,88,d1,False,88,10,d2,d2,True
300,CheapestFirst,488.0151901059633,46.54669652014639,46.54669652014639,488.0151901059633,441.46849358581693,True,71,17,d2,True,88,10,d2,d2,True
300,DNF,488.0151901059633,46.54669652014639,46.54669652014639,488.0151901059633,441.46849358581693,True,395,98,,,88,10,d2,d2,True
301,BFS,199.38892363949316,6.461766127184806,6.461766127184806,199.38892363949316,192.92715751230836,True,15,3,d2,True,41,2,d2,d2,True
301,DFS,199.38892363949316,6.461766127184806,6.461766127184806,199.38892363949316,192.92715751230836,True,167,41,d1,False,41,2,d2,d2,True
301,CheapestFirst,199.38892363949316,6.461766127184806,6.461766127184806,199.38892363949316,192.92715751230836,True,15,3,d2,True,41,2,d2,d2,True
301,DNF,199.38892363949316,6.461766127184806,6.461766127184806,199.38892363949316,192.92715751230836,True,175,43,,,41,2,d2,d2,True
302,BFS,182.44078624070343,488.0105246938874,182.44078624070343,488.0105246938874,305.56973845318396,True,251,62,d1,True,31,82,d1,d1,True
302,DFS,182.44078624070343,488.0105246938874,182.44078624070343,488.0105246938874,305.56973845318396,True,127,31,d1,True,31,82,d1,d1,True
302,CheapestFirst,182.44078624070343,488.0105246938874,182.44078624070343,488.0105246938874,305.56973845318396,True,247,61,d1,True,31,82,d1,d1,True
302,DNF,182.44078624070343,488.0105246938874,182.44078624070343,488.0105246938874,305.56973845318396,True,455,113,,,31,82,d1,d1,True
303,BFS,87.09964809091447,35.797491167693416,35.797491167693416,87.09964809091447,51.302156923221055,True,55,13,d2,True,17,7,d2,d2,True
303,DFS,87.09964809091447,35.797491167693416,35.797491167693416,87.09964809091447,51.302156923221055,True,71,17,d1,False,17,7,d2,d2,True
303,CheapestFirst,87.09964809091447,35.797491167693416,35.797491167693416,87.09964809091447,51.302156923221055,True,47,11,d2,True,17,7,d2,d2,True
303,DNF,87.09964809091447,35.797491167693416,35.797491167693416,87.09964809091447,51.302156923221055,True,99,24,,,17,7,d2,d2,True
304,BFS,113.17507642211461,178.50847608099178,113.17507642211461,178.50847608099178,65.33339965887717,True,116,29,d1,True,17,27,d1,d1,True
304,DFS,113.17507642211461,178.50847608099178,113.17507642211461,178.50847608099178,65.33339965887717,True,71,17,d1,True,17,27,d1,d1,True
304,CheapestFirst,113.17507642211461,178.50847608099178,113.17507642211461,178.50847608099178,65.33339965887717,True,116,29,d1,True,17,27,d1,d1,True
304,DNF,113.17507642211461,178.50847608099178,113.17507642211461,178.50847608099178,65.33339965887717,True,179,44,,,17,27,d1,d1,True
305,BFS,185.66864109306704,202.4238895852432,185.66864109306704,202.4238895852432,16.75524849217615,True,152,38,d1,True,31,34,d1,d1,True
305,DFS,185.66864109306704,202.4238895852432,185.66864109306704,202.4238895852432,16.75524849217615,True,127,31,d1,True,31,34,d1,d1,True
305,CheapestFirst,185.66864109306704,202.4238895852432,185.66864109306704,202.4238895852432,16.75524849217615,True,152,38,d1,True,31,34,d1,d1,True
305,DNF,185.66864109306704,202.4238895852432,185.66864109306704,202.4238895852432,16.75524849217615,True,263,65,,,31,34,d1,d1,True
306,BFS,518.6708773868612,85.12396778611044,85.12396778611044,518.6708773868612,433.5469096007508,True,167,41,d2,True,94,21,d2,d2,True
306,DFS,518.6708773868612,85.12396778611044,85.12396778611044,518.6708773868612,433.5469096007508,True,379,94,d1,False,94,21,d2,d2,True
306,CheapestFirst,518.6708773868612,85.12396778611044,85.12396778611044,518.6708773868612,433.5469096007508,True,135,33,d2,True,94,21,d2,d2,True
306,DNF,518.6708773868612,85.12396778611044,85.12396778611044,518.6708773868612,433.5469096007508,True,463,115,,,94,21,d2,d2,True
307,BFS,458.8519662111084,255.98106965849755,255.98106965849755,458.8519662111084,202.87089655261084,True,348,87,d2,True,84,48,d2,d2,True
307,DFS,458.8519662111084,255.98106965849755,255.98106965849755,458.8519662111084,202.87089655261084,True,339,84,d1,False,84,48,d2,d2,True
307,CheapestFirst,458.8519662111084,255.98106965849755,255.98106965849755,458.8519662111084,202.87089655261084,True,348,87,d2,True,84,48,d2,d2,True
307,DNF,458.8519662111084,255.98106965849755,255.98106965849755,458.8519662111084,202.87089655261084,True,531,132,,,84,48,d2,d2,True
308,BFS,202.77286560847978,300.7213299395815,202.77286560847978,300.7213299395815,97.94846433110172,True,212,53,d1,True,31,50,d1,d1,True
308,DFS,202.77286560847978,300.7213299395815,202.77286560847978,300.7213299395815,97.94846433110172,True,127,31,d1,True,31,50,d1,d1,True
308,CheapestFirst,202.77286560847978,300.7213299395815,202.77286560847978,300.7213299395815,97.94846433110172,True,212,53,d1,True,31,50,d1,d1,True
308,DNF,202.77286560847978,300.7213299395815,202.77286560847978,300.7213299395815,97.94846433110172,True,327,81,,,31,50,d1,d1,True
309,BFS,124.33546511466382,479.7228667107096,124.33546511466382,479.7228667107096,355.3874015960458,True,195,48,d1,True,24,90,d1,d1,True
309,DFS,124.33546511466382,479.7228667107096,124.33546511466382,479.7228667107096,355.3874015960458,True,99,24,d1,True,24,90,d1,d1,True
309,CheapestFirst,124.33546511466382,479.7228667107096,124.33546511466382,479.7228667107096,355.3874015960458,True,187,46,d1,True,24,90,d1,d1,True
309,DNF,124.33546511466382,479.7228667107096,124.33546511466382,479.7228667107096,355.3874015960458,True,459,114,,,24,90,d1,d1,True
310,BFS,443.9172055281623,9.779517245796107,9.779517245796107,443.9172055281623,434.1376882823662,True,15,3,d2,True,82,2,d2,d2,True
310,DFS,443.9172055281623,9.779517245796107,9.779517245796107,443.9172055281623,434.1376882823662,True,331,82,d1,False,82,2,d2,d2,True
310,CheapestFirst,443.9172055281623,9.779517245796107,9.779517245796107,443.9172055281623,434.1376882823662,True,15,3,d2,True,82,2,d2,d2,True
310,DNF,443.9172055281623,9.779517245796107,9.779517245796107,443.9172055281623,434.1376882823662,True,339,84,,,82,2,d2,d2,True
311,BFS,111.0355440163462,146.21068338564115,111.0355440163462,146.21068338564115,35.17513936929495,True,124,31,d1,True,23,28,d1,d1,True
311,DFS,111.0355440163462,146.21068338564115,111.0355440163462,146.21068338564115,35.17513936929495,True,95,23,d1,True,23,28,d1,d1,True
311,CheapestFirst,111.0355440163462,146.21068338564115,111.0355440163462,146.21068338564115,35.17513936929495,True,124,31,d1,True,23,28,d1,d1,True
311,DNF,111.0355440163462,146.21068338564115,111.0355440163462,146.21068338564115,35.17513936929495,True,207,51,,,23,28,d1,d1,True
312,BFS,195.26478137452426,262.4528119800846,195.26478137452426,262.4528119800846,67.18803060556036,True,200,50,d1,True,35,47,d1,d1,True
312,DFS,195.26478137452426,262.4528119800846,195.26478137452426,262.4528119800846,67.18803060556036,True,143,35,d1,True,35,47,d1,d1,True
312,CheapestFirst,195.26478137452426,262.4528119800846,195.26478137452426,262.4528119800846,67.18803060556036,True,200,50,d1,True,35,47,d1,d1,True
312,DNF,195.26478137452426,262.4528119800846,195.26478137452426,262.4528119800846,67.18803060556036,True,331,82,,,35,47,d1,d1,True
313,BFS,430.45663312161076,513.2549876151068,430.45663312161076,513.2549876151068,82.79835449349599,True,408,102,d1,True,84,100,d1,d1,True
313,DFS,430.45663312161076,513.2549876151068,430.45663312161076,513.2549876151068,82.79835449349599,True,339,84,d1,True,84,100,d1,d1,True
313,CheapestFirst,430.45663312161076,513.2549876151068,430.45663312161076,513.2549876151068,82.79835449349599,True,408,102,d1,True,84,100,d1,d1,True
313,DNF,430.45663312161076,513.2549876151068,430.45663312161076,513.2549876151068,82.79835449349599,True,739,184,,,84,100,d1,d1,True
314,BFS,471.1513929101155,307.17485846745245,307.17485846745245,471.1513929101155,163.97653444266302,True,356,89,d2,True,86,60,d2,d2,True
314,DFS,471.1513929101155,307.17485846745245,307.17485846745245,471.1513929101155,163.97653444266302,True,347,86,d1,False,86,60,d2,d2,True
314,CheapestFirst,471.1513929101155,307.17485846745245,307.17485846745245,471.1513929101155,163.97653444266302,True,356,89,d2,True,86,60,d2,d2,True
314,DNF,471.1513929101155,307.17485846745245,307.17485846745245,471.1513929101155,163.97653444266302,True,587,146,,,86,60,d2,d2,True
315,BFS,428.52726266805473,518.7650384000599,428.52726266805473,518.7650384000599,90.23777573200516,True,368,92,d1,True,75,89,d1,d1,True
315,DFS,428.52726266805473,518.7650384000599,428.52726266805473,518.7650384000599,90.23777573200516,True,303,75,d1,True,75,89,d1,d1,True
315,CheapestFirst,428.52726266805473,518.7650384000599,428.52726266805473,518.7650384000599,90.23777573200516,True,368,92,d1,True,75,89,d1,d1,True
315,DNF,428.52726266805473,518.7650384000599,428.52726266805473,518.7650384000599,90.23777573200516,True,659,164,,,75,89,d1,d1,True
316,BFS,344.5721188048798,202.87544833321917,202.87544833321917,344.5721188048798,141.6966704716606,True,292,73,d2,True,70,42,d2,d2,True
316,DFS,344.5721188048798,202.87544833321917,202.87544833321917,344.5721188048798,141.6966704716606,True,283,70,d1,False,70,42,d2,d2,True
316,CheapestFirst,344.5721188048798,202.87544833321917,202.87544833321917,344.5721188048798,141.6966704716606,True,292,73,d2,True,70,42,d2,d2,True
316,DNF,344.5721188048798,202.87544833321917,202.87544833321917,344.5721188048798,141.6966704716606,True,451,112,,,70,42,d2,d2,True
317,BFS,262.79702387567085,584.2659490343657,262.79702387567085,584.2659490343657,321.46892515869484,True,363,90,d1,True,45,96,d1,d1,True
317,DFS,262.79702387567085,584.2659490343657,262.79702387567085,584.2659490343657,321.46892515869484,True,183,45,d1,True,45,96,d1,d1,True
317,CheapestFirst,262.79702387567085,584.2659490343657,262.79702387567085,584.2659490343657,321.46892515869484,True,347,86,d1,True,45,96,d1,d1,True
317,DNF,262.79702387567085,584.2659490343657,262.79702387567085,584.2659490343657,321.46892515869484,True,567,141,,,45,96,d1,d1,True
318,BFS,44.96124894888683,179.22057574553006,44.96124894888683,179.22057574553006,134.25932679664322,True,51,12,d1,True,6,33,d1,d1,True
318,DFS,44.96124894888683,179.22057574553006,44.96124894888683,179.22057574553006,134.25932679664322,True,27,6,d1,True,6,33,d1,d1,True
318,CheapestFirst,44.96124894888683,179.22057574553006,44.96124894888683,179.22057574553006,134.25932679664322,True,67,16,d1,True,6,33,d1,d1,True
318,DNF,44.96124894888683,179.22057574553006,44.96124894888683,179.22057574553006,134.25932679664322,True,159,39,,,6,33,d1,d1,True
319,BFS,85.67411686187296,286.6186268370442,85.67411686187296,286.6186268370442,200.94450997517123,True,155,38,d1,True,19,57,d1,d1,True
319,DFS,85.67411686187296,286.6186268370442,85.67411686187296,286.6186268370442,200.94450997517123,True,79,19,d1,True,19,57,d1,d1,True
319,CheapestFirst,85.67411686187296,286.6186268370442,85.67411686187296,286.6186268370442,200.94450997517123,True,143,35,d1,True,19,57,d1,d1,True
319,DNF,85.67411686187296,286.6186268370442,85.67411686187296,286.6186268370442,200.94450997517123,True,307,76,,,19,57,d1,d1,True
320,BFS,447.633248368541,347.4822389412511,347.4822389412511,447.633248368541,100.15100942728986,True,316,79,d2,True,76,59,d2,d2,True
320,DFS,447.633248368541,347.4822389412511,347.4822389412511,447.633248368541,100.15100942728986,True,307,76,d1,False,76,59,d2,d2,True
320,CheapestFirst,447.633248368541,347.4822389412511,347.4822389412511,447.633248368541,100.15100942728986,True,316,79,d2,True,76,59,d2,d2,True
320,DNF,447.633248368541,347.4822389412511,347.4822389412511,447.633248368541,100.15100942728986,True,543,135,,,76,59,d2,d2,True
321,BFS,485.24024013935826,418.7149619379226,418.7149619379226,485.24024013935826,66.52527820143564,True,360,90,d2,True,88,75,d2,d2,True
321,DFS,485.24024013935826,418.7149619379226,418.7149619379226,485.24024013935826,66.52527820143564,True,355,88,d1,False,88,75,d2,d2,True
321,CheapestFirst,485.24024013935826,418.7149619379226,418.7149619379226,485.24024013935826,66.52527820143564,True,360,90,d2,True,88,75,d2,d2,True
321,DNF,485.24024013935826,418.7149619379226,418.7149619379226,485.24024013935826,66.52527820143564,True,655,163,,,88,75,d2,d2,True
322,BFS,530.7622838101839,526.171307967879,526.171307967879,530.7622838101839,4.5909758423049425,True,388,97,d2,True,94,93,d2,d2,True
322,DFS,530.7622838101839,526.171307967879,526.171307967879,530.7622838101839,4.5909758423049425,True,379,94,d1,False,94,93,d2,d2,True
322,CheapestFirst,530.7622838101839,526.171307967879,526.171307967879,530.7622838101839,4.5909758423049425,True,388,97,d2,True,94,93,d2,d2,True
322,DNF,530.7622838101839,526.171307967879,526.171307967879,530.7622838101839,4.5909758423049425,True,751,187,,,94,93,d2,d2,True
323,BFS,279.9438873004626,116.50526749753544,116.50526749753544,279.9438873004626,163.43861980292718,True,231,57,d2,True,57,29,d2,d2,True
323,DFS,279.9438873004626,116.50526749753544,116.50526749753544,279.9438873004626,163.43861980292718,True,231,57,d1,False,57,29,d2,d2,True
323,CheapestFirst,279.9438873004626,116.50526749753544,116.50526749753544,279.9438873004626,163.43861980292718,True,203,50,d2,True,57,29,d2,d2,True
323,DNF,279.9438873004626,116.50526749753544,116.50526749753544,279.9438873004626,163.43861980292718,True,347,86,,,57,29,d2,d2,True
324,BFS,482.70555756166925,393.53349983604426,393.53349983604426,482.70555756166925,89.172057725625,True,408,102,d2,True,96,79,d2,d2,True
324,DFS,482.70555756166925,393.53349983604426,393.53349983604426,482.70555756166925,89.172057725625,True,387,96,d1,False,96,79,d2,d2,True
324,CheapestFirst,482.70555756166925,393.53349983604426,393.53349983604426,482.70555756166925,89.172057725625,True,408,102,d2,True,96,79,d2,d2,True
324,DNF,482.70555756166925,393.53349983604426,393.53349983604426,482.70555756166925,89.172057725625,True,703,175,,,96,79,d2,d2,True
325,BFS,52.962575739364574,487.3695299892846,52.962575739364574,487.3695299892846,434.40695424992003,True,99,24,d1,True,12,91,d1,d1,True
325,DFS,52.962575739364574,487.3695299892846,52.962575739364574,487.3695299892846,434.40695424992003,True,51,12,d1,True,12,91,d1,d1,True
325,CheapestFirst,52.962575739364574,487.3695299892846,52.962575739364574,487.3695299892846,434.40695424992003,True,91,22,d1,True,12,91,d1,d1,True
325,DNF,52.962575739364574,487.3695299892846,52.962575739364574,487.3695299892846,434.40695424992003,True,415,103,,,12,91,d1,d1,True
326,BFS,321.3523932643017,190.02790431677937,190.02790431677937,321.3523932643017,131.32448894752235,True,240,60,d2,True,58,31,d2,d2,True
326,DFS,321.3523932643017,190.02790431677937,190.02790431677937,321.3523932643017,131.32448894752235,True,235,58,d1,False,58,31,d2,d2,True
326,CheapestFirst,321.3523932643017,190.02790431677937,190.02790431677937,321.3523932643017,131.32448894752235,True,240,60,d2,True,58,31,d2,d2,True
326,DNF,321.3523932643017,190.02790431677937,190.02790431677937,321.3523932643017,131.32448894752235,True,359,89,,,58,31,d2,d2,True
327,BFS,1.214913796500404,475.8800365620756,1.214913796500404,475.8800365620756,474.6651227655752,True,7,1,d1,True,1,89,d1,d1,True
327,DFS,1.214913796500404,475.8800365620756,1.214913796500404,475.8800365620756,474.6651227655752,True,7,1,d1,True,1,89,d1,d1,True
327,CheapestFirst,1.214913796500404,475.8800365620756,1.214913796500404,475.8800365620756,474.6651227655752,True,7,1,d1,True,1,89,d1,d1,True
327,DNF,1.214913796500404,475.8800365620756,1.214913796500404,475.8800365620756,474.6651227655752,True,363,90,,,1,89,d1,d1,True
328,BFS,453.0802146885377,335.7875197790817,335.7875197790817,453.0802146885377,117.29269490945597,True,316,79,d2,True,75,57,d2,d2,True
328,DFS,453.0802146885377,335.7875197790817,335.7875197790817,453.0802146885377,117.29269490945597,True,303,75,d1,False,75,57,d2,d2,True
328,CheapestFirst,453.0802146885377,335.7875197790817,335.7875197790817,453.0802146885377,117.29269490945597,True,316,79,d2,True,75,57,d2,d2,True
328,DNF,453.0802146885377,335.7875197790817,335.7875197790817,453.0802146885377,117.29269490945597,True,531,132,,,75,57,d2,d2,True
329,BFS,519.1479527236042,120.95508371682817,120.95508371682817,519.1479527236042,398.19286900677605,True,179,44,d2,True,91,22,d2,d2,True
329,DFS,519.1479527236042,120.95508371682817,120.95508371682817,519.1479527236042,398.19286900677605,True,371,92,d1,False,91,22,d2,d2,True
329,CheapestFirst,519.1479527236042,120.95508371682817,120.95508371682817,519.1479527236042,398.19286900677605,True,179,44,d2,True,91,22,d2,d2,True
329,DNF,519.1479527236042,120.95508371682817,120.95508371682817,519.1479527236042,398.19286900677605,True,459,114,,,91,22,d2,d2,True
330,BFS,38.84596695661068,187.93318010902138,38.84596695661068,187.93318010902138,149.0872131524107,True,75,18,d1,True,9,40,d1,d1,True
330,DFS,38.84596695661068,187.93318010902138,38.84596695661068,187.93318010902138,149.0872131524107,True,39,9,d1,True,9,40,d1,d1,True
330,CheapestFirst,38.84596695661068,187.93318010902138,38.84596695661068,187.93318010902138,149.0872131524107,True,71,17,d1,True,9,40,d1,d1,True
330,DNF,38.84596695661068,187.93318010902138,38.84596695661068,187.93318010902138,149.0872131524107,True,199,49,,,9,40,d1,d1,True
331,BFS,476.2715597145251,410.46450176629105,410.46450176629105,476.2715597145251,65.80705794823405,True,356,89,d2,True,86,74,d2,d2,True
331,DFS,476.2715597145251,410.46450176629105,410.46450176629105,476.2715597145251,65.80705794823405,True,347,86,d1,False,86,74,d2,d2,True
331,CheapestFirst,476.2715597145251,410.46450176629105,410.46450176629105,476.2715597145251,65.80705794823405,True,356,89,d2,True,86,74,d2,d2,True
331,DNF,476.2715597145251,410.46450176629105,410.46450176629105,476.2715597145251,65.80705794823405,True,643,160,,,86,74,d2,d2,True
332,BFS,22.258663882694062,493.21986877148186,22.258663882694062,493.21986877148186,470.9612048887878,True,43,10,d1,True,5,93,d1,d1,True
332,DFS,22.258663882694062,493.21986877148186,22.258663882694062,493.21986877148186,470.9612048887878,True,23,5,d1,True,5,93,d1,d1,True
332,CheapestFirst,22.258663882694062,493.21986877148186,22.258663882694062,493.21986877148186,470.9612048887878,True,35,8,d1,True,5,93,d1,d1,True
332,DNF,22.258663882694062,493.21986877148186,22.258663882694062,493.21986877148186,470.9612048887878,True,395,98,,,5,93,d1,d1,True
333,BFS,122.14162463314152,151.59785527148767,122.14162463314152,151.59785527148767,29.456230638346156,True,132,33,d1,True,24,31,d1,d1,True
333,DFS,122.14162463314152,151.59785527148767,122.14162463314152,151.59785527148767,29.456230638346156,True,99,24,d1,True,24,31,d1,d1,True
333,CheapestFirst,122.14162463314152,151.59785527148767,122.14162463314152,151.59785527148767,29.456230638346156,True,132,33,d1,True,24,31,d1,d1,True
333,DNF,122.14162463314152,151.59785527148767,122.14162463314152,151.59785527148767,29.456230638346156,True,223,55,,,24,31,d1,d1,True
334,BFS,425.6328125023587,491.91191312045373,425.6328125023587,491.91191312045373,66.27910061809501,True,356,89,d1,True,71,86,d1,d1,True
334,DFS,425.6328125023587,491.91191312045373,425.6328125023587,491.91191312045373,66.27910061809501,True,287,71,d1,True,71,86,d1,d1,True
334,CheapestFirst,425.6328125023587,491.91191312045373,425.6328125023587,491.91191312045373,66.27910061809501,True,356,89,d1,True,71,86,d1,d1,True
334,DNF,425.6328125023587,491.91191312045373,425.6328125023587,491.91191312045373,66.27910061809501,True,631,157,,,71,86,d1,d1,True
335,BFS,77.09579328320103,486.2642025105052,77.09579328320103,486.2642025105052,409.16840922730415,True,107,26,d1,True,13,87,d1,d1,True
335,DFS,77.09579328320103,486.2642025105052,77.09579328320103,486.2642025105052,409.16840922730415,True,55,13,d1,True,13,87,d1,d1,True
335,CheapestFirst,77.09579328320103,486.2642025105052,77.09579328320103,486.2642025105052,409.16840922730415,True,99,24,d1,True,13,87,d1,d1,True
335,DNF,77.09579328320103,486.2642025105052,77.09579328320103,486.2642025105052,409.16840922730415,True,403,100,,,13,87,d1,d1,True
336,BFS,206.26706839177294,132.9899394993996,132.9899394993996,206.26706839177294,73.27712889237333,True,164,41,d2,True,38,25,d2,d2,True
336,DFS,206.26706839177294,132.9899394993996,132.9899394993996,206.26706839177294,73.27712889237333,True,155,38,d1,False,38,25,d2,d2,True
336,CheapestFirst,206.26706839177294,132.9899394993996,132.9899394993996,206.26706839177294,73.27712889237333,True,164,41,d2,True,38,25,d2,d2,True
336,DNF,206.26706839177294,132.9899394993996,132.9899394993996,206.26706839177294,73.27712889237333,True,255,63,,,38,25,d2,d2,True
337,BFS,235.90181719121523,78.61638152741376,78.61638152741376,235.90181719121523,157.28543566380148,True,111,27,d2,True,44,14,d2,d2,True
337,DFS,235.90181719121523,78.61638152741376,78.61638152741376,235.90181719121523,157.28543566380148,True,179,44,d1,False,44,14,d2,d2,True
337,CheapestFirst,235.90181719121523,78.61638152741376,78.61638152741376,235.90181719121523,157.28543566380148,True,123,30,d2,True,44,14,d2,d2,True
337,DNF,235.90181719121523,78.61638152741376,78.61638152741376,235.90181719121523,157.28543566380148,True,235,58,,,44,14,d2,d2,True
338,BFS,183.05709335761537,527.7964878703352,183.05709335761537,527.7964878703352,344.73939451271985,True,259,64,d1,True,32,99,d1,d1,True
338,DFS,183.05709335761537,527.7964878703352,183.05709335761537,527.7964878703352,344.73939451271985,True,131,32,d1,True,32,99,d1,d1,True
338,CheapestFirst,183.05709335761537,527.7964878703352,183.05709335761537,527.7964878703352,344.73939451271985,True,263,65,d1,True,32,99,d1,d1,True
338,DNF,183.05709335761537,527.7964878703352,183.05709335761537,527.7964878703352,344.73939451271985,True,527,131,,,32,99,d1,d1,True
339,BFS,108.99154084900363,469.22832193983146,108.99154084900363,469.22832193983146,360.23678109082783,True,147,36,d1,True,18,80,d1,d1,True
339,DFS,108.99154084900363,469.22832193983146,108.99154084900363,469.22832193983146,360.23678109082783,True,75,18,d1,True,18,80,d1,d1,True
339,CheapestFirst,108.99154084900363,469.22832193983146,108.99154084900363,469.22832193983146,360.23678109082783,True,151,37,d1,True,18,80,d1,d1,True
339,DNF,108.99154084900363,469.22832193983146,108.99154084900363,469.22832193983146,360.23678109082783,True,395,98,,,18,80,d1,d1,True
340,BFS,303.60471157282944,523.7448826467329,303.60471157282944,523.7448826467329,220.14017107390345,True,376,94,d1,True,55,91,d1,d1,True
340,DFS,303.60471157282944,523.7448826467329,303.60471157282944,523.7448826467329,220.14017107390345,True,223,55,d1,True,55,91,d1,d1,True
340,CheapestFirst,303.60471157282944,523.7448826467329,303.60471157282944,523.7448826467329,220.14017107390345,True,376,94,d1,True,55,91,d1,d1,True
340,DNF,303.60471157282944,523.7448826467329,303.60471157282944,523.7448826467329,220.14017107390345,True,587,146,,,55,91,d1,d1,True
341,BFS,190.3309749529779,203.45521428532726,190.3309749529779,203.45521428532726,13.124239332349362,True,148,37,d1,True,31,34,d1,d1,True
341,DFS,190.3309749529779,203.45521428532726,190.3309749529779,203.45521428532726,13.124239332349362,True,127,31,d1,True,31,34,d1,d1,True
341,CheapestFirst,190.3309749529779,203.45521428532726,190.3309749529779,203.45521428532726,13.124239332349362,True,148,37,d1,True,31,34,d1,d1,True
341,DNF,190.3309749529779,203.45521428532726,190.3309749529779,203.45521428532726,13.124239332349362,True,263,65,,,31,34,d1,d1,True
342,BFS,148.7856825773241,282.602883220846,148.7856825773241,282.602883220846,133.81720064352191,True,208,52,d1,True,26,49,d1,d1,True
342,DFS,148.7856825773241,282.602883220846,148.7856825773241,282.602883220846,133.81720064352191,True,107,26,d1,True,26,49,d1,d1,True
342,CheapestFirst,148.7856825773241,282.602883220846,148.7856825773241,282.602883220846,133.81720064352191,True,207,51,d1,True,26,49,d1,d1,True
342,DNF,148.7856825773241,282.602883220846,148.7856825773241,282.602883220846,133.81720064352191,True,303,75,,,26,49,d1,d1,True
343,BFS,456.71963115912797,447.41933167890863,447.41933167890863,456.71963115912797,9.300299480219337,True,356,89,d2,True,86,85,d2,d2,True
343,DFS,456.71963115912797,447.41933167890863,447.41933167890863,456.71963115912797,9.300299480219337,True,347,86,d1,False,86,85,d2,d2,True
343,CheapestFirst,456.71963115912797,447.41933167890863,447.41933167890863,456.71963115912797,9.300299480219337,True,356,89,d2,True,86,85,d2,d2,True
343,DNF,456.71963115912797,447.41933167890863,447.41933167890863,456.71963115912797,9.300299480219337,True,687,171,,,86,85,d2,d2,True
344,BFS,321.11067230416415,374.1717438561546,321.11067230416415,374.1717438561546,53.06107155199044,True,276,69,d1,True,56,65,d1,d1,True
344,DFS,321.11067230416415,374.1717438561546,321.11067230416415,374.1717438561546,53.06107155199044,True,227,56,d1,True,56,65,d1,d1,True
344,CheapestFirst,321.11067230416415,374.1717438561546,321.11067230416415,374.1717438561546,53.06107155199044,True,276,69,d1,True,56,65,d1,d1,True
344,DNF,321.11067230416415,374.1717438561546,321.11067230416415,374.1717438561546,53.06107155199044,True,487,121,,,56,65,d1,d1,True
345,BFS,88.16830573232582,499.1552582640935,88.16830573232582,499.1552582640935,410.98695253176766,True,131,32,d1,True,16,96,d1,d1,True
345,DFS,88.16830573232582,499.1552582640935,88.16830573232582,499.1552582640935,410.98695253176766,True,67,16,d1,True,16,96,d1,d1,True
345,CheapestFirst,88.16830573232582,499.1552582640935,88.16830573232582,499.1552582640935,410.98695253176766,True,123,30,d1,True,16,96,d1,d1,True
345,DNF,88.16830573232582,499.1552582640935,88.16830573232582,499.1552582640935,410.98695253176766,True,451,112,,,16,96,d1,d1,True
346,BFS,141.28229233138725,531.8191905065067,141.28229233138725,531.8191905065067,390.5368981751195,True,187,46,d1,True,23,91,d1,d1,True
346,DFS,141.28229233138725,531.8191905065067,141.28229233138725,531.8191905065067,390.5368981751195,True,95,23,d1,True,23,91,d1,d1,True
346,CheapestFirst,141.28229233138725,531.8191905065067,141.28229233138725,531.8191905065067,390.5368981751195,True,195,48,d1,True,23,91,d1,d1,True
346,DNF,141.28229233138725,531.8191905065067,141.28229233138725,531.8191905065067,390.5368981751195,True,459,114,,,23,91,d1,d1,True
347,BFS,376.9072777494453,128.36075456905974,128.36075456905974,376.9072777494453,248.54652318038558,True,183,45,d2,True,67,23,d2,d2,True
347,DFS,376.9072777494453,128.36075456905974,128.36075456905974,376.9072777494453,248.54652318038558,True,271,67,d1,False,67,23,d2,d2,True
347,CheapestFirst,376.9072777494453,128.36075456905974,128.36075456905974,376.9072777494453,248.54652318038558,True,187,46,d2,True,67,23,d2,d2,True
347,DNF,376.9072777494453,128.36075456905974,128.36075456905974,376.9072777494453,248.54652318038558,True,363,90,,,67,23,d2,d2,True
348,BFS,461.16748321376053,144.60666228059793,144.60666228059793,461.16748321376053,316.56082093316263,True,207,51,d2,True,84,26,d2,d2,True
348,DFS,461.16748321376053,144.60666228059793,144.60666228059793,461.16748321376053,316.56082093316263,True,339,84,d1,False,84,26,d2,d2,True
348,CheapestFirst,461.16748321376053,144.60666228059793,144.60666228059793,461.16748321376053,316.56082093316263,True,211,52,d2,True,84,26,d2,d2,True
348,DNF,461.16748321376053,144.60666228059793,144.60666228059793,461.16748321376053,316.56082093316263,True,443,110,,,84,26,d2,d2,True
349,BFS,558.3719136759054,140.6371238288214,140.6371238288214,558.3719136759054,417.734789847084,True,199,49,d2,True,100,25,d2,d2,True
349,DFS,558.3719136759054,140.6371238288214,140.6371238288214,558.3719136759054,417.734789847084,True,403,100,d1,False,100,25,d2,d2,True
349,CheapestFirst,558.3719136759054,140.6371238288214,140.6371238288214,558.3719136759054,417.734789847084,True,211,52,d2,True,100,25,d2,d2,True
349,DNF,558.3719136759054,140.6371238288214,140.6371238288214,558.3719136759054,417.734789847084,True,503,125,,,100,25,d2,d2,True
350,BFS,472.86920493989663,411.11013715703365,411.11013715703365,472.86920493989663,61.759067782862985,True,356,89,d2,True,87,76,d2,d2,True
350,DFS,472.86920493989663,411.11013715703365,411.11013715703365,472.86920493989663,61.759067782862985,True,351,87,d1,False,87,76,d2,d2,True
350,CheapestFirst,472.86920493989663,411.11013715703365,411.11013715703365,472.86920493989663,61.759067782862985,True,356,89,d2,True,87,76,d2,d2,True
350,DNF,472.86920493989663,411.11013715703365,411.11013715703365,472.86920493989663,61.759067782862985,True,655,163,,,87,76,d2,d2,True
351,BFS,32.694435754426216,227.02510957716663,32.694435754426216,227.02510957716663,194.3306738227404,True,59,14,d1,True,7,38,d1,d1,True
351,DFS,32.694435754426216,227.02510957716663,32.694435754426216,227.02510957716663,194.3306738227404,True,31,7,d1,True,7,38,d1,d1,True
351,CheapestFirst,32.694435754426216,227.02510957716663,32.694435754426216,227.02510957716663,194.3306738227404,True,51,12,d1,True,7,38,d1,d1,True
351,DNF,32.694435754426216,227.02510957716663,32.694435754426216,227.02510957716663,194.3306738227404,True,183,45,,,7,38,d1,d1,True
352,BFS,280.0451648848091,7.608342305918484,7.608342305918484,280.0451648848091,272.4368225788906,True,15,3,d2,True,49,2,d2,d2,True
352,DFS,280.0451648848091,7.608342305918484,7.608342305918484,280.0451648848091,272.4368225788906,True,199,49,d1,False,49,2,d2,d2,True
352,CheapestFirst,280.0451648848091,7.608342305918484,7.608342305918484,280.0451648848091,272.4368225788906,True,15,3,d2,True,49,2,d2,d2,True
352,DNF,280.0451648848091,7.608342305918484,7.608342305918484,280.0451648848091,272.4368225788906,True,207,51,,,49,2,d2,d2,True
353,BFS,497.9489689014931,328.9202428293389,328.9202428293389,497.9489689014931,169.0287260721542,True,396,99,d2,True,95,60,d2,d2,True
353,DFS,497.9489689014931,328.9202428293389,328.9202428293389,497.9489689014931,169.0287260721542,True,383,95,d1,False,95,60,d2,d2,True
353,CheapestFirst,497.9489689014931,328.9202428293389,328.9202428293389,497.9489689014931,169.0287260721542,True,396,99,d2,True,95,60,d2,d2,True
353,DNF,497.9489689014931,328.9202428293389,328.9202428293389,497.9489689014931,169.0287260721542,True,623,155,,,95,60,d2,d2,True
354,BFS,158.3429464168621,445.6898393875281,158.3429464168621,445.6898393875281,287.346892970666,True,235,58,d1,True,29,83,d1,d1,True
354,DFS,158.3429464168621,445.6898393875281,158.3429464168621,445.6898393875281,287.346892970666,True,119,29,d1,True,29,83,d1,d1,True
354,CheapestFirst,158.3429464168621,445.6898393875281,158.3429464168621,445.6898393875281,287.346892970666,True,255,63,d1,True,29,83,d1,d1,True
354,DNF,158.3429464168621,445.6898393875281,158.3429464168621,445.6898393875281,287.346892970666,True,451,112,,,29,83,d1,d1,True
355,BFS,228.39960468091328,502.00166865275276,228.39960468091328,502.00166865275276,273.60206397183947,True,363,90,d1,True,45,91,d1,d1,True
355,DFS,228.39960468091328,502.00166865275276,228.39960468091328,502.00166865275276,273.60206397183947,True,183,45,d1,True,45,91,d1,d1,True
355,CheapestFirst,228.39960468091328,502.00166865275276,228.39960468091328,502.00166865275276,273.60206397183947,True,335,83,d1,True,45,91,d1,d1,True
355,DNF,228.39960468091328,502.00166865275276,228.39960468091328,502.00166865275276,273.60206397183947,True,547,136,,,45,91,d1,d1,True
356,BFS,15.294262654439931,456.93393801192667,15.294262654439931,456.93393801192667,441.63967535748674,True,43,10,d1,True,5,87,d1,d1,True
356,DFS,15.294262654439931,456.93393801192667,15.294262654439931,456.93393801192667,441.63967535748674,True,23,5,d1,True,5,87,d1,d1,True
356,CheapestFirst,15.294262654439931,456.93393801192667,15.294262654439931,456.93393801192667,441.63967535748674,True,31,7,d1,True,5,87,d1,d1,True
356,DNF,15.294262654439931,456.93393801192667,15.294262654439931,456.93393801192667,441.63967535748674,True,371,92,,,5,87,d1,d1,True
357,BFS,189.6158198405801,2.3849645057734836,2.3849645057734836,189.6158198405801,187.2308553348066,True,11,2,d2,True,37,1,d2,d2,True
357,DFS,189.6158198405801,2.3849645057734836,2.3849645057734836,189.6158198405801,187.2308553348066,True,151,37,d1,False,37,1,d2,d2,True
357,CheapestFirst,189.6158198405801,2.3849645057734836,2.3849645057734836,189.6158198405801,187.2308553348066,True,11,2,d2,True,37,1,d2,d2,True
357,DNF,189.6158198405801,2.3849645057734836,2.3849645057734836,189.6158198405801,187.2308553348066,True,155,38,,,37,1,d2,d2,True
358,BFS,206.77060187097447,188.4543819951196,188.4543819951196,206.77060187097447,18.31621987585487,True,172,43,d2,True,41,38,d2,d2,True
358,DFS,206.77060187097447,188.4543819951196,188.4543819951196,206.77060187097447,18.31621987585487,True,167,41,d1,False,41,38,d2,d2,True
358,CheapestFirst,206.77060187097447,188.4543819951196,188.4543819951196,206.77060187097447,18.31621987585487,True,172,43,d2,True,41,38,d2,d2,True
358,DNF,206.77060187097447,188.4543819951196,188.4543819951196,206.77060187097447,18.31621987585487,True,319,79,,,41,38,d2,d2,True
359,BFS,205.4660137708121,196.01751119640613,196.01751119640613,205.4660137708121,9.448502574405978,True,188,47,d2,True,44,42,d2,d2,True
359,DFS,205.4660137708121,196.01751119640613,196.01751119640613,205.4660137708121,9.448502574405978,True,179,44,d1,False,44,42,d2,d2,True
359,CheapestFirst,205.4660137708121,196.01751119640613,196.01751119640613,205.4660137708121,9.448502574405978,True,188,47,d2,True,44,42,d2,d2,True
359,DNF,205.4660137708121,196.01751119640613,196.01751119640613,205.4660137708121,9.448502574405978,True,347,86,,,44,42,d2,d2,True
360,BFS,457.7515319152833,357.042315144002,357.042315144002,457.7515319152833,100.70921677128132,True,356,89,d2,True,86,68,d2,d2,True
360,DFS,457.7515319152833,357.042315144002,357.042315144002,457.7515319152833,100.70921677128132,True,347,86,d1,False,86,68,d2,d2,True
360,CheapestFirst,457.7515319152833,357.042315144002,357.042315144002,457.7515319152833,100.70921677128132,True,356,89,d2,True,86,68,d2,d2,True
360,DNF,457.7515319152833,357.042315144002,357.042315144002,457.7515319152833,100.70921677128132,True,619,154,,,86,68,d2,d2,True
361,BFS,152.17992728330742,39.45811863900521,39.45811863900521,152.17992728330742,112.72180864430221,True,55,13,d2,True,28,7,d2,d2,True
361,DFS,152.17992728330742,39.45811863900521,39.45811863900521,152.17992728330742,112.72180864430221,True,115,28,d1,False,28,7,d2,d2,True
361,CheapestFirst,152.17992728330742,39.45811863900521,39.45811863900521,152.17992728330742,112.72180864430221,True,55,13,d2,True,28,7,d2,d2,True
361,DNF,152.17992728330742,39.45811863900521,39.45811863900521,152.17992728330742,112.72180864430221,True,143,35,,,28,7,d2,d2,True
362,BFS,239.48087551309735,386.58247433327324,239.48087551309735,386.58247433327324,147.1015988201759,True,252,63,d1,True,38,60,d1,d1,True
362,DFS,239.48087551309735,386.58247433327324,239.48087551309735,386.58247433327324,147.1015988201759,True,155,38,d1,True,38,60,d1,d1,True
362,CheapestFirst,239.48087551309735,386.58247433327324,239.48087551309735,386.58247433327324,147.1015988201759,True,252,63,d1,True,38,60,d1,d1,True
362,DNF,239.48087551309735,386.58247433327324,239.48087551309735,386.58247433327324,147.1015988201759,True,395,98,,,38,60,d1,d1,True
363,BFS,494.68192958750404,48.806606559517704,48.806606559517704,494.68192958750404,445.8753230279863,True,79,19,d2,True,96,10,d2,d2,True
363,DFS,494.68192958750404,48.806606559517704,48.806606559517704,494.68192958750404,445.8753230279863,True,387,96,d1,False,96,10,d2,d2,True
363,CheapestFirst,494.68192958750404,48.806606559517704,48.806606559517704,494.68192958750404,445.8753230279863,True,87,21,d2,True,96,10,d2,d2,True
363,DNF,494.68192958750404,48.806606559517704,48.806606559517704,494.68192958750404,445.8753230279863,True,427,106,,,96,10,d2,d2,True
364,BFS,373.9621169017103,515.4850325201838,373.9621169017103,515.4850325201838,141.52291561847352,True,368,92,d1,True,69,90,d1,d1,True
364,DFS,373.9621169017103,515.4850325201838,373.9621169017103,515.4850325201838,141.52291561847352,True,279,69,d1,True,69,90,d1,d1,True
364,CheapestFirst,373.9621169017103,515.4850325201838,373.9621169017103,515.4850325201838,141.52291561847352,True,368,92,d1,True,69,90,d1,d1,True
364,DNF,373.9621169017103,515.4850325201838,373.9621169017103,515.4850325201838,141.52291561847352,True,639,159,,,69,90,d1,d1,True
365,BFS,346.802001759556,447.4141908137677,346.802001759556,447.4141908137677,100.61218905421168,True,348,87,d1,True,62,83,d1,d1,True
365,DFS,346.802001759556,447.4141908137677,346.802001759556,447.4141908137677,100.61218905421168,True,251,62,d1,True,62,83,d1,d1,True
365,CheapestFirst,346.802001759556,447.4141908137677,346.802001759556,447.4141908137677,100.61218905421168,True,348,87,d1,True,62,83,d1,d1,True
365,DNF,346.802001759556,447.4141908137677,346.802001759556,447.4141908137677,100.61218905421168,True,583,145,,,62,83,d1,d1,True
366,BFS,92.0581123852044,188.83653643373393,92.0581123852044,188.83653643373393,96.77842404852953,True,139,34,d1,True,17,38,d1,d1,True
366,DFS,92.0581123852044,188.83653643373393,92.0581123852044,188.83653643373393,96.77842404852953,True,71,17,d1,True,17,38,d1,d1,True
366,CheapestFirst,92.0581123852044,188.83653643373393,92.0581123852044,188.83653643373393,96.77842404852953,True,147,36,d1,True,17,38,d1,d1,True
366,DNF,92.0581123852044,188.83653643373393,92.0581123852044,188.83653643373393,96.77842404852953,True,223,55,,,17,38,d1,d1,True
367,BFS,174.42093188360138,346.8140864430698,174.42093188360138,346.8140864430698,172.39315455946843,True,243,60,d1,True,30,59,d1,d1,True
367,DFS,174.42093188360138,346.8140864430698,174.42093188360138,346.8140864430698,172.39315455946843,True,123,30,d1,True,30,59,d1,d1,True
367,CheapestFirst,174.42093188360138,346.8140864430698,174.42093188360138,346.8140864430698,172.39315455946843,True,231,57,d1,True,30,59,d1,d1,True
367,DNF,174.42093188360138,346.8140864430698,174.42093188360138,346.8140864430698,172.39315455946843,True,359,89,,,30,59,d1,d1,True
368,BFS,232.18540552324762,278.6834546062153,232.18540552324762,278.6834546062153,46.4980490829677,True,216,54,d1,True,41,51,d1,d1,True
368,DFS,232.18540552324762,278.6834546062153,232.18540552324762,278.6834546062153,46.4980490829677,True,167,41,d1,True,41,51,d1,d1,True
368,CheapestFirst,232.18540552324762,278.6834546062153,232.18540552324762,278.6834546062153,46.4980490829677,True,216,54,d1,True,41,51,d1,d1,True
368,DNF,232.18540552324762,278.6834546062153,232.18540552324762,278.6834546062153,46.4980490829677,True,371,92,,,41,51,d1,d1,True
369,BFS,255.9385488478053,275.2745616793585,255.9385488478053,275.2745616793585,19.336012831553205,True,208,52,d1,True,45,49,d1,d1,True
369,DFS,255.9385488478053,275.2745616793585,255.9385488478053,275.2745616793585,19.336012831553205,True,183,45,d1,True,45,49,d1,d1,True
369,CheapestFirst,255.9385488478053,275.2745616793585,255.9385488478053,275.2745616793585,19.336012831553205,True,208,52,d1,True,45,49,d1,d1,True
369,DNF,255.9385488478053,275.2745616793585,255.9385488478053,275.2745616793585,19.336012831553205,True,379,94,,,45,49,d1,d1,True
370,BFS,5.6858235423278565,87.87398783808777,5.6858235423278565,87.87398783808777,82.18816429575992,True,7,1,d1,True,1,16,d1,d1,True
370,DFS,5.6858235423278565,87.87398783808777,5.6858235423278565,87.87398783808777,82.18816429575992,True,7,1,d1,True,1,16,d1,d1,True
370,CheapestFirst,5.6858235423278565,87.87398783808777,5.6858235423278565,87.87398783808777,82.18816429575992,True,7,1,d1,True,1,16,d1,d1,True
370,DNF,5.6858235423278565,87.87398783808777,5.6858235423278565,87.87398783808777,82.18816429575992,True,71,17,,,1,16,d1,d1,True
371,BFS,393.5552722796374,47.00225565744777,47.00225565744777,393.5552722796374,346.5530166221896,True,103,25,d2,True,78,13,d2,d2,True
371,DFS,393.5552722796374,47.00225565744777,47.00225565744777,393.5552722796374,346.5530166221896,True,315,78,d1,False,78,13,d2,d2,True
371,CheapestFirst,393.5552722796374,47.00225565744777,47.00225565744777,393.5552722796374,346.5530166221896,True,91,22,d2,True,78,13,d2,d2,True
371,DNF,393.5552722796374,47.00225565744777,47.00225565744777,393.5552722796374,346.5530166221896,True,367,91,,,78,13,d2,d2,True
372,BFS,364.0436173649884,417.7462068386713,364.0436173649884,417.7462068386713,53.702589473682906,True,324,81,d1,True,70,79,d1,d1,True
372,DFS,364.0436173649884,417.7462068386713,364.0436173649884,417.7462068386713,53.702589473682906,True,283,70,d1,True,70,79,d1,d1,True
372,CheapestFirst,364.0436173649884,417.7462068386713,364.0436173649884,417.7462068386713,53.702589473682906,True,324,81,d1,True,70,79,d1,d1,True
372,DNF,364.0436173649884,417.7462068386713,364.0436173649884,417.7462068386713,53.702589473682906,True,599,149,,,70,79,d1,d1,True
373,BFS,505.7491230807543,560.4039881692939,505.7491230807543,560.4039881692939,54.65486508853962,True,420,105,d1,True,90,100,d1,d1,True
373,DFS,505.7491230807543,560.4039881692939,505.7491230807543,560.4039881692939,54.65486508853962,True,363,90,d1,True,90,100,d1,d1,True
373,CheapestFirst,505.7491230807543,560.4039881692939,505.7491230807543,560.4039881692939,54.65486508853962,True,420,105,d1,True,90,100,d1,d1,True
373,DNF,505.7491230807543,560.4039881692939,505.7491230807543,560.4039881692939,54.65486508853962,True,763,190,,,90,100,d1,d1,True
374,BFS,312.86819730910554,423.92192579540614,312.86819730910554,423.92192579540614,111.0537284863006,True,308,77,d1,True,55,74,d1,d1,True
374,DFS,312.86819730910554,423.92192579540614,312.86819730910554,423.92192579540614,111.0537284863006,True,223,55,d1,True,55,74,d1,d1,True
374,CheapestFirst,312.86819730910554,423.92192579540614,312.86819730910554,423.92192579540614,111.0537284863006,True,308,77,d1,True,55,74,d1,d1,True
374,DNF,312.86819730910554,423.92192579540614,312.86819730910554,423.92192579540614,111.0537284863006,True,519,129,,,55,74,d1,d1,True
375,BFS,108.69287875353353,7.1743028309498715,7.1743028309498715,108.69287875353353,101.51857592258366,True,11,2,d2,True,19,1,d2,d2,True
375,DFS,108.69287875353353,7.1743028309498715,7.1743028309498715,108.69287875353353,101.51857592258366,True,79,19,d1,False,19,1,d2,d2,True
375,CheapestFirst,108.69287875353353,7.1743028309498715,7.1743028309498715,108.69287875353353,101.51857592258366,True,11,2,d2,True,19,1,d2,d2,True
375,DNF,108.69287875353353,7.1743028309498715,7.1743028309498715,108.69287875353353,101.51857592258366,True,83,20,,,19,1,d2,d2,True
376,BFS,474.88762542938616,555.5831328567281,474.88762542938616,555.5831328567281,80.69550742734191,True,400,100,d1,True,83,99,d1,d1,True
376,DFS,474.88762542938616,555.5831328567281,474.88762542938616,555.5831328567281,80.69550742734191,True,335,83,d1,True,83,99,d1,d1,True
376,CheapestFirst,474.88762542938616,555.5831328567281,474.88762542938616,555.5831328567281,80.69550742734191,True,400,100,d1,True,83,99,d1,d1,True
376,DNF,474.88762542938616,555.5831328567281,474.88762542938616,555.5831328567281,80.69550742734191,True,731,182,,,83,99,d1,d1,True
377,BFS,373.1737208721532,177.0151621506831,177.0151621506831,373.1737208721532,196.1585587214701,True,287,71,d2,True,70,36,d2,d2,True
377,DFS,373.1737208721532,177.0151621506831,177.0151621506831,373.1737208721532,196.1585587214701,True,283,70,d1,False,70,36,d2,d2,True
377,CheapestFirst,373.1737208721532,177.0151621506831,177.0151621506831,373.1737208721532,196.1585587214701,True,271,67,d2,True,70,36,d2,d2,True
377,DNF,373.1737208721532,177.0151621506831,177.0151621506831,373.1737208721532,196.1585587214701,True,427,106,,,70,36,d2,d2,True
378,BFS,513.3510193703764,202.5471479115701,202.5471479115701,513.3510193703764,310.8038714588063,True,287,71,d2,True,95,36,d2,d2,True
378,DFS,513.3510193703764,202.5471479115701,202.5471479115701,513.3510193703764,310.8038714588063,True,383,95,d1,False,95,36,d2,d2,True
378,CheapestFirst,513.3510193703764,202.5471479115701,202.5471479115701,513.3510193703764,310.8038714588063,True,299,74,d2,True,95,36,d2,d2,True
378,DNF,513.3510193703764,202.5471479115701,202.5471479115701,513.3510193703764,310.8038714588063,True,527,131,,,95,36,d2,d2,True
379,BFS,179.9384847634051,68.94124550371426,68.94124550371426,179.9384847634051,110.99723925969086,True,111,27,d2,True,36,14,d2,d2,True
379,DFS,179.9384847634051,68.94124550371426,68.94124550371426,179.9384847634051,110.99723925969086,True,147,36,d1,False,36,14,d2,d2,True
379,CheapestFirst,179.9384847634051,68.94124550371426,68.94124550371426,179.9384847634051,110.99723925969086,True,115,28,d2,True,36,14,d2,d2,True
379,DNF,179.9384847634051,68.94124550371426,68.94124550371426,179.9384847634051,110.99723925969086,True,203,50,,,36,14,d2,d2,True
380,BFS,302.8129635351116,127.29289199302406,127.29289199302406,302.8129635351116,175.52007154208752,True,167,41,d2,True,55,21,d2,d2,True
380,DFS,302.8129635351116,127.29289199302406,127.29289199302406,302.8129635351116,175.52007154208752,True,223,55,d1,False,55,21,d2,d2,True
380,CheapestFirst,302.8129635351116,127.29289199302406,127.29289199302406,302.8129635351116,175.52007154208752,True,183,45,d2,True,55,21,d2,d2,True
380,DNF,302.8129635351116,127.29289199302406,127.29289199302406,302.8129635351116,175.52007154208752,True,307,76,,,55,21,d2,d2,True
381,BFS,85.05060515028785,485.1605671966896,85.05060515028785,485.1605671966896,400.10996204640173,True,123,30,d1,True,15,84,d1,d1,True
381,DFS,85.05060515028785,485.1605671966896,85.05060515028785,485.1605671966896,400.10996204640173,True,63,15,d1,True,15,84,d1,d1,True
381,CheapestFirst,85.05060515028785,485.1605671966896,85.05060515028785,485.1605671966896,400.10996204640173,True,131,32,d1,True,15,84,d1,d1,True
381,DNF,85.05060515028785,485.1605671966896,85.05060515028785,485.1605671966896,400.10996204640173,True,399,99,,,15,84,d1,d1,True
382,BFS,288.8006093838432,221.76618705729388,221.76618705729388,288.8006093838432,67.03442232654933,True,228,57,d2,True,53,37,d2,d2,True
382,DFS,288.8006093838432,221.76618705729388,221.76618705729388,288.8006093838432,67.03442232654933,True,215,53,d1,False,53,37,d2,d2,True
382,CheapestFirst,288.8006093838432,221.76618705729388,221.76618705729388,288.8006093838432,67.03442232654933,True,228,57,d2,True,53,37,d2,d2,True
382,DNF,288.8006093838432,221.76618705729388,221.76618705729388,288.8006093838432,67.03442232654933,True,363,90,,,53,37,d2,d2,True
383,BFS,491.29991103081346,269.0168620384003,269.0168620384003,491.29991103081346,222.28304899241317,True,388,97,d2,True,93,51,d2,d2,True
383,DFS,491.29991103081346,269.0168620384003,269.0168620384003,491.29991103081346,222.28304899241317,True,375,93,d1,False,93,51,d2,d2,True
383,CheapestFirst,491.29991103081346,269.0168620384003,269.0168620384003,491.29991103081346,222.28304899241317,True,388,97,d2,True,93,51,d2,d2,True
383,DNF,491.29991103081346,269.0168620384003,269.0168620384003,491.29991103081346,222.28304899241317,True,579,144,,,93,51,d2,d2,True
384,BFS,291.9464588664255,106.4503529586699,106.4503529586699,291.9464588664255,185.49610590775558,True,183,45,d2,True,56,23,d2,d2,True
384,DFS,291.9464588664255,106.4503529586699,106.4503529586699,291.9464588664255,185.49610590775558,True,227,56,d1,False,56,23,d2,d2,True
384,CheapestFirst,291.9464588664255,106.4503529586699,106.4503529586699,291.9464588664255,185.49610590775558,True,171,42,d2,True,56,23,d2,d2,True
384,DNF,291.9464588664255,106.4503529586699,106.4503529586699,291.9464588664255,185.49610590775558,True,319,79,,,56,23,d2,d2,True
385,BFS,144.19054446393966,152.4495517999399,144.19054446393966,152.4495517999399,8.259007336000252,True,128,32,d1,True,29,30,d1,d1,True
385,DFS,144.19054446393966,152.4495517999399,144.19054446393966,152.4495517999399,8.259007336000252,True,119,29,d1,True,29,30,d1,d1,True
385,CheapestFirst,144.19054446393966,152.4495517999399,144.19054446393966,152.4495517999399,8.259007336000252,True,128,32,d1,True,29,30,d1,d1,True
385,DNF,144.19054446393966,152.4495517999399,144.19054446393966,152.4495517999399,8.259007336000252,True,239,59,,,29,30,d1,d1,True
386,BFS,365.97457019487996,422.29922285199996,365.97457019487996,422.29922285199996,56.32465265712,True,312,78,d1,True,66,76,d1,d1,True
386,DFS,365.97457019487996,422.29922285199996,365.97457019487996,422.29922285199996,56.32465265712,True,267,66,d1,True,66,76,d1,d1,True
386,CheapestFirst,365.97457019487996,422.29922285199996,365.97457019487996,422.29922285199996,56.32465265712,True,312,78,d1,True,66,76,d1,d1,True
386,DNF,365.97457019487996,422.29922285199996,365.97457019487996,422.29922285199996,56.32465265712,True,571,142,,,66,76,d1,d1,True
387,BFS,417.42552995555354,385.71309227640666,385.71309227640666,417.42552995555354,31.712437679146888,True,328,82,d2,True,79,73,d2,d2,True
387,DFS,417.42552995555354,385.71309227640666,385.71309227640666,417.42552995555354,31.712437679146888,True,319,79,d1,False,79,73,d2,d2,True
387,CheapestFirst,417.42552995555354,385.71309227640666,385.71309227640666,417.42552995555354,31.712437679146888,True,328,82,d2,True,79,73,d2,d2,True
387,DNF,417.42552995555354,385.71309227640666,385.71309227640666,417.42552995555354,31.712437679146888,True,611,152,,,79,73,d2,d2,True
388,BFS,155.01834978932933,205.91932362651372,155.01834978932933,205.91932362651372,50.90097383718438,True,152,38,d1,True,26,35,d1,d1,True
388,DFS,155.01834978932933,205.91932362651372,155.01834978932933,205.91932362651372,50.90097383718438,True,107,26,d1,True,26,35,d1,d1,True
388,CheapestFirst,155.01834978932933,205.91932362651372,155.01834978932933,205.91932362651372,50.90097383718438,True,152,38,d1,True,26,35,d1,d1,True
388,DNF,155.01834978932933,205.91932362651372,155.01834978932933,205.91932362651372,50.90097383718438,True,247,61,,,26,35,d1,d1,True
389,BFS,156.42885037806647,13.193923130937499,13.193923130937499,156.42885037806647,143.23492724712898,True,15,3,d2,True,34,2,d2,d2,True
389,DFS,156.42885037806647,13.193923130937499,13.193923130937499,156.42885037806647,143.23492724712898,True,139,34,d1,False,34,2,d2,d2,True
389,CheapestFirst,156.42885037806647,13.193923130937499,13.193923130937499,156.42885037806647,143.23492724712898,True,23,5,d2,True,34,2,d2,d2,True
389,DNF,156.42885037806647,13.193923130937499,13.193923130937499,156.42885037806647,143.23492724712898,True,147,36,,,34,2,d2,d2,True
390,BFS,583.7487946837367,481.423776915948,481.423776915948,583.7487946837367,102.32501776778872,True,416,104,d2,True,100,83,d2,d2,True
390,DFS,583.7487946837367,481.423776915948,481.423776915948,583.7487946837367,102.32501776778872,True,403,100,d1,False,100,83,d2,d2,True
390,CheapestFirst,583.7487946837367,481.423776915948,481.423776915948,583.7487946837367,102.32501776778872,True,416,104,d2,True,100,83,d2,d2,True
390,DNF,583.7487946837367,481.423776915948,481.423776915948,583.7487946837367,102.32501776778872,True,735,183,,,100,83,d2,d2,True
391,BFS,383.0942608521071,170.8271490967629,170.8271490967629,383.0942608521071,212.2671117553442,True,247,61,d2,True,69,31,d2,d2,True
391,DFS,383.0942608521071,170.8271490967629,170.8271490967629,383.0942608521071,212.2671117553442,True,279,69,d1,False,69,31,d2,d2,True
391,CheapestFirst,383.0942608521071,170.8271490967629,170.8271490967629,383.0942608521071,212.2671117553442,True,243,60,d2,True,69,31,d2,d2,True
391,DNF,383.0942608521071,170.8271490967629,170.8271490967629,383.0942608521071,212.2671117553442,True,403,100,,,69,31,d2,d2,True
392,BFS,463.4255843117503,336.3200120854361,336.3200120854361,463.4255843117503,127.10557222631422,True,332,83,d2,True,81,62,d2,d2,True
392,DFS,463.4255843117503,336.3200120854361,336.3200120854361,463.4255843117503,127.10557222631422,True,327,81,d1,False,81,62,d2,d2,True
392,CheapestFirst,463.4255843117503,336.3200120854361,336.3200120854361,463.4255843117503,127.10557222631422,True,332,83,d2,True,81,62,d2,d2,True
392,DNF,463.4255843117503,336.3200120854361,336.3200120854361,463.4255843117503,127.10557222631422,True,575,143,,,81,62,d2,d2,True
393,BFS,111.95453255469563,528.8745204559946,111.95453255469563,528.8745204559946,416.91998790129895,True,163,40,d1,True,20,97,d1,d1,True
393,DFS,111.95453255469563,528.8745204559946,111.95453255469563,528.8745204559946,416.91998790129895,True,83,20,d1,True,20,97,d1,d1,True
393,CheapestFirst,111.95453255469563,528.8745204559946,111.95453255469563,528.8745204559946,416.91998790129895,True,167,41,d1,True,20,97,d1,d1,True
393,DNF,111.95453255469563,528.8745204559946,111.95453255469563,528.8745204559946,416.91998790129895,True,471,117,,,20,97,d1,d1,True
394,BFS,419.5281300904398,131.28556952983203,131.28556952983203,419.5281300904398,288.2425605606078,True,191,47,d2,True,76,24,d2,d2,True
394,DFS,419.5281300904398,131.28556952983203,131.28556952983203,419.5281300904398,288.2425605606078,True,307,76,d1,False,76,24,d2,d2,True
394,CheapestFirst,419.5281300904398,131.28556952983203,131.28556952983203,419.5281300904398,288.2425605606078,True,199,49,d2,True,76,24,d2,d2,True
394,DNF,419.5281300904398,131.28556952983203,131.28556952983203,419.5281300904398,288.2425605606078,True,403,100,,,76,24,d2,d2,True
395,BFS,92.53458419408443,175.71324794216383,92.53458419408443,175.71324794216383,83.1786637480794,True,147,36,d1,True,18,35,d1,d1,True
395,DFS,92.53458419408443,175.71324794216383,92.53458419408443,175.71324794216383,83.1786637480794,True,75,18,d1,True,18,35,d1,d1,True
395,CheapestFirst,92.53458419408443,175.71324794216383,92.53458419408443,175.71324794216383,83.1786637480794,True,148,37,d1,True,18,35,d1,d1,True
395,DNF,92.53458419408443,175.71324794216383,92.53458419408443,175.71324794216383,83.1786637480794,True,215,53,,,18,35,d1,d1,True
396,BFS,21.482609025365747,532.0669485066862,21.482609025365747,532.0669485066862,510.5843394813205,True,51,12,d1,True,6,96,d1,d1,True
396,DFS,21.482609025365747,532.0669485066862,21.482609025365747,532.0669485066862,510.5843394813205,True,27,6,d1,True,6,96,d1,d1,True
396,CheapestFirst,21.482609025365747,532.0669485066862,21.482609025365747,532.0669485066862,510.5843394813205,True,39,9,d1,True,6,96,d1,d1,True
396,DNF,21.482609025365747,532.0669485066862,21.482609025365747,532.0669485066862,510.5843394813205,True,411,102,,,6,96,d1,d1,True
397,BFS,496.64654101189194,105.98677644811832,105.98677644811832,496.64654101189194,390.6597645637736,True,135,33,d2,True,87,17,d2,d2,True
397,DFS,496.64654101189194,105.98677644811832,105.98677644811832,496.64654101189194,390.6597645637736,True,351,87,d1,False,87,17,d2,d2,True
397,CheapestFirst,496.64654101189194,105.98677644811832,105.98677644811832,496.64654101189194,390.6597645637736,True,143,35,d2,True,87,17,d2,d2,True
397,DNF,496.64654101189194,105.98677644811832,105.98677644811832,496.64654101189194,390.6597645637736,True,419,104,,,87,17,d2,d2,True
398,BFS,76.47269141085081,359.95882969101024,76.47269141085081,359.95882969101024,283.4861382801594,True,123,30,d1,True,15,70,d1,d1,True
398,DFS,76.47269141085081,359.95882969101024,76.47269141085081,359.95882969101024,283.4861382801594,True,63,15,d1,True,15,70,d1,d1,True
398,CheapestFirst,76.47269141085081,359.95882969101024,76.47269141085081,359.95882969101024,283.4861382801594,True,131,32,d1,True,15,70,d1,d1,True
398,DNF,76.47269141085081,359.95882969101024,76.47269141085081,359.95882969101024,283.4861382801594,True,343,85,,,15,70,d1,d1,True
399,BFS,545.3419592487975,74.98175132487435,74.98175132487435,545.3419592487975,470.3602079239231,True,127,31,d2,True,99,16,d2,d2,True
399,DFS,545.3419592487975,74.98175132487435,74.98175132487435,545.3419592487975,470.3602079239231,True,399,99,d1,False,99,16,d2,d2,True
399,CheapestFirst,545.3419592487975,74.98175132487435,74.98175132487435,545.3419592487975,470.3602079239231,True,115,28,d2,True,99,16,d2,d2,True
399,DNF,545.3419592487975,74.98175132487435,74.98175132487435,545.3419592487975,470.3602079239231,True,463,115,,,99,16,d2,d2,True
400,BFS,147.96228970265517,513.990165053372,147.96228970265517,513.990165053372,366.02787535071684,True,267,66,d1,True,33,97,d1,d1,True
400,DFS,147.96228970265517,513.990165053372,147.96228970265517,513.990165053372,366.02787535071684,True,135,33,d1,True,33,97,d1,d1,True
400,CheapestFirst,147.96228970265517,513.990165053372,147.96228970265517,513.990165053372,366.02787535071684,True,247,61,d1,True,33,97,d1,d1,True
400,DNF,147.96228970265517,513.990165053372,147.96228970265517,513.990165053372,366.02787535071684,True,523,130,,,33,97,d1,d1,True
401,BFS,381.3840923026111,98.67699663950384,98.67699663950384,381.3840923026111,282.7070956631073,True,135,33,d2,True,65,17,d2,d2,True
401,DFS,381.3840923026111,98.67699663950384,98.67699663950384,381.3840923026111,282.7070956631073,True,263,65,d1,False,65,17,d2,d2,True
401,CheapestFirst,381.3840923026111,98.67699663950384,98.67699663950384,381.3840923026111,282.7070956631073,True,143,35,d2,True,65,17,d2,d2,True
401,DNF,381.3840923026111,98.67699663950384,98.67699663950384,381.3840923026111,282.7070956631073,True,331,82,,,65,17,d2,d2,True
402,BFS,166.24284643175056,194.49322332525298,166.24284643175056,194.49322332525298,28.25037689350242,True,156,39,d1,True,32,35,d1,d1,True
402,DFS,166.24284643175056,194.49322332525298,166.24284643175056,194.49322332525298,28.25037689350242,True,131,32,d1,True,32,35,d1,d1,True
402,CheapestFirst,166.24284643175056,194.49322332525298,166.24284643175056,194.49322332525298,28.25037689350242,True,156,39,d1,True,32,35,d1,d1,True
402,DNF,166.24284643175056,194.49322332525298,166.24284643175056,194.49322332525298,28.25037689350242,True,271,67,,,32,35,d1,d1,True
403,BFS,186.40619955414866,64.59979134312276,64.59979134312276,186.40619955414866,121.8064082110259,True,111,27,d2,True,33,14,d2,d2,True
403,DFS,186.40619955414866,64.59979134312276,64.59979134312276,186.40619955414866,121.8064082110259,True,135,33,d1,False,33,14,d2,d2,True
403,CheapestFirst,186.40619955414866,64.59979134312276,64.59979134312276,186.40619955414866,121.8064082110259,True,103,25,d2,True,33,14,d2,d2,True
403,DNF,186.40619955414866,64.59979134312276,64.59979134312276,186.40619955414866,121.8064082110259,True,191,47,,,33,14,d2,d2,True
404,BFS,464.1153818968128,77.57343446232336,77.57343446232336,464.1153818968128,386.54194743448943,True,135,33,d2,True,87,17,d2,d2,True
404,DFS,464.1153818968128,77.57343446232336,77.57343446232336,464.1153818968128,386.54194743448943,True,351,87,d1,False,87,17,d2,d2,True
404,CheapestFirst,464.1153818968128,77.57343446232336,77.57343446232336,464.1153818968128,386.54194743448943,True,123,30,d2,True,87,17,d2,d2,True
404,DNF,464.1153818968128,77.57343446232336,77.57343446232336,464.1153818968128,386.54194743448943,True,419,104,,,87,17,d2,d2,True
405,BFS,64.70807400543933,438.4623653056415,64.70807400543933,438.4623653056415,373.7542913002022,True,107,26,d1,True,13,78,d1,d1,True
405,DFS,64.70807400543933,438.4623653056415,64.70807400543933,438.4623653056415,373.7542913002022,True,55,13,d1,True,13,78,d1,d1,True
405,CheapestFirst,64.70807400543933,438.4623653056415,64.70807400543933,438.4623653056415,373.7542913002022,True,95,23,d1,True,13,78,d1,d1,True
405,DNF,64.70807400543933,438.4623653056415,64.70807400543933,438.4623653056415,373.7542913002022,True,367,91,,,13,78,d1,d1,True
406,BFS,308.87541098373646,245.82930970184427,245.82930970184427,308.87541098373646,63.04610128189219,True,260,65,d2,True,62,50,d2,d2,True
406,DFS,308.87541098373646,245.82930970184427,245.82930970184427,308.87541098373646,63.04610128189219,True,251,62,d1,False,62,50,d2,d2,True
406,CheapestFirst,308.87541098373646,245.82930970184427,245.82930970184427,308.87541098373646,63.04610128189219,True,260,65,d2,True,62,50,d2,d2,True
406,DNF,308.87541098373646,245.82930970184427,245.82930970184427,308.87541098373646,63.04610128189219,True,451,112,,,62,50,d2,d2,True
407,BFS,16.813135823214473,184.55756501704766,16.813135823214473,184.55756501704766,167.74442919383318,True,27,6,d1,True,3,29,d1,d1,True
407,DFS,16.813135823214473,184.55756501704766,16.813135823214473,184.55756501704766,167.74442919383318,True,15,3,d1,True,3,29,d1,d1,True
407,CheapestFirst,16.813135823214473,184.55756501704766,16.813135823214473,184.55756501704766,167.74442919383318,True,27,6,d1,True,3,29,d1,d1,True
407,DNF,16.813135823214473,184.55756501704766,16.813135823214473,184.55756501704766,167.74442919383318,True,131,32,,,3,29,d1,d1,True
408,BFS,377.6006902423172,247.81193115004743,247.81193115004743,377.6006902423172,129.7887590922698,True,280,70,d2,True,67,46,d2,d2,True
408,DFS,377.6006902423172,247.81193115004743,247.81193115004743,377.6006902423172,129.7887590922698,True,271,67,d1,False,67,46,d2,d2,True
408,CheapestFirst,377.6006902423172,247.81193115004743,247.81193115004743,377.6006902423172,129.7887590922698,True,280,70,d2,True,67,46,d2,d2,True
408,DNF,377.6006902423172,247.81193115004743,247.81193115004743,377.6006902423172,129.7887590922698,True,455,113,,,67,46,d2,d2,True
409,BFS,415.96921628691865,247.98604767290269,247.98604767290269,415.96921628691865,167.98316861401597,True,340,85,d2,True,83,52,d2,d2,True
409,DFS,415.96921628691865,247.98604767290269,247.98604767290269,415.96921628691865,167.98316861401597,True,335,83,d1,False,83,52,d2,d2,True
409,CheapestFirst,415.96921628691865,247.98604767290269,247.98604767290269,415.96921628691865,167.98316861401597,True,340,85,d2,True,83,52,d2,d2,True
409,DNF,415.96921628691865,247.98604767290269,247.98604767290269,415.96921628691865,167.98316861401597,True,543,135,,,83,52,d2,d2,True
410,BFS,474.1012471678911,101.70282926402312,101.70282926402312,474.1012471678911,372.39841790386794,True,159,39,d2,True,82,20,d2,d2,True
410,DFS,474.1012471678911,101.70282926402312,101.70282926402312,474.1012471678911,372.39841790386794,True,331,82,d1,False,82,20,d2,d2,True
410,CheapestFirst,474.1012471678911,101.70282926402312,101.70282926402312,474.1012471678911,372.39841790386794,True,155,38,d2,True,82,20,d2,d2,True
410,DNF,474.1012471678911,101.70282926402312,101.70282926402312,474.1012471678911,372.39841790386794,True,411,102,,,82,20,d2,d2,True
411,BFS,44.75673179424525,17.15730687384759,17.15730687384759,44.75673179424525,27.59942492039766,True,23,5,d2,True,6,3,d2,d2,True
411,DFS,44.75673179424525,17.15730687384759,17.15730687384759,44.75673179424525,27.59942492039766,True,27,6,d1,False,6,3,d2,d2,True
411,CheapestFirst,44.75673179424525,17.15730687384759,17.15730687384759,44.75673179424525,27.59942492039766,True,19,4,d2,True,6,3,d2,d2,True
411,DNF,44.75673179424525,17.15730687384759,17.15730687384759,44.75673179424525,27.59942492039766,True,39,9,,,6,3,d2,d2,True
412,BFS,528.9303797357707,86.81436306901891,86.81436306901891,528.9303797357707,442.11601666675176,True,119,29,d2,True,97,15,d2,d2,True
412,DFS,528.9303797357707,86.81436306901891,86.81436306901891,528.9303797357707,442.11601666675176,True,391,97,d1,False,97,15,d2,d2,True
412,CheapestFirst,528.9303797357707,86.81436306901891,86.81436306901891,528.9303797357707,442.11601666675176,True,139,34,d2,True,97,15,d2,d2,True
412,DNF,528.9303797357707,86.81436306901891,86.81436306901891,528.9303797357707,442.11601666675176,True,451,112,,,97,15,d2,d2,True
413,BFS,251.75179424978424,572.7239163282115,251.75179424978424,572.7239163282115,320.97212207842733,True,379,94,d1,True,47,96,d1,d1,True
413,DFS,251.75179424978424,572.7239163282115,251.75179424978424,572.7239163282115,320.97212207842733,True,191,47,d1,True,47,96,d1,d1,True
413,CheapestFirst,251.75179424978424,572.7239163282115,251.75179424978424,572.7239163282115,320.97212207842733,True,351,87,d1,True,47,96,d1,d1,True
413,DNF,251.75179424978424,572.7239163282115,251.75179424978424,572.7239163282115,320.97212207842733,True,575,143,,,47,96,d1,d1,True
414,BFS,517.6194845286931,343.6074235769664,343.6074235769664,517.6194845286931,174.01206095172665,True,408,102,d2,True,99,63,d2,d2,True
414,DFS,517.6194845286931,343.6074235769664,343.6074235769664,517.6194845286931,174.01206095172665,True,399,99,d1,False,99,63,d2,d2,True
414,CheapestFirst,517.6194845286931,343.6074235769664,343.6074235769664,517.6194845286931,174.01206095172665,True,408,102,d2,True,99,63,d2,d2,True
414,DNF,517.6194845286931,343.6074235769664,343.6074235769664,517.6194845286931,174.01206095172665,True,651,162,,,99,63,d2,d2,True
415,BFS,412.2624384599513,82.5695481311474,82.5695481311474,412.2624384599513,329.69289032880386,True,103,25,d2,True,72,13,d2,d2,True
415,DFS,412.2624384599513,82.5695481311474,82.5695481311474,412.2624384599513,329.69289032880386,True,291,72,d1,False,72,13,d2,d2,True
415,CheapestFirst,412.2624384599513,82.5695481311474,82.5695481311474,412.2624384599513,329.69289032880386,True,107,26,d2,True,72,13,d2,d2,True
415,DNF,412.2624384599513,82.5695481311474,82.5695481311474,412.2624384599513,329.69289032880386,True,343,85,,,72,13,d2,d2,True
416,BFS,515.9666384647513,482.5691464583297,482.5691464583297,515.9666384647513,33.3974920064216,True,368,92,d2,True,89,83,d2,d2,True
416,DFS,515.9666384647513,482.5691464583297,482.5691464583297,515.9666384647513,33.3974920064216,True,359,89,d1,False,89,83,d2,d2,True
416,CheapestFirst,515.9666384647513,482.5691464583297,482.5691464583297,515.9666384647513,33.3974920064216,True,368,92,d2,True,89,83,d2,d2,True
416,DNF,515.9666384647513,482.5691464583297,482.5691464583297,515.9666384647513,33.3974920064216,True,691,172,,,89,83,d2,d2,True
417,BFS,374.81351156808495,345.7956893367707,345.7956893367707,374.81351156808495,29.017822231314256,True,288,72,d2,True,67,62,d2,d2,True
417,DFS,374.81351156808495,345.7956893367707,345.7956893367707,374.81351156808495,29.017822231314256,True,271,67,d1,False,67,62,d2,d2,True
417,CheapestFirst,374.81351156808495,345.7956893367707,345.7956893367707,374.81351156808495,29.017822231314256,True,288,72,d2,True,67,62,d2,d2,True
417,DNF,374.81351156808495,345.7956893367707,345.7956893367707,374.81351156808495,29.017822231314256,True,519,129,,,67,62,d2,d2,True
418,BFS,427.5558574385661,542.9146912208496,427.5558574385661,542.9146912208496,115.35883378228351,True,412,103,d1,True,79,99,d1,d1,True
418,DFS,427.5558574385661,542.9146912208496,427.5558574385661,542.9146912208496,115.35883378228351,True,319,79,d1,True,79,99,d1,d1,True
418,CheapestFirst,427.5558574385661,542.9146912208496,427.5558574385661,542.9146912208496,115.35883378228351,True,412,103,d1,True,79,99,d1,d1,True
418,DNF,427.5558574385661,542.9146912208496,427.5558574385661,542.9146912208496,115.35883378228351,True,715,178,,,79,99,d1,d1,True
419,BFS,2.6190476653543393,429.2430190737414,2.6190476653543393,429.2430190737414,426.62397140838704,True,7,1,d1,True,1,77,d1,d1,True
419,DFS,2.6190476653543393,429.2430190737414,2.6190476653543393,429.2430190737414,426.62397140838704,True,7,1,d1,True,1,77,d1,d1,True
419,CheapestFirst,2.6190476653543393,429.2430190737414,2.6190476653543393,429.2430190737414,426.62397140838704,True,7,1,d1,True,1,77,d1,d1,True
419,DNF,2.6190476653543393,429.2430190737414,2.6190476653543393,429.2430190737414,426.62397140838704,True,319,79,,,1,77,d1,d1,True
420,BFS,348.1525796652272,273.21539392029916,273.21539392029916,348.1525796652272,74.93718574492806,True,248,62,d2,True,59,46,d2,d2,True
420,DFS,348.1525796652272,273.21539392029916,273.21539392029916,348.1525796652272,74.93718574492806,True,239,59,d1,False,59,46,d2,d2,True
420,CheapestFirst,348.1525796652272,273.21539392029916,273.21539392029916,348.1525796652272,74.93718574492806,True,248,62,d2,True,59,46,d2,d2,True
420,DNF,348.1525796652272,273.21539392029916,273.21539392029916,348.1525796652272,74.93718574492806,True,423,105,,,59,46,d2,d2,True
421,BFS,188.24347551433644,224.39395366672446,188.24347551433644,224.39395366672446,36.15047815238802,True,164,41,d1,True,33,39,d1,d1,True
421,DFS,188.24347551433644,224.39395366672446,188.24347551433644,224.39395366672446,36.15047815238802,True,135,33,d1,True,33,39,d1,d1,True
421,CheapestFirst,188.24347551433644,224.39395366672446,188.24347551433644,224.39395366672446,36.15047815238802,True,164,41,d1,True,33,39,d1,d1,True
421,DNF,188.24347551433644,224.39395366672446,188.24347551433644,224.39395366672446,36.15047815238802,True,291,72,,,33,39,d1,d1,True
422,BFS,261.00243061972253,482.82056237227374,261.00243061972253,482.82056237227374,221.8181317525512,True,392,98,d1,True,55,96,d1,d1,True
422,DFS,261.00243061972253,482.82056237227374,261.00243061972253,482.82056237227374,221.8181317525512,True,223,55,d1,True,55,96,d1,d1,True
422,CheapestFirst,261.00243061972253,482.82056237227374,261.00243061972253,482.82056237227374,221.8181317525512,True,392,98,d1,True,55,96,d1,d1,True
422,DNF,261.00243061972253,482.82056237227374,261.00243061972253,482.82056237227374,221.8181317525512,True,607,151,,,55,96,d1,d1,True
423,BFS,245.83607062304694,370.43330574732795,245.83607062304694,370.43330574732795,124.59723512428101,True,292,73,d1,True,44,69,d1,d1,True
423,DFS,245.83607062304694,370.43330574732795,245.83607062304694,370.43330574732795,124.59723512428101,True,179,44,d1,True,44,69,d1,d1,True
423,CheapestFirst,245.83607062304694,370.43330574732795,245.83607062304694,370.43330574732795,124.59723512428101,True,292,73,d1,True,44,69,d1,d1,True
423,DNF,245.83607062304694,370.43330574732795,245.83607062304694,370.43330574732795,124.59723512428101,True,455,113,,,44,69,d1,d1,True
424,BFS,101.9854315864055,472.88111850028577,101.9854315864055,472.88111850028577,370.89568691388024,True,147,36,d1,True,18,82,d1,d1,True
424,DFS,101.9854315864055,472.88111850028577,101.9854315864055,472.88111850028577,370.89568691388024,True,75,18,d1,True,18,82,d1,d1,True
424,CheapestFirst,101.9854315864055,472.88111850028577,101.9854315864055,472.88111850028577,370.89568691388024,True,151,37,d1,True,18,82,d1,d1,True
424,DNF,101.9854315864055,472.88111850028577,101.9854315864055,472.88111850028577,370.89568691388024,True,403,100,,,18,82,d1,d1,True
425,BFS,254.10362557316108,442.55577019584416,254.10362557316108,442.55577019584416,188.45214462268308,True,352,88,d1,True,51,85,d1,d1,True
425,DFS,254.10362557316108,442.55577019584416,254.10362557316108,442.55577019584416,188.45214462268308,True,207,51,d1,True,51,85,d1,d1,True
425,CheapestFirst,254.10362557316108,442.55577019584416,254.10362557316108,442.55577019584416,188.45214462268308,True,352,88,d1,True,51,85,d1,d1,True
425,DNF,254.10362557316108,442.55577019584416,254.10362557316108,442.55577019584416,188.45214462268308,True,547,136,,,51,85,d1,d1,True
426,BFS,524.9475788065504,456.74736343748293,456.74736343748293,524.9475788065504,68.20021536906745,True,396,99,d2,True,96,82,d2,d2,True
426,DFS,524.9475788065504,456.74736343748293,456.74736343748293,524.9475788065504,68.20021536906745,True,387,96,d1,False,96,82,d2,d2,True
426,CheapestFirst,524.9475788065504,456.74736343748293,456.74736343748293,524.9475788065504,68.20021536906745,True,396,99,d2,True,96,82,d2,d2,True
426,DNF,524.9475788065504,456.74736343748293,456.74736343748293,524.9475788065504,68.20021536906745,True,715,178,,,96,82,d2,d2,True
427,BFS,125.50573822435535,206.02065939467926,125.50573822435535,206.02065939467926,80.5149211703239,True,160,40,d1,True,21,37,d1,d1,True
427,DFS,125.50573822435535,206.02065939467926,125.50573822435535,206.02065939467926,80.5149211703239,True,87,21,d1,True,21,37,d1,d1,True
427,CheapestFirst,125.50573822435535,206.02065939467926,125.50573822435535,206.02065939467926,80.5149211703239,True,160,40,d1,True,21,37,d1,d1,True
427,DNF,125.50573822435535,206.02065939467926,125.50573822435535,206.02065939467926,80.5149211703239,True,235,58,,,21,37,d1,d1,True
428,BFS,414.0089500742849,406.2142910731456,406.2142910731456,414.0089500742849,7.79465900113928,True,288,72,d2,True,70,69,d2,d2,True
428,DFS,414.0089500742849,406.2142910731456,406.2142910731456,414.0089500742849,7.79465900113928,True,283,70,d1,False,70,69,d2,d2,True
428,CheapestFirst,414.0089500742849,406.2142910731456,406.2142910731456,414.0089500742849,7.79465900113928,True,288,72,d2,True,70,69,d2,d2,True
428,DNF,414.0089500742849,406.2142910731456,406.2142910731456,414.0089500742849,7.79465900113928,True,559,139,,,70,69,d2,d2,True
429,BFS,216.60571460836672,483.60041244775965,216.60571460836672,483.60041244775965,266.9946978393929,True,315,78,d1,True,39,89,d1,d1,True
429,DFS,216.60571460836672,483.60041244775965,216.60571460836672,483.60041244775965,266.9946978393929,True,159,39,d1,True,39,89,d1,d1,True
429,CheapestFirst,216.60571460836672,483.60041244775965,216.60571460836672,483.60041244775965,266.9946978393929,True,315,78,d1,True,39,89,d1,d1,True
429,DNF,216.60571460836672,483.60041244775965,216.60571460836672,483.60041244775965,266.9946978393929,True,515,128,,,39,89,d1,d1,True
430,BFS,401.41752401307457,389.05088215190455,389.05088215190455,401.41752401307457,12.366641861170024,True,292,73,d2,True,70,68,d2,d2,True
430,DFS,401.41752401307457,389.05088215190455,389.05088215190455,401.41752401307457,12.366641861170024,True,283,70,d1,False,70,68,d2,d2,True
430,CheapestFirst,401.41752401307457,389.05088215190455,389.05088215190455,401.41752401307457,12.366641861170024,True,292,73,d2,True,70,68,d2,d2,True
430,DNF,401.41752401307457,389.05088215190455,389.05088215190455,401.41752401307457,12.366641861170024,True,555,138,,,70,68,d2,d2,True
431,BFS,182.98570034239398,104.97416481193487,104.97416481193487,182.98570034239398,78.01153553045911,True,127,31,d2,True,31,16,d2,d2,True
431,DFS,182.98570034239398,104.97416481193487,104.97416481193487,182.98570034239398,78.01153553045911,True,127,31,d1,False,31,16,d2,d2,True
431,CheapestFirst,182.98570034239398,104.97416481193487,104.97416481193487,182.98570034239398,78.01153553045911,True,139,34,d2,True,31,16,d2,d2,True
431,DNF,182.98570034239398,104.97416481193487,104.97416481193487,182.98570034239398,78.01153553045911,True,191,47,,,31,16,d2,d2,True
432,BFS,211.59214613458107,105.35018238875655,105.35018238875655,211.59214613458107,106.24196374582452,True,143,35,d2,True,38,18,d2,d2,True
432,DFS,211.59214613458107,105.35018238875655,105.35018238875655,211.59214613458107,106.24196374582452,True,155,38,d1,False,38,18,d2,d2,True
432,CheapestFirst,211.59214613458107,105.35018238875655,105.35018238875655,211.59214613458107,106.24196374582452,True,155,38,d2,True,38,18,d2,d2,True
432,DNF,211.59214613458107,105.35018238875655,105.35018238875655,211.59214613458107,106.24196374582452,True,227,56,,,38,18,d2,d2,True
433,BFS,77.62112971977271,455.72669821189146,77.62112971977271,455.72669821189146,378.1055684921188,True,115,28,d1,True,14,82,d1,d1,True
433,DFS,77.62112971977271,455.72669821189146,77.62112971977271,455.72669821189146,378.1055684921188,True,59,14,d1,True,14,82,d1,d1,True
433,CheapestFirst,77.62112971977271,455.72669821189146,77.62112971977271,455.72669821189146,378.1055684921188,True,111,27,d1,True,14,82,d1,d1,True
433,DNF,77.62112971977271,455.72669821189146,77.62112971977271,455.72669821189146,378.1055684921188,True,387,96,,,14,82,d1,d1,True
434,BFS,356.3420174546582,331.42575433793945,331.42575433793945,356.3420174546582,24.916263116718767,True,268,67,d2,True,65,58,d2,d2,True
434,DFS,356.3420174546582,331.42575433793945,331.42575433793945,356.3420174546582,24.916263116718767,True,263,65,d1,False,65,58,d2,d2,True
434,CheapestFirst,356.3420174546582,331.42575433793945,331.42575433793945,356.3420174546582,24.916263116718767,True,268,67,d2,True,65,58,d2,d2,True
434,DNF,356.3420174546582,331.42575433793945,331.42575433793945,356.3420174546582,24.916263116718767,True,495,123,,,65,58,d2,d2,True
435,BFS,93.19569327146796,535.4655419925708,93.19569327146796,535.4655419925708,442.26984872110285,True,139,34,d1,True,17,91,d1,d1,True
435,DFS,93.19569327146796,535.4655419925708,93.19569327146796,535.4655419925708,442.26984872110285,True,71,17,d1,True,17,91,d1,d1,True
435,CheapestFirst,93.19569327146796,535.4655419925708,93.19569327146796,535.4655419925708,442.26984872110285,True,131,32,d1,True,17,91,d1,d1,True
435,DNF,93.19569327146796,535.4655419925708,93.19569327146796,535.4655419925708,442.26984872110285,True,435,108,,,17,91,d1,d1,True
436,BFS,40.56650766189257,94.5448635480968,40.56650766189257,94.5448635480968,53.97835588620423,True,51,12,d1,True,6,14,d1,d1,True
436,DFS,40.56650766189257,94.5448635480968,40.56650766189257,94.5448635480968,53.97835588620423,True,27,6,d1,True,6,14,d1,d1,True
436,CheapestFirst,40.56650766189257,94.5448635480968,40.56650766189257,94.5448635480968,53.97835588620423,True,47,11,d1,True,6,14,d1,d1,True
436,DNF,40.56650766189257,94.5448635480968,40.56650766189257,94.5448635480968,53.97835588620423,True,83,20,,,6,14,d1,d1,True
437,BFS,241.42852578854442,215.64713435049197,215.64713435049197,241.42852578854442,25.781391438052452,True,200,50,d2,True,47,41,d2,d2,True
437,DFS,241.42852578854442,215.64713435049197,215.64713435049197,241.42852578854442,25.781391438052452,True,191,47,d1,False,47,41,d2,d2,True
437,CheapestFirst,241.42852578854442,215.64713435049197,215.64713435049197,241.42852578854442,25.781391438052452,True,200,50,d2,True,47,41,d2,d2,True
437,DNF,241.42852578854442,215.64713435049197,215.64713435049197,241.42852578854442,25.781391438052452,True,355,88,,,47,41,d2,d2,True
438,BFS,256.62390459813605,402.27214835579707,256.62390459813605,402.27214835579707,145.64824375766102,True,300,75,d1,True,45,70,d1,d1,True
438,DFS,256.62390459813605,402.27214835579707,256.62390459813605,402.27214835579707,145.64824375766102,True,183,45,d1,True,45,70,d1,d1,True
438,CheapestFirst,256.62390459813605,402.27214835579707,256.62390459813605,402.27214835579707,145.64824375766102,True,300,75,d1,True,45,70,d1,d1,True
438,DNF,256.62390459813605,402.27214835579707,256.62390459813605,402.27214835579707,145.64824375766102,True,463,115,,,45,70,d1,d1,True
439,BFS,512.2038022486745,120.34410553216748,120.34410553216748,512.2038022486745,391.859696716507,True,191,47,d2,True,97,24,d2,d2,True
439,DFS,512.2038022486745,120.34410553216748,120.34410553216748,512.2038022486745,391.859696716507,True,391,97,d1,False,97,24,d2,d2,True
439,CheapestFirst,512.2038022486745,120.34410553216748,120.34410553216748,512.2038022486745,391.859696716507,True,203,50,d2,True,97,24,d2,d2,True
439,DNF,512.2038022486745,120.34410553216748,120.34410553216748,512.2038022486745,391.859696716507,True,487,121,,,97,24,d2,d2,True
440,BFS,490.8900994760079,517.2422005177558,490.8900994760079,517.2422005177558,26.352101041747915,True,384,96,d1,True,87,92,d1,d1,True
440,DFS,490.8900994760079,517.2422005177558,490.8900994760079,517.2422005177558,26.352101041747915,True,351,87,d1,True,87,92,d1,d1,True
440,CheapestFirst,490.8900994760079,517.2422005177558,490.8900994760079,517.2422005177558,26.352101041747915,True,384,96,d1,True,87,92,d1,d1,True
440,DNF,490.8900994760079,517.2422005177558,490.8900994760079,517.2422005177558,26.352101041747915,True,719,179,,,87,92,d1,d1,True
441,BFS,166.3341278311541,189.85066724765838,166.3341278311541,189.85066724765838,23.516539416504287,True,148,37,d1,True,31,35,d1,d1,True
441,DFS,166.3341278311541,189.85066724765838,166.3341278311541,189.85066724765838,23.516539416504287,True,127,31,d1,True,31,35,d1,d1,True
441,CheapestFirst,166.3341278311541,189.85066724765838,166.3341278311541,189.85066724765838,23.516539416504287,True,148,37,d1,True,31,35,d1,d1,True
441,DNF,166.3341278311541,189.85066724765838,166.3341278311541,189.85066724765838,23.516539416504287,True,267,66,,,31,35,d1,d1,True
442,BFS,467.64480473216764,448.3048987902853,448.3048987902853,467.64480473216764,19.339905941882364,True,328,82,d2,True,76,73,d2,d2,True
442,DFS,467.64480473216764,448.3048987902853,448.3048987902853,467.64480473216764,19.339905941882364,True,307,76,d1,False,76,73,d2,d2,True
442,CheapestFirst,467.64480473216764,448.3048987902853,448.3048987902853,467.64480473216764,19.339905941882364,True,328,82,d2,True,76,73,d2,d2,True
442,DNF,467.64480473216764,448.3048987902853,448.3048987902853,467.64480473216764,19.339905941882364,True,599,149,,,76,73,d2,d2,True
443,BFS,281.86732496184305,487.6182534245394,281.86732496184305,487.6182534245394,205.75092846269632,True,364,91,d1,True,51,88,d1,d1,True
443,DFS,281.86732496184305,487.6182534245394,281.86732496184305,487.6182534245394,205.75092846269632,True,207,51,d1,True,51,88,d1,d1,True
443,CheapestFirst,281.86732496184305,487.6182534245394,281.86732496184305,487.6182534245394,205.75092846269632,True,364,91,d1,True,51,88,d1,d1,True
443,DNF,281.86732496184305,487.6182534245394,281.86732496184305,487.6182534245394,205.75092846269632,True,559,139,,,51,88,d1,d1,True
444,BFS,190.12401052170574,137.3430274894395,137.3430274894395,190.12401052170574,52.78098303226625,True,140,35,d2,True,32,24,d2,d2,True
444,DFS,190.12401052170574,137.3430274894395,137.3430274894395,190.12401052170574,52.78098303226625,True,131,32,d1,False,32,24,d2,d2,True
444,CheapestFirst,190.12401052170574,137.3430274894395,137.3430274894395,190.12401052170574,52.78098303226625,True,140,35,d2,True,32,24,d2,d2,True
444,DNF,190.12401052170574,137.3430274894395,137.3430274894395,190.12401052170574,52.78098303226625,True,227,56,,,32,24,d2,d2,True
445,BFS,171.38831505872682,6.988889738719836,6.988889738719836,171.38831505872682,164.39942532000697,True,15,3,d2,True,32,2,d2,d2,True
445,DFS,171.38831505872682,6.988889738719836,6.988889738719836,171.38831505872682,164.39942532000697,True,131,32,d1,False,32,2,d2,d2,True
445,CheapestFirst,171.38831505872682,6.988889738719836,6.988889738719836,171.38831505872682,164.39942532000697,True,15,3,d2,True,32,2,d2,d2,True
445,DNF,171.38831505872682,6.988889738719836,6.988889738719836,171.38831505872682,164.39942532000697,True,139,34,,,32,2,d2,d2,True
446,BFS,509.56771304612755,446.47778791813624,446.47778791813624,509.56771304612755,63.08992512799131,True,400,100,d2,True,97,87,d2,d2,True
446,DFS,509.56771304612755,446.47778791813624,446.47778791813624,509.56771304612755,63.08992512799131,True,391,97,d1,False,97,87,d2,d2,True
446,CheapestFirst,509.56771304612755,446.47778791813624,446.47778791813624,509.56771304612755,63.08992512799131,True,400,100,d2,True,97,87,d2,d2,True
446,DNF,509.56771304612755,446.47778791813624,446.47778791813624,509.56771304612755,63.08992512799131,True,739,184,,,97,87,d2,d2,True
447,BFS,292.67149198841383,117.7547546891517,117.7547546891517,292.67149198841383,174.91673729926214,True,159,39,d2,True,47,20,d2,d2,True
447,DFS,292.67149198841383,117.7547546891517,117.7547546891517,292.67149198841383,174.91673729926214,True,191,47,d1,False,47,20,d2,d2,True
447,CheapestFirst,292.67149198841383,117.7547546891517,117.7547546891517,292.67149198841383,174.91673729926214,True,147,36,d2,True,47,20,d2,d2,True
447,DNF,292.67149198841383,117.7547546891517,117.7547546891517,292.67149198841383,174.91673729926214,True,271,67,,,47,20,d2,d2,True
448,BFS,214.97036558692014,491.9724056748039,214.97036558692014,491.9724056748039,277.00204008788376,True,323,80,d1,True,40,96,d1,d1,True
448,DFS,214.97036558692014,491.9724056748039,214.97036558692014,491.9724056748039,277.00204008788376,True,163,40,d1,True,40,96,d1,d1,True
448,CheapestFirst,214.97036558692014,491.9724056748039,214.97036558692014,491.9724056748039,277.00204008788376,True,347,86,d1,True,40,96,d1,d1,True
448,DNF,214.97036558692014,491.9724056748039,214.97036558692014,491.9724056748039,277.00204008788376,True,547,136,,,40,96,d1,d1,True
449,BFS,424.2843357334691,286.6924701410974,286.6924701410974,424.2843357334691,137.59186559237173,True,328,82,d2,True,77,54,d2,d2,True
449,DFS,424.2843357334691,286.6924701410974,286.6924701410974,424.2843357334691,137.59186559237173,True,311,77,d1,False,77,54,d2,d2,True
449,CheapestFirst,424.2843357334691,286.6924701410974,286.6924701410974,424.2843357334691,137.59186559237173,True,328,82,d2,True,77,54,d2,d2,True
449,DNF,424.2843357334691,286.6924701410974,286.6924701410974,424.2843357334691,137.59186559237173,True,527,131,,,77,54,d2,d2,True
450,BFS,272.97137971861713,266.3188447284355,266.3188447284355,272.97137971861713,6.652534990181607,True,228,57,d2,True,53,51,d2,d2,True
450,DFS,272.97137971861713,266.3188447284355,266.3188447284355,272.97137971861713,6.652534990181607,True,215,53,d1,False,53,51,d2,d2,True
450,CheapestFirst,272.97137971861713,266.3188447284355,266.3188447284355,272.97137971861713,6.652534990181607,True,228,57,d2,True,53,51,d2,d2,True
450,DNF,272.97137971861713,266.3188447284355,266.3188447284355,272.97137971861713,6.652534990181607,True,419,104,,,53,51,d2,d2,True
451,BFS,219.2764424054519,439.2472763340111,219.2764424054519,439.2472763340111,219.9708339285592,True,299,74,d1,True,37,76,d1,d1,True
451,DFS,219.2764424054519,439.2472763340111,219.2764424054519,439.2472763340111,219.9708339285592,True,151,37,d1,True,37,76,d1,d1,True
451,CheapestFirst,219.2764424054519,439.2472763340111,219.2764424054519,439.2472763340111,219.9708339285592,True,307,76,d1,True,37,76,d1,d1,True
451,DNF,219.2764424054519,439.2472763340111,219.2764424054519,439.2472763340111,219.9708339285592,True,455,113,,,37,76,d1,d1,True
452,BFS,360.2745916180827,551.4532158251027,360.2745916180827,551.4532158251027,191.17862420702,True,412,103,d1,True,66,100,d1,d1,True
452,DFS,360.2745916180827,551.4532158251027,360.2745916180827,551.4532158251027,191.17862420702,True,267,66,d1,True,66,100,d1,d1,True
452,CheapestFirst,360.2745916180827,551.4532158251027,360.2745916180827,551.4532158251027,191.17862420702,True,412,103,d1,True,66,100,d1,d1,True
452,DNF,360.2745916180827,551.4532158251027,360.2745916180827,551.4532158251027,191.17862420702,True,667,166,,,66,100,d1,d1,True
453,BFS,112.0548390972103,68.04227132906567,68.04227132906567,112.0548390972103,44.012567768144635,True,96,24,d2,True,20,13,d2,d2,True
453,DFS,112.0548390972103,68.04227132906567,68.04227132906567,112.0548390972103,44.012567768144635,True,83,20,d1,False,20,13,d2,d2,True
453,CheapestFirst,112.0548390972103,68.04227132906567,68.04227132906567,112.0548390972103,44.012567768144635,True,91,22,d2,True,20,13,d2,d2,True
453,DNF,112.0548390972103,68.04227132906567,68.04227132906567,112.0548390972103,44.012567768144635,True,135,33,,,20,13,d2,d2,True
454,BFS,57.70827138693549,460.2468377837724,57.70827138693549,460.2468377837724,402.53856639683687,True,83,20,d1,True,10,89,d1,d1,True
454,DFS,57.70827138693549,460.2468377837724,57.70827138693549,460.2468377837724,402.53856639683687,True,43,10,d1,True,10,89,d1,d1,True
454,CheapestFirst,57.70827138693549,460.2468377837724,57.70827138693549,460.2468377837724,402.53856639683687,True,91,22,d1,True,10,89,d1,d1,True
454,DNF,57.70827138693549,460.2468377837724,57.70827138693549,460.2468377837724,402.53856639683687,True,399,99,,,10,89,d1,d1,True
455,BFS,192.2661421066233,329.48563080517073,192.2661421066233,329.48563080517073,137.21948869854742,True,244,61,d1,True,31,57,d1,d1,True
455,DFS,192.2661421066233,329.48563080517073,192.2661421066233,329.48563080517073,137.21948869854742,True,127,31,d1,True,31,57,d1,d1,True
455,CheapestFirst,192.2661421066233,329.48563080517073,192.2661421066233,329.48563080517073,137.21948869854742,True,244,61,d1,True,31,57,d1,d1,True
455,DNF,192.2661421066233,329.48563080517073,192.2661421066233,329.48563080517073,137.21948869854742,True,355,88,,,31,57,d1,d1,True
456,BFS,453.0564036269474,446.902085815419,446.902085815419,453.0564036269474,6.154317811528358,True,376,94,d2,True,91,89,d2,d2,True
456,DFS,453.0564036269474,446.902085815419,446.902085815419,453.0564036269474,6.154317811528358,True,367,91,d1,False,91,89,d2,d2,True
456,CheapestFirst,453.0564036269474,446.902085815419,446.902085815419,453.0564036269474,6.154317811528358,True,376,94,d2,True,91,89,d2,d2,True
456,DNF,453.0564036269474,446.902085815419,446.902085815419,453.0564036269474,6.154317811528358,True,723,180,,,91,89,d2,d2,True
457,BFS,514.105726615627,395.63104017919034,395.63104017919034,514.105726615627,118.47468643643663,True,404,101,d2,True,97,72,d2,d2,True
457,DFS,514.105726615627,395.63104017919034,395.63104017919034,514.105726615627,118.47468643643663,True,391,97,d1,False,97,72,d2,d2,True
457,CheapestFirst,514.105726615627,395.63104017919034,395.63104017919034,514.105726615627,118.47468643643663,True,404,101,d2,True,97,72,d2,d2,True
457,DNF,514.105726615627,395.63104017919034,395.63104017919034,514.105726615627,118.47468643643663,True,679,169,,,97,72,d2,d2,True
458,BFS,463.9539722847641,220.51028581178304,220.51028581178304,463.9539722847641,243.44368647298108,True,319,79,d2,True,82,40,d2,d2,True
458,DFS,463.9539722847641,220.51028581178304,220.51028581178304,463.9539722847641,243.44368647298108,True,331,82,d1,False,82,40,d2,d2,True
458,CheapestFirst,463.9539722847641,220.51028581178304,220.51028581178304,463.9539722847641,243.44368647298108,True,311,77,d2,True,82,40,d2,d2,True
458,DNF,463.9539722847641,220.51028581178304,220.51028581178304,463.9539722847641,243.44368647298108,True,491,122,,,82,40,d2,d2,True
459,BFS,380.025552321433,143.97711718938095,143.97711718938095,380.025552321433,236.04843513205205,True,199,49,d2,True,66,25,d2,d2,True
459,DFS,380.025552321433,143.97711718938095,143.97711718938095,380.025552321433,236.04843513205205,True,267,66,d1,False,66,25,d2,d2,True
459,CheapestFirst,380.025552321433,143.97711718938095,143.97711718938095,380.025552321433,236.04843513205205,True,207,51,d2,True,66,25,d2,d2,True
459,DNF,380.025552321433,143.97711718938095,143.97711718938095,380.025552321433,236.04843513205205,True,367,91,,,66,25,d2,d2,True
460,BFS,20.13778250395519,268.48611940013797,20.13778250395519,268.48611940013797,248.3483368961828,True,43,10,d1,True,5,51,d1,d1,True
460,DFS,20.13778250395519,268.48611940013797,20.13778250395519,268.48611940013797,248.3483368961828,True,23,5,d1,True,5,51,d1,d1,True
460,CheapestFirst,20.13778250395519,268.48611940013797,20.13778250395519,268.48611940013797,248.3483368961828,True,39,9,d1,True,5,51,d1,d1,True
460,DNF,20.13778250395519,268.48611940013797,20.13778250395519,268.48611940013797,248.3483368961828,True,227,56,,,5,51,d1,d1,True
461,BFS,84.32463880947367,136.50460023051568,84.32463880947367,136.50460023051568,52.17996142104201,True,123,30,d1,True,15,27,d1,d1,True
461,DFS,84.32463880947367,136.50460023051568,84.32463880947367,136.50460023051568,52.17996142104201,True,63,15,d1,True,15,27,d1,d1,True
461,CheapestFirst,84.32463880947367,136.50460023051568,84.32463880947367,136.50460023051568,52.17996142104201,True,124,31,d1,True,15,27,d1,d1,True
461,DNF,84.32463880947367,136.50460023051568,84.32463880947367,136.50460023051568,52.17996142104201,True,171,42,,,15,27,d1,d1,True
462,BFS,171.95175529337476,412.02811796873146,171.95175529337476,412.02811796873146,240.0763626753567,True,251,62,d1,True,31,73,d1,d1,True
462,DFS,171.95175529337476,412.02811796873146,171.95175529337476,412.02811796873146,240.0763626753567,True,127,31,d1,True,31,73,d1,d1,True
462,CheapestFirst,171.95175529337476,412.02811796873146,171.95175529337476,412.02811796873146,240.0763626753567,True,243,60,d1,True,31,73,d1,d1,True
462,DNF,171.95175529337476,412.02811796873146,171.95175529337476,412.02811796873146,240.0763626753567,True,419,104,,,31,73,d1,d1,True
463,BFS,2.5587525372165008,385.45556666041784,2.5587525372165008,385.45556666041784,382.89681412320135,True,7,1,d1,True,1,70,d1,d1,True
463,DFS,2.5587525372165008,385.45556666041784,2.5587525372165008,385.45556666041784,382.89681412320135,True,7,1,d1,True,1,70,d1,d1,True
463,CheapestFirst,2.5587525372165008,385.45556666041784,2.5587525372165008,385.45556666041784,382.89681412320135,True,7,1,d1,True,1,70,d1,d1,True
463,DNF,2.5587525372165008,385.45556666041784,2.5587525372165008,385.45556666041784,382.89681412320135,True,291,72,,,1,70,d1,d1,True
464,BFS,23.131263325784694,352.09842241216734,23.131263325784694,352.09842241216734,328.96715908638265,True,43,10,d1,True,5,69,d1,d1,True
464,DFS,23.131263325784694,352.09842241216734,23.131263325784694,352.09842241216734,328.96715908638265,True,23,5,d1,True,5,69,d1,d1,True
464,CheapestFirst,23.131263325784694,352.09842241216734,23.131263325784694,352.09842241216734,328.96715908638265,True,43,10,d1,True,5,69,d1,d1,True
464,DNF,23.131263325784694,352.09842241216734,23.131263325784694,352.09842241216734,328.96715908638265,True,299,74,,,5,69,d1,d1,True
465,BFS,394.63667589897995,190.99978565050583,190.99978565050583,394.63667589897995,203.63689024847412,True,287,71,d2,True,76,36,d2,d2,True
465,DFS,394.63667589897995,190.99978565050583,190.99978565050583,394.63667589897995,203.63689024847412,True,307,76,d1,False,76,36,d2,d2,True
465,CheapestFirst,394.63667589897995,190.99978565050583,190.99978565050583,394.63667589897995,203.63689024847412,True,299,74,d2,True,76,36,d2,d2,True
465,DNF,394.63667589897995,190.99978565050583,190.99978565050583,394.63667589897995,203.63689024847412,True,451,112,,,76,36,d2,d2,True
466,BFS,487.0276565404032,173.5296854087851,173.5296854087851,487.0276565404032,313.4979711316181,True,271,67,d2,True,89,34,d2,d2,True
466,DFS,487.0276565404032,173.5296854087851,173.5296854087851,487.0276565404032,313.4979711316181,True,359,89,d1,False,89,34,d2,d2,True
466,CheapestFirst,487.0276565404032,173.5296854087851,173.5296854087851,487.0276565404032,313.4979711316181,True,263,65,d2,True,89,34,d2,d2,True
466,DNF,487.0276565404032,173.5296854087851,173.5296854087851,487.0276565404032,313.4979711316181,True,495,123,,,89,34,d2,d2,True
467,BFS,132.31182797160264,167.31122376844516,132.31182797160264,167.31122376844516,34.99939579684252,True,124,31,d1,True,23,29,d1,d1,True
467,DFS,132.31182797160264,167.31122376844516,132.31182797160264,167.31122376844516,34.99939579684252,True,95,23,d1,True,23,29,d1,d1,True
467,CheapestFirst,132.31182797160264,167.31122376844516,132.31182797160264,167.31122376844516,34.99939579684252,True,124,31,d1,True,23,29,d1,d1,True
467,DNF,132.31182797160264,167.31122376844516,132.31182797160264,167.31122376844516,34.99939579684252,True,211,52,,,23,29,d1,d1,True
468,BFS,190.23864247662706,34.60504472585346,34.60504472585346,190.23864247662706,155.63359775077362,True,47,11,d2,True,35,6,d2,d2,True
468,DFS,190.23864247662706,34.60504472585346,34.60504472585346,190.23864247662706,155.63359775077362,True,143,35,d1,False,35,6,d2,d2,True
468,CheapestFirst,190.23864247662706,34.60504472585346,34.60504472585346,190.23864247662706,155.63359775077362,True,55,13,d2,True,35,6,d2,d2,True
468,DNF,190.23864247662706,34.60504472585346,34.60504472585346,190.23864247662706,155.63359775077362,True,167,41,,,35,6,d2,d2,True
469,BFS,339.3718076336895,268.11270831879926,268.11270831879926,339.3718076336895,71.25909931489025,True,264,66,d2,True,62,48,d2,d2,True
469,DFS,339.3718076336895,268.11270831879926,268.11270831879926,339.3718076336895,71.25909931489025,True,251,62,d1,False,62,48,d2,d2,True
469,CheapestFirst,339.3718076336895,268.11270831879926,268.11270831879926,339.3718076336895,71.25909931489025,True,264,66,d2,True,62,48,d2,d2,True
469,DNF,339.3718076336895,268.11270831879926,268.11270831879926,339.3718076336895,71.25909931489025,True,443,110,,,62,48,d2,d2,True
470,BFS,336.59900405620255,41.12003692005915,41.12003692005915,336.59900405620255,295.4789671361434,True,55,13,d2,True,63,7,d2,d2,True
470,DFS,336.59900405620255,41.12003692005915,41.12003692005915,336.59900405620255,295.4789671361434,True,255,63,d1,False,63,7,d2,d2,True
470,CheapestFirst,336.59900405620255,41.12003692005915,41.12003692005915,336.59900405620255,295.4789671361434,True,67,16,d2,True,63,7,d2,d2,True
470,DNF,336.59900405620255,41.12003692005915,41.12003692005915,336.59900405620255,295.4789671361434,True,283,70,,,63,7,d2,d2,True
471,BFS,503.3644313676147,239.7097895735937,239.7097895735937,503.3644313676147,263.654641794021,True,327,81,d2,True,87,41,d2,d2,True
471,DFS,503.3644313676147,239.7097895735937,239.7097895735937,503.3644313676147,263.654641794021,True,351,87,d1,False,87,41,d2,d2,True
471,CheapestFirst,503.3644313676147,239.7097895735937,239.7097895735937,503.3644313676147,263.654641794021,True,327,81,d2,True,87,41,d2,d2,True
471,DNF,503.3644313676147,239.7097895735937,239.7097895735937,503.3644313676147,263.654641794021,True,515,128,,,87,41,d2,d2,True
472,BFS,448.7120255728693,223.57648013082138,223.57648013082138,448.7120255728693,225.13554544204794,True,303,75,d2,True,76,38,d2,d2,True
472,DFS,448.7120255728693,223.57648013082138,223.57648013082138,448.7120255728693,225.13554544204794,True,307,76,d1,False,76,38,d2,d2,True
472,CheapestFirst,448.7120255728693,223.57648013082138,223.57648013082138,448.7120255728693,225.13554544204794,True,307,76,d2,True,76,38,d2,d2,True
472,DNF,448.7120255728693,223.57648013082138,223.57648013082138,448.7120255728693,225.13554544204794,True,459,114,,,76,38,d2,d2,True
473,BFS,405.4548334248383,78.23524944122627,78.23524944122627,405.4548334248383,327.219583983612,True,119,29,d2,True,72,15,d2,d2,True
473,DFS,405.4548334248383,78.23524944122627,78.23524944122627,405.4548334248383,327.219583983612,True,291,72,d1,False,72,15,d2,d2,True
473,CheapestFirst,405.4548334248383,78.23524944122627,78.23524944122627,405.4548334248383,327.219583983612,True,115,28,d2,True,72,15,d2,d2,True
473,DNF,405.4548334248383,78.23524944122627,78.23524944122627,405.4548334248383,327.219583983612,True,351,87,,,72,15,d2,d2,True
474,BFS,486.795532030009,363.91549465654924,363.91549465654924,486.795532030009,122.88003737345974,True,352,88,d2,True,86,64,d2,d2,True
474,DFS,486.795532030009,363.91549465654924,363.91549465654924,486.795532030009,122.88003737345974,True,347,86,d1,False,86,64,d2,d2,True
474,CheapestFirst,486.795532030009,363.91549465654924,363.91549465654924,486.795532030009,122.88003737345974,True,352,88,d2,True,86,64,d2,d2,True
474,DNF,486.795532030009,363.91549465654924,363.91549465654924,486.795532030009,122.88003737345974,True,603,150,,,86,64,d2,d2,True
475,BFS,80.20321372056333,467.48690245901497,80.20321372056333,467.48690245901497,387.28368873845164,True,139,34,d1,True,17,81,d1,d1,True
475,DFS,80.20321372056333,467.48690245901497,80.20321372056333,467.48690245901497,387.28368873845164,True,71,17,d1,True,17,81,d1,d1,True
475,CheapestFirst,80.20321372056333,467.48690245901497,80.20321372056333,467.48690245901497,387.28368873845164,True,119,29,d1,True,17,81,d1,d1,True
475,DNF,80.20321372056333,467.48690245901497,80.20321372056333,467.48690245901497,387.28368873845164,True,395,98,,,17,81,d1,d1,True
476,BFS,174.5841555801142,222.9661353496989,174.5841555801142,222.9661353496989,48.38197976958469,True,184,46,d1,True,32,44,d1,d1,True
476,DFS,174.5841555801142,222.9661353496989,174.5841555801142,222.9661353496989,48.38197976958469,True,131,32,d1,True,32,44,d1,d1,True
476,CheapestFirst,174.5841555801142,222.9661353496989,174.5841555801142,222.9661353496989,48.38197976958469,True,184,46,d1,True,32,44,d1,d1,True
476,DNF,174.5841555801142,222.9661353496989,174.5841555801142,222.9661353496989,48.38197976958469,True,307,76,,,32,44,d1,d1,True
477,BFS,301.41242548649114,450.2697239955227,301.41242548649114,450.2697239955227,148.85729850903158,True,316,79,d1,True,48,77,d1,d1,True
477,DFS,301.41242548649114,450.2697239955227,301.41242548649114,450.2697239955227,148.85729850903158,True,195,48,d1,True,48,77,d1,d1,True
477,CheapestFirst,301.41242548649114,450.2697239955227,301.41242548649114,450.2697239955227,148.85729850903158,True,316,79,d1,True,48,77,d1,d1,True
477,DNF,301.41242548649114,450.2697239955227,301.41242548649114,450.2697239955227,148.85729850903158,True,503,125,,,48,77,d1,d1,True
478,BFS,153.98437127027339,489.57639904419636,153.98437127027339,489.57639904419636,335.59202777392295,True,227,56,d1,True,28,85,d1,d1,True
478,DFS,153.98437127027339,489.57639904419636,153.98437127027339,489.57639904419636,335.59202777392295,True,115,28,d1,True,28,85,d1,d1,True
478,CheapestFirst,153.98437127027339,489.57639904419636,153.98437127027339,489.57639904419636,335.59202777392295,True,219,54,d1,True,28,85,d1,d1,True
478,DNF,153.98437127027339,489.57639904419636,153.98437127027339,489.57639904419636,335.59202777392295,True,455,113,,,28,85,d1,d1,True
479,BFS,518.5312292646516,7.780236238979714,7.780236238979714,518.5312292646516,510.7509930256719,True,11,2,d2,True,93,1,d2,d2,True
479,DFS,518.5312292646516,7.780236238979714,7.780236238979714,518.5312292646516,510.7509930256719,True,375,93,d1,False,93,1,d2,d2,True
479,CheapestFirst,518.5312292646516,7.780236238979714,7.780236238979714,518.5312292646516,510.7509930256719,True,11,2,d2,True,93,1,d2,d2,True
479,DNF,518.5312292646516,7.780236238979714,7.780236238979714,518.5312292646516,510.7509930256719,True,379,94,,,93,1,d2,d2,True
480,BFS,157.4496743994096,274.4432884328891,157.4496743994096,274.4432884328891,116.99361403347953,True,220,55,d1,True,28,51,d1,d1,True
480,DFS,157.4496743994096,274.4432884328891,157.4496743994096,274.4432884328891,116.99361403347953,True,115,28,d1,True,28,51,d1,d1,True
480,CheapestFirst,157.4496743994096,274.4432884328891,157.4496743994096,274.4432884328891,116.99361403347953,True,220,55,d1,True,28,51,d1,d1,True
480,DNF,157.4496743994096,274.4432884328891,157.4496743994096,274.4432884328891,116.99361403347953,True,319,79,,,28,51,d1,d1,True
481,BFS,213.26311582788225,45.72715685739143,45.72715685739143,213.26311582788225,167.5359589704908,True,71,17,d2,True,40,9,d2,d2,True
481,DFS,213.26311582788225,45.72715685739143,45.72715685739143,213.26311582788225,167.5359589704908,True,163,40,d1,False,40,9,d2,d2,True
481,CheapestFirst,213.26311582788225,45.72715685739143,45.72715685739143,213.26311582788225,167.5359589704908,True,67,16,d2,True,40,9,d2,d2,True
481,DNF,213.26311582788225,45.72715685739143,45.72715685739143,213.26311582788225,167.5359589704908,True,199,49,,,40,9,d2,d2,True
482,BFS,332.79264905790217,398.8977390993129,332.79264905790217,398.8977390993129,66.10509004141073,True,284,71,d1,True,54,68,d1,d1,True
482,DFS,332.79264905790217,398.8977390993129,332.79264905790217,398.8977390993129,66.10509004141073,True,219,54,d1,True,54,68,d1,d1,True
482,CheapestFirst,332.79264905790217,398.8977390993129,332.79264905790217,398.8977390993129,66.10509004141073,True,284,71,d1,True,54,68,d1,d1,True
482,DNF,332.79264905790217,398.8977390993129,332.79264905790217,398.8977390993129,66.10509004141073,True,491,122,,,54,68,d1,d1,True
483,BFS,245.45161251348244,368.5434941681975,245.45161251348244,368.5434941681975,123.09188165471508,True,300,75,d1,True,49,72,d1,d1,True
483,DFS,245.45161251348244,368.5434941681975,245.45161251348244,368.5434941681975,123.09188165471508,True,199,49,d1,True,49,72,d1,d1,True
483,CheapestFirst,245.45161251348244,368.5434941681975,245.45161251348244,368.5434941681975,123.09188165471508,True,300,75,d1,True,49,72,d1,d1,True
483,DNF,245.45161251348244,368.5434941681975,245.45161251348244,368.5434941681975,123.09188165471508,True,487,121,,,49,72,d1,d1,True
484,BFS,314.4078834076887,243.22677467818394,243.22677467818394,314.4078834076887,71.18110872950476,True,252,63,d2,True,61,50,d2,d2,True
484,DFS,314.4078834076887,243.22677467818394,243.22677467818394,314.4078834076887,71.18110872950476,True,247,61,d1,False,61,50,d2,d2,True
484,CheapestFirst,314.4078834076887,243.22677467818394,243.22677467818394,314.4078834076887,71.18110872950476,True,252,63,d2,True,61,50,d2,d2,True
484,DNF,314.4078834076887,243.22677467818394,243.22677467818394,314.4078834076887,71.18110872950476,True,447,111,,,61,50,d2,d2,True
485,BFS,13.006419942808822,541.4864643984496,13.006419942808822,541.4864643984496,528.4800444556407,True,19,4,d1,True,2,97,d1,d1,True
485,DFS,13.006419942808822,541.4864643984496,13.006419942808822,541.4864643984496,528.4800444556407,True,11,2,d1,True,2,97,d1,d1,True
485,CheapestFirst,13.006419942808822,541.4864643984496,13.006419942808822,541.4864643984496,528.4800444556407,True,15,3,d1,True,2,97,d1,d1,True
485,DNF,13.006419942808822,541.4864643984496,13.006419942808822,541.4864643984496,528.4800444556407,True,399,99,,,2,97,d1,d1,True
486,BFS,207.09773103695008,9.473850051220538,9.473850051220538,207.09773103695008,197.62388098572956,True,23,5,d2,True,40,3,d2,d2,True
486,DFS,207.09773103695008,9.473850051220538,9.473850051220538,207.09773103695008,197.62388098572956,True,163,40,d1,False,40,3,d2,d2,True
486,CheapestFirst,207.09773103695008,9.473850051220538,9.473850051220538,207.09773103695008,197.62388098572956,True,19,4,d2,True,40,3,d2,d2,True
486,DNF,207.09773103695008,9.473850051220538,9.473850051220538,207.09773103695008,197.62388098572956,True,175,43,,,40,3,d2,d2,True
487,BFS,312.2693245862333,568.1773476284249,312.2693245862333,568.1773476284249,255.90802304219153,True,396,99,d1,True,52,96,d1,d1,True
487,DFS,312.2693245862333,568.1773476284249,312.2693245862333,568.1773476284249,255.90802304219153,True,211,52,d1,True,52,96,d1,d1,True
487,CheapestFirst,312.2693245862333,568.1773476284249,312.2693245862333,568.1773476284249,255.90802304219153,True,396,99,d1,True,52,96,d1,d1,True
487,DNF,312.2693245862333,568.1773476284249,312.2693245862333,568.1773476284249,255.90802304219153,True,595,148,,,52,96,d1,d1,True
488,BFS,143.7132981466063,266.6270365450841,143.7132981466063,266.6270365450841,122.91373839847779,True,244,61,d1,True,31,57,d1,d1,True
488,DFS,143.7132981466063,266.6270365450841,143.7132981466063,266.6270365450841,122.91373839847779,True,127,31,d1,True,31,57,d1,d1,True
488,CheapestFirst,143.7132981466063,266.6270365450841,143.7132981466063,266.6270365450841,122.91373839847779,True,244,61,d1,True,31,57,d1,d1,True
488,DNF,143.7132981466063,266.6270365450841,143.7132981466063,266.6270365450841,122.91373839847779,True,355,88,,,31,57,d1,d1,True
489,BFS,365.3784557193712,358.76357590547434,358.76357590547434,365.3784557193712,6.6148798138968345,True,300,75,d2,True,73,70,d2,d2,True
489,DFS,365.3784557193712,358.76357590547434,358.76357590547434,365.3784557193712,6.6148798138968345,True,295,73,d1,False,73,70,d2,d2,True
489,CheapestFirst,365.3784557193712,358.76357590547434,358.76357590547434,365.3784557193712,6.6148798138968345,True,300,75,d2,True,73,70,d2,d2,True
489,DNF,365.3784557193712,358.76357590547434,358.76357590547434,365.3784557193712,6.6148798138968345,True,575,143,,,73,70,d2,d2,True
490,BFS,545.5101177973726,162.03123688651453,162.03123688651453,545.5101177973726,383.47888091085804,True,239,59,d2,True,94,30,d2,d2,True
490,DFS,545.5101177973726,162.03123688651453,162.03123688651453,545.5101177973726,383.47888091085804,True,379,94,d1,False,94,30,d2,d2,True
490,CheapestFirst,545.5101177973726,162.03123688651453,162.03123688651453,545.5101177973726,383.47888091085804,True,215,53,d2,True,94,30,d2,d2,True
490,DNF,545.5101177973726,162.03123688651453,162.03123688651453,545.5101177973726,383.47888091085804,True,499,124,,,94,30,d2,d2,True
491,BFS,446.41145045950026,355.997696417439,355.997696417439,446.41145045950026,90.41375404206127,True,340,85,d2,True,82,64,d2,d2,True
491,DFS,446.41145045950026,355.997696417439,355.997696417439,446.41145045950026,90.41375404206127,True,331,82,d1,False,82,64,d2,d2,True
491,CheapestFirst,446.41145045950026,355.997696417439,355.997696417439,446.41145045950026,90.41375404206127,True,340,85,d2,True,82,64,d2,d2,True
491,DNF,446.41145045950026,355.997696417439,355.997696417439,446.41145045950026,90.41375404206127,True,587,146,,,82,64,d2,d2,True
492,BFS,46.83676989227473,86.71044500342688,46.83676989227473,86.71044500342688,39.87367511115215,True,72,18,d1,True,9,16,d1,d1,True
492,DFS,46.83676989227473,86.71044500342688,46.83676989227473,86.71044500342688,39.87367511115215,True,39,9,d1,True,9,16,d1,d1,True
492,CheapestFirst,46.83676989227473,86.71044500342688,46.83676989227473,86.71044500342688,39.87367511115215,True,67,16,d1,True,9,16,d1,d1,True
492,DNF,46.83676989227473,86.71044500342688,46.83676989227473,86.71044500342688,39.87367511115215,True,103,25,,,9,16,d1,d1,True
493,BFS,237.53239333622514,433.4586201902448,237.53239333622514,433.4586201902448,195.92622685401966,True,347,86,d1,True,43,85,d1,d1,True
493,DFS,237.53239333622514,433.4586201902448,237.53239333622514,433.4586201902448,195.92622685401966,True,175,43,d1,True,43,85,d1,d1,True
493,CheapestFirst,237.53239333622514,433.4586201902448,237.53239333622514,433.4586201902448,195.92622685401966,True,348,87,d1,True,43,85,d1,d1,True
493,DNF,237.53239333622514,433.4586201902448,237.53239333622514,433.4586201902448,195.92622685401966,True,515,128,,,43,85,d1,d1,True
494,BFS,28.68691514034981,270.38033187423366,28.68691514034981,270.38033187423366,241.69341673388385,True,35,8,d1,True,4,50,d1,d1,True
494,DFS,28.68691514034981,270.38033187423366,28.68691514034981,270.38033187423366,241.69341673388385,True,19,4,d1,True,4,50,d1,d1,True
494,CheapestFirst,28.68691514034981,270.38033187423366,28.68691514034981,270.38033187423366,241.69341673388385,True,31,7,d1,True,4,50,d1,d1,True
494,DNF,28.68691514034981,270.38033187423366,28.68691514034981,270.38033187423366,241.69341673388385,True,219,54,,,4,50,d1,d1,True
495,BFS,480.96008374087734,453.2334581781623,453.2334581781623,480.96008374087734,27.726625562715014,True,408,102,d2,True,99,91,d2,d2,True
495,DFS,480.96008374087734,453.2334581781623,453.2334581781623,480.96008374087734,27.726625562715014,True,399,99,d1,False,99,91,d2,d2,True
495,CheapestFirst,480.96008374087734,453.2334581781623,453.2334581781623,480.96008374087734,27.726625562715014,True,408,102,d2,True,99,91,d2,d2,True
495,DNF,480.96008374087734,453.2334581781623,453.2334581781623,480.96008374087734,27.726625562715014,True,763,190,,,99,91,d2,d2,True
496,BFS,183.20441586865132,113.08639072079222,113.08639072079222,183.20441586865132,70.1180251478591,True,127,31,d2,True,30,16,d2,d2,True
496,DFS,183.20441586865132,113.08639072079222,113.08639072079222,183.20441586865132,70.1180251478591,True,123,30,d1,False,30,16,d2,d2,True
496,CheapestFirst,183.20441586865132,113.08639072079222,113.08639072079222,183.20441586865132,70.1180251478591,True,132,33,d2,True,30,16,d2,d2,True
496,DNF,183.20441586865132,113.08639072079222,113.08639072079222,183.20441586865132,70.1180251478591,True,187,46,,,30,16,d2,d2,True
497,BFS,240.36381562920295,559.891205801163,240.36381562920295,559.891205801163,319.52739017196006,True,339,84,d1,True,42,99,d1,d1,True
497,DFS,240.36381562920295,559.891205801163,240.36381562920295,559.891205801163,319.52739017196006,True,171,42,d1,True,42,99,d1,d1,True
497,CheapestFirst,240.36381562920295,559.891205801163,240.36381562920295,559.891205801163,319.52739017196006,True,335,83,d1,True,42,99,d1,d1,True
497,DNF,240.36381562920295,559.891205801163,240.36381562920295,559.891205801163,319.52739017196006,True,567,141,,,42,99,d1,d1,True
498,BFS,360.77103167623864,166.23133618535334,166.23133618535334,360.77103167623864,194.5396954908853,True,239,59,d2,True,64,30,d2,d2,True
498,DFS,360.77103167623864,166.23133618535334,166.23133618535334,360.77103167623864,194.5396954908853,True,259,64,d1,False,64,30,d2,d2,True
498,CheapestFirst,360.77103167623864,166.23133618535334,166.23133618535334,360.77103167623864,194.5396954908853,True,243,60,d2,True,64,30,d2,d2,True
498,DNF,360.77103167623864,166.23133618535334,166.23133618535334,360.77103167623864,194.5396954908853,True,379,94,,,64,30,d2,d2,True
499,BFS,538.8992408698549,377.5654156793895,377.5654156793895,538.8992408698549,161.3338251904654,True,416,104,d2,True,96,63,d2,d2,True
499,DFS,538.8992408698549,377.5654156793895,377.5654156793895,538.8992408698549,161.3338251904654,True,387,96,d1,False,96,63,d2,d2,True
499,CheapestFirst,538.8992408698549,377.5654156793895,377.5654156793895,538.8992408698549,161.3338251904654,True,416,104,d2,True,96,63,d2,d2,True
499,DNF,538.8992408698549,377.5654156793895,377.5654156793895,538.8992408698549,161.3338251904654,True,639,159,,,96,63,d2,d2,True
