problem_id,arm,protect_mode,pool_size,nodes,ref_nodes,node_ratio,expansions,ref_expansions,expansion_ratio,filtered,solved,both,arm_only,ref_only,neither,failure,cycle,cap,violations,false_success,ref_violations,ref_false_success,ref_violations,ref_false_success,ref_failure,ref_cycle,solvable,shared,r1,r2,n_disjuncts,n_solvable,db_actions,db_conflict,mean_del,branch_actions,branch_conflict
1,unified,off,21,189,201,1.0635,49,52,1.0612,0,2,2,0,18,1,1,0,0,18,36,0,0,0,0,1,0,20,2,3,3,4,4,20,9,3.55,15,5
1,protect_l,left,21,85,201,2.3647,23,52,2.2609,38,20,20,0,0,1,1,0,0,0,0,0,0,0,0,1,0,20,2,3,3,4,4,20,9,3.55,7,0
1,protect_s,symmetric,21,45,201,4.4667,13,52,4.0,58,5,5,0,15,1,16,0,0,0,0,0,0,0,0,1,0,20,2,3,3,4,4,20,9,3.55,4,0
2,unified,off,21,285,393,1.3789,73,100,1.3699,0,18,18,0,3,0,3,0,0,0,0,0,0,0,0,0,0,21,1,3,3,4,4,20,9,3.75,16,7
2,protect_l,left,21,121,393,3.2479,32,100,3.125,74,9,9,0,12,0,12,0,0,0,0,0,0,0,0,0,0,21,1,3,3,4,4,20,9,3.75,8,0
2,protect_s,symmetric,21,25,393,15.72,8,100,12.5,55,4,4,0,17,0,17,0,0,0,0,0,0,0,0,0,0,21,1,3,3,4,4,20,9,3.75,2,0
3,unified,off,21,233,297,1.2747,60,76,1.2667,0,20,20,0,0,1,1,0,0,0,1,0,0,0,0,1,0,20,3,2,3,4,4,20,11,3.85,15,8
3,protect_l,left,21,137,297,2.1679,36,76,2.1111,93,20,20,0,0,1,1,0,0,0,0,0,0,0,0,1,0,20,3,2,3,4,4,20,11,3.85,7,0
3,protect_s,symmetric,21,69,297,4.3043,19,76,4.0,103,18,18,0,2,1,3,0,0,0,0,0,0,0,0,1,0,20,3,2,3,4,4,20,11,3.85,4,0
4,unified,off,21,133,145,1.0902,35,38,1.0857,0,3,3,0,18,0,0,0,0,18,40,0,0,0,0,0,0,21,3,3,3,4,4,20,14,4.05,11,8
4,protect_l,left,21,85,145,1.7059,23,38,1.6522,36,12,12,0,9,0,9,0,0,0,0,0,0,0,0,0,0,21,3,3,3,4,4,20,14,4.05,4,0
4,protect_s,symmetric,21,13,145,11.1538,5,38,7.6,28,3,3,0,18,0,18,0,0,0,0,0,0,0,0,0,0,21,3,3,3,4,4,20,14,4.05,0,0
6,unified,off,21,157,181,1.1529,41,47,1.1463,0,21,21,0,0,0,0,0,0,0,0,0,0,0,0,0,0,21,1,3,4,4,4,20,8,3.65,12,2
6,protect_l,left,21,113,181,1.6018,30,47,1.5667,40,21,21,0,0,0,0,0,0,0,0,0,0,0,0,0,0,21,1,3,4,4,4,20,8,3.65,9,0
6,protect_s,symmetric,21,17,181,10.6471,6,47,7.8333,34,7,7,0,14,0,14,0,0,0,0,0,0,0,0,0,0,21,1,3,4,4,4,20,8,3.65,1,0
7,unified,off,20,85,185,2.1765,23,48,2.087,0,20,20,0,0,0,0,0,0,0,1,0,0,0,0,0,0,20,1,2,2,4,4,20,4,3.75,7,2
7,protect_l,left,20,49,185,3.7755,14,48,3.4286,20,9,9,0,11,0,11,0,0,0,0,0,0,0,0,0,0,20,1,2,2,4,4,20,4,3.75,3,0
7,protect_s,symmetric,20,25,185,7.4,8,48,6.0,40,7,7,0,13,0,13,0,0,0,0,0,0,0,0,0,0,20,1,2,2,4,4,20,4,3.75,2,0
8,unified,off,21,265,309,1.166,68,79,1.1618,0,18,18,0,0,3,3,0,0,0,1,0,0,0,0,3,0,18,2,2,3,4,4,20,11,3.85,15,8
8,protect_l,left,21,125,309,2.472,33,79,2.3939,84,17,17,0,1,3,4,0,0,0,0,0,0,0,0,3,0,18,2,2,3,4,4,20,11,3.85,7,0
8,protect_s,symmetric,21,57,309,5.4211,16,79,4.9375,77,12,12,0,6,3,9,0,0,0,0,0,0,0,0,3,0,18,2,2,3,4,4,20,11,3.85,4,0
9,unified,off,21,173,209,1.2081,45,54,1.2,0,21,21,0,0,0,0,0,0,0,5,0,0,0,0,0,0,21,1,3,3,4,4,20,7,3.65,19,6
9,protect_l,left,21,89,209,2.3483,24,54,2.25,32,8,8,0,13,0,13,0,0,0,0,0,0,0,0,0,0,21,1,3,3,4,4,20,7,3.65,11,0
9,protect_s,symmetric,21,13,209,16.0769,5,54,10.8,27,4,4,0,17,0,17,0,0,0,0,0,0,0,0,0,0,21,1,3,3,4,4,20,7,3.65,0,0
10,unified,off,20,177,205,1.1582,46,53,1.1522,0,20,20,0,0,0,0,0,0,0,2,0,0,0,0,0,0,20,1,2,4,4,4,20,7,3.9,11,5
10,protect_l,left,20,53,205,3.8679,15,53,3.5333,25,3,3,0,17,0,17,0,0,0,0,0,0,0,0,0,0,20,1,2,4,4,4,20,7,3.9,2,0
10,protect_s,symmetric,20,17,205,12.0588,6,53,8.8333,40,4,4,0,16,0,16,0,0,0,0,0,0,0,0,0,0,20,1,2,4,4,4,20,7,3.9,1,0
11,unified,off,21,253,273,1.0791,65,70,1.0769,0,21,21,0,0,0,0,0,0,0,11,0,0,0,0,0,0,21,3,2,4,4,4,20,15,3.65,17,12
11,protect_l,left,21,81,273,3.3704,22,70,3.1818,44,19,19,0,2,0,2,0,0,0,0,0,0,0,0,0,0,21,3,2,4,4,4,20,15,3.65,3,0
11,protect_s,symmetric,21,17,273,16.0588,6,70,11.6667,38,2,2,0,19,0,19,0,0,0,0,0,0,0,0,0,0,21,3,2,4,4,4,20,15,3.65,1,0
12,unified,off,21,301,429,1.4252,77,109,1.4156,0,6,6,0,11,4,6,9,0,0,41,0,0,0,0,4,0,17,2,2,3,4,4,20,14,3.35,15,10
12,protect_l,left,21,89,429,4.8202,24,109,4.5417,38,12,12,0,5,4,9,0,0,0,0,0,0,0,0,4,0,17,2,2,3,4,4,20,14,3.35,2,0
12,protect_s,symmetric,21,25,429,17.16,8,109,13.625,43,9,9,0,8,4,12,0,0,0,0,0,0,0,0,4,0,17,2,2,3,4,4,20,14,3.35,1,0
13,unified,off,20,137,337,2.4599,36,86,2.3889,0,20,20,0,0,0,0,0,0,0,8,0,0,0,0,0,0,20,1,3,3,4,4,20,6,3.85,11,2
13,protect_l,left,20,149,337,2.2617,39,86,2.2051,97,15,15,0,5,0,5,0,0,0,0,0,0,0,0,0,0,20,1,3,3,4,4,20,6,3.85,9,0
13,protect_s,symmetric,20,69,337,4.8841,19,86,4.5263,91,7,7,0,13,0,13,0,0,0,0,0,0,0,0,0,0,20,1,3,3,4,4,20,6,3.85,6,0
14,unified,off,21,273,369,1.3516,70,94,1.3429,0,3,3,0,18,0,0,0,0,18,38,0,0,0,0,0,0,21,2,3,3,4,4,20,10,4.05,13,6
14,protect_l,left,21,73,369,5.0548,20,94,4.7,38,17,17,0,4,0,4,0,0,0,0,0,0,0,0,0,0,21,2,3,3,4,4,20,10,4.05,6,0
14,protect_s,symmetric,21,33,369,11.1818,10,94,9.4,46,10,10,0,11,0,11,0,0,0,0,0,0,0,0,0,0,21,2,3,3,4,4,20,10,4.05,2,0
15,unified,off,21,357,537,1.5042,91,136,1.4945,0,21,21,0,0,0,0,0,0,0,1,0,0,0,0,0,0,21,2,2,3,4,4,20,11,3.25,14,7
15,protect_l,left,21,181,537,2.9669,47,136,2.8936,46,17,17,0,4,0,4,0,0,0,0,0,0,0,0,0,0,21,2,2,3,4,4,20,11,3.25,7,0
15,protect_s,symmetric,21,29,537,18.5172,9,136,15.1111,49,4,4,0,17,0,17,0,0,0,0,0,0,0,0,0,0,21,2,2,3,4,4,20,11,3.25,4,0
16,unified,off,21,193,225,1.1658,50,58,1.16,0,2,2,0,17,2,2,0,0,17,35,0,0,0,0,2,0,19,1,2,3,4,4,20,6,3.85,16,6
16,protect_l,left,21,113,225,1.9912,30,58,1.9333,54,8,8,0,11,2,13,0,0,0,0,0,0,0,0,2,0,19,1,2,3,4,4,20,6,3.85,8,0
16,protect_s,symmetric,21,29,225,7.7586,9,58,6.4444,53,6,6,0,13,2,15,0,0,0,0,0,0,0,0,2,0,19,1,2,3,4,4,20,6,3.85,4,0
17,unified,off,21,93,193,2.0753,25,50,2.0,0,18,18,0,3,0,0,0,0,3,12,0,0,0,0,0,0,21,1,2,2,4,4,20,7,3.75,9,3
17,protect_l,left,21,69,193,2.7971,19,50,2.6316,24,21,21,0,0,0,0,0,0,0,0,0,0,0,0,0,0,21,1,2,2,4,4,20,7,3.75,5,0
17,protect_s,symmetric,21,41,193,4.7073,12,50,4.1667,43,12,12,0,9,0,9,0,0,0,0,0,0,0,0,0,0,21,1,2,2,4,4,20,7,3.75,4,0
18,unified,off,21,149,357,2.396,39,91,2.3333,0,5,5,0,16,0,0,0,0,16,35,0,0,0,0,0,0,21,2,2,2,4,4,20,9,3.15,10,5
18,protect_l,left,21,117,357,3.0513,31,91,2.9355,35,21,21,0,0,0,0,0,0,0,0,0,0,0,0,0,0,21,2,2,2,4,4,20,9,3.15,5,0
18,protect_s,symmetric,21,45,357,7.9333,13,91,7.0,50,9,9,0,12,0,12,0,0,0,0,0,0,0,0,0,0,21,2,2,2,4,4,20,9,3.15,3,0
19,unified,off,20,189,377,1.9947,49,96,1.9592,0,20,20,0,0,0,0,0,0,0,6,0,0,0,0,0,0,20,1,2,3,4,4,20,7,4.05,11,4
19,protect_l,left,20,137,377,2.7518,36,96,2.6667,53,17,17,0,3,0,3,0,0,0,0,0,0,0,0,0,0,20,1,2,3,4,4,20,7,4.05,10,0
19,protect_s,symmetric,20,33,377,11.4242,10,96,9.6,48,5,5,0,15,0,15,0,0,0,0,0,0,0,0,0,0,20,1,2,3,4,4,20,7,4.05,5,0
20,unified,off,21,153,309,2.0196,40,79,1.975,0,18,18,0,3,0,0,0,0,3,5,0,0,0,0,0,0,21,1,2,2,4,4,20,6,3.75,14,5
20,protect_l,left,21,93,309,3.3226,25,79,3.16,62,21,21,0,0,0,0,0,0,0,0,0,0,0,0,0,0,21,1,2,2,4,4,20,6,3.75,7,0
20,protect_s,symmetric,21,65,309,4.7538,18,79,4.3889,82,8,8,0,13,0,13,0,0,0,0,0,0,0,0,0,0,21,1,2,2,4,4,20,6,3.75,7,0
21,unified,off,21,37,65,1.7568,11,18,1.6364,0,21,21,0,0,0,0,0,0,0,0,0,0,0,0,0,0,21,3,2,2,4,4,20,9,3.05,2,0
21,protect_l,left,21,49,65,1.3265,14,18,1.2857,31,21,21,0,0,0,0,0,0,0,0,0,0,0,0,0,0,21,3,2,2,4,4,20,9,3.05,5,0
21,protect_s,symmetric,21,97,65,0.6701,26,18,0.6923,75,21,21,0,0,0,0,0,0,0,0,0,0,0,0,0,0,21,3,2,2,4,4,20,9,3.05,5,0
22,unified,off,21,261,369,1.4138,67,94,1.403,0,7,7,0,14,0,0,0,0,14,34,0,0,0,0,0,0,21,1,3,3,4,4,20,7,3.45,18,5
22,protect_l,left,21,113,369,3.2655,30,94,3.1333,44,9,9,0,12,0,12,0,0,0,0,0,0,0,0,0,0,21,1,3,3,4,4,20,7,3.45,10,0
22,protect_s,symmetric,21,17,369,21.7059,6,94,15.6667,40,7,7,0,14,0,14,0,0,0,0,0,0,0,0,0,0,21,1,3,3,4,4,20,7,3.45,1,0
23,unified,off,21,285,465,1.6316,73,118,1.6164,0,1,1,0,20,0,0,0,0,20,44,0,0,0,0,0,0,21,2,3,3,4,4,20,8,3.2,13,6
23,protect_l,left,21,161,465,2.8882,42,118,2.8095,67,2,2,0,19,0,19,0,0,0,0,0,0,0,0,0,0,21,2,3,3,4,4,20,8,3.2,8,0
23,protect_s,symmetric,21,17,465,27.3529,6,118,19.6667,46,7,7,0,14,0,14,0,0,0,0,0,0,0,0,0,0,21,2,3,3,4,4,20,8,3.2,0,0
24,unified,off,21,133,201,1.5113,35,52,1.4857,0,4,4,0,17,0,0,0,0,17,39,0,0,0,0,0,0,21,1,2,3,4,4,20,6,3.75,11,3
24,protect_l,left,21,105,201,1.9143,28,52,1.8571,39,21,21,0,0,0,0,0,0,0,0,0,0,0,0,0,0,21,1,2,3,4,4,20,6,3.75,7,0
24,protect_s,symmetric,21,73,201,2.7534,20,52,2.6,63,16,16,0,5,0,5,0,0,0,0,0,0,0,0,0,0,21,1,2,3,4,4,20,6,3.75,6,0
26,unified,off,21,165,265,1.6061,43,68,1.5814,0,3,3,0,18,0,0,0,0,18,49,0,0,0,0,0,0,21,1,2,3,4,4,20,8,4.05,14,6
26,protect_l,left,21,73,265,3.6301,20,68,3.4,38,18,18,0,3,0,3,0,0,0,0,0,0,0,0,0,0,21,1,2,3,4,4,20,8,4.05,8,0
26,protect_s,symmetric,21,25,265,10.6,8,68,8.5,42,10,10,0,11,0,11,0,0,0,0,0,0,0,0,0,0,21,1,2,3,4,4,20,8,4.05,3,0
27,unified,off,21,213,309,1.4507,55,79,1.4364,0,21,21,0,0,0,0,0,0,0,0,0,0,0,0,0,0,21,1,2,2,4,4,20,5,3.45,15,3
27,protect_l,left,21,177,309,1.7458,46,79,1.7174,71,21,21,0,0,0,0,0,0,0,0,0,0,0,0,0,0,21,1,2,2,4,4,20,5,3.45,11,0
27,protect_s,symmetric,21,81,309,3.8148,22,79,3.5909,105,17,17,0,4,0,4,0,0,0,0,0,0,0,0,0,0,21,1,2,2,4,4,20,5,3.45,7,0
28,unified,off,21,229,265,1.1572,59,68,1.1525,0,8,8,0,13,0,0,0,0,13,29,0,0,0,0,0,0,21,1,3,3,4,4,20,6,3.75,14,4
28,protect_l,left,21,145,265,1.8276,38,68,1.7895,56,21,21,0,0,0,0,0,0,0,0,0,0,0,0,0,0,21,1,3,3,4,4,20,6,3.75,10,0
28,protect_s,symmetric,21,65,265,4.0769,18,68,3.7778,74,14,14,0,7,0,7,0,0,0,0,0,0,0,0,0,0,21,1,3,3,4,4,20,6,3.75,6,0
29,unified,off,20,177,269,1.5198,46,69,1.5,0,20,20,0,0,0,0,0,0,0,13,0,0,0,0,0,0,20,3,3,3,4,4,20,13,4.1,14,7
29,protect_l,left,20,85,269,3.1647,23,69,3.0,45,7,7,0,13,0,13,0,0,0,0,0,0,0,0,0,0,20,3,3,3,4,4,20,13,4.1,6,0
29,protect_s,symmetric,20,29,269,9.2759,9,69,7.6667,38,4,4,0,16,0,16,0,0,0,0,0,0,0,0,0,0,20,3,3,3,4,4,20,13,4.1,1,0
30,unified,off,21,137,317,2.3139,36,81,2.25,0,21,21,0,0,0,0,0,0,0,8,0,0,0,0,0,0,21,1,2,2,4,4,20,6,3.6,13,3
30,protect_l,left,21,49,317,6.4694,14,81,5.7857,31,13,13,0,8,0,8,0,0,0,0,0,0,0,0,0,0,21,1,2,2,4,4,20,6,3.6,6,0
30,protect_s,symmetric,21,69,317,4.5942,19,81,4.2632,64,9,9,0,12,0,12,0,0,0,0,0,0,0,0,0,0,21,1,2,2,4,4,20,6,3.6,5,0
32,unified,off,21,185,273,1.4757,48,70,1.4583,0,21,21,0,0,0,0,0,0,0,0,0,0,0,0,0,0,21,1,2,4,4,4,20,7,3.55,13,5
32,protect_l,left,21,105,273,2.6,28,70,2.5,79,19,19,0,2,0,2,0,0,0,0,0,0,0,0,0,0,21,1,2,4,4,4,20,7,3.55,6,0
32,protect_s,symmetric,21,65,273,4.2,18,70,3.8889,91,19,19,0,2,0,2,0,0,0,0,0,0,0,0,0,0,21,1,2,4,4,4,20,7,3.55,4,0
33,unified,off,21,149,221,1.4832,39,57,1.4615,0,2,2,0,19,0,0,0,0,19,38,0,0,0,0,0,0,21,3,2,3,4,4,20,14,4.0,12,9
33,protect_l,left,21,85,221,2.6,23,57,2.4783,40,21,21,0,0,0,0,0,0,0,0,0,0,0,0,0,0,21,3,2,3,4,4,20,14,4.0,4,0
33,protect_s,symmetric,21,21,221,10.5238,7,57,8.1429,39,3,3,0,18,0,18,0,0,0,0,0,0,0,0,0,0,21,3,2,3,4,4,20,14,4.0,2,0
34,unified,off,20,253,273,1.0791,65,70,1.0769,0,1,1,0,19,0,0,0,0,19,41,0,0,0,0,0,0,20,3,2,2,4,4,20,14,3.9,13,10
34,protect_l,left,20,121,273,2.2562,32,70,2.1875,53,20,20,0,0,0,0,0,0,0,0,0,0,0,0,0,0,20,3,2,2,4,4,20,14,3.9,3,0
34,protect_s,symmetric,20,29,273,9.4138,9,70,7.7778,52,6,6,0,14,0,14,0,0,0,0,0,0,0,0,0,0,20,3,2,2,4,4,20,14,3.9,2,0
35,unified,off,21,205,241,1.1756,53,62,1.1698,0,16,16,0,4,1,5,0,0,0,10,0,0,0,0,1,0,20,2,3,3,4,4,20,9,3.75,12,5
35,protect_l,left,21,69,241,3.4928,19,62,3.2632,26,3,3,0,17,1,18,0,0,0,0,0,0,0,0,1,0,20,2,3,3,4,4,20,9,3.75,5,0
35,protect_s,symmetric,21,17,241,14.1765,6,62,10.3333,41,5,5,0,15,1,16,0,0,0,0,0,0,0,0,1,0,20,2,3,3,4,4,20,9,3.75,1,0
37,unified,off,21,217,497,2.2903,56,126,2.25,0,20,20,0,1,0,1,0,0,0,5,0,0,0,0,0,0,21,1,2,3,4,4,20,7,3.75,15,5
37,protect_l,left,21,133,497,3.7368,35,126,3.6,65,16,16,0,5,0,5,0,0,0,0,0,0,0,0,0,0,21,1,2,3,4,4,20,7,3.75,11,0
37,protect_s,symmetric,21,65,497,7.6462,18,126,7.0,78,10,10,0,11,0,11,0,0,0,0,0,0,0,0,0,0,21,1,2,3,4,4,20,7,3.75,7,0
38,unified,off,21,101,117,1.1584,27,31,1.1481,0,2,2,0,17,2,2,0,0,17,40,0,0,0,0,2,0,19,1,2,3,4,4,20,7,4.05,7,4
38,protect_l,left,21,49,117,2.3878,14,31,2.2143,23,16,16,0,3,2,5,0,0,0,0,0,0,0,0,2,0,19,1,2,3,4,4,20,7,4.05,3,0
38,protect_s,symmetric,21,21,117,5.5714,7,31,4.4286,40,7,7,0,12,2,14,0,0,0,0,0,0,0,0,2,0,19,1,2,3,4,4,20,7,4.05,2,0
39,unified,off,20,57,145,2.5439,16,38,2.375,0,3,3,0,17,0,0,0,0,17,37,0,0,0,0,0,0,20,1,2,2,4,4,20,5,4.15,3,1
39,protect_l,left,20,77,145,1.8831,21,38,1.8095,35,3,3,0,17,0,17,0,0,0,0,0,0,0,0,0,0,20,1,2,2,4,4,20,5,4.15,9,0
39,protect_s,symmetric,20,45,145,3.2222,13,38,2.9231,60,8,8,0,12,0,12,0,0,0,0,0,0,0,0,0,0,20,1,2,2,4,4,20,5,4.15,5,0
40,unified,off,21,213,361,1.6948,55,92,1.6727,0,14,14,0,0,7,7,0,0,0,1,0,0,0,0,7,0,14,2,3,3,4,4,20,12,4.15,13,8
40,protect_l,left,21,129,361,2.7984,34,92,2.7059,53,13,13,0,1,7,8,0,0,0,0,0,0,0,0,7,0,14,2,3,3,4,4,20,12,4.15,3,0
40,protect_s,symmetric,21,53,361,6.8113,15,92,6.1333,65,9,9,0,5,7,12,0,0,0,0,0,0,0,0,7,0,14,2,3,3,4,4,20,12,4.15,2,0
41,unified,off,21,273,449,1.6447,70,114,1.6286,0,20,20,0,0,1,1,0,0,0,0,0,0,0,0,1,0,20,1,2,3,4,4,20,5,3.65,15,4
41,protect_l,left,21,137,449,3.2774,36,114,3.1667,33,17,17,0,3,1,4,0,0,0,0,0,0,0,0,1,0,20,1,2,3,4,4,20,5,3.65,12,0
41,protect_s,symmetric,21,33,449,13.6061,10,114,11.4,45,9,9,0,11,1,12,0,0,0,0,0,0,0,0,1,0,20,1,2,3,4,4,20,5,3.65,4,0
42,unified,off,21,277,465,1.6787,71,118,1.662,0,20,20,0,0,1,1,0,0,0,4,0,0,0,0,1,0,20,2,2,2,4,4,20,10,3.55,14,5
42,protect_l,left,21,157,465,2.9618,41,118,2.878,47,17,17,0,3,1,4,0,0,0,0,0,0,0,0,1,0,20,2,2,2,4,4,20,10,3.55,6,0
42,protect_s,symmetric,21,33,465,14.0909,10,118,11.8,54,7,7,0,13,1,14,0,0,0,0,0,0,0,0,1,0,20,2,2,2,4,4,20,10,3.55,2,0
44,unified,off,21,149,209,1.4027,39,54,1.3846,0,1,1,0,19,1,1,0,0,19,45,0,0,0,0,1,0,20,2,2,4,4,4,20,11,3.7,12,6
44,protect_l,left,21,81,209,2.5802,22,54,2.4545,73,19,19,0,1,1,2,0,0,0,0,0,0,0,0,1,0,20,2,2,4,4,4,20,11,3.7,6,0
44,protect_s,symmetric,21,25,209,8.36,8,54,6.75,48,4,4,0,16,1,17,0,0,0,0,0,0,0,0,1,0,20,2,2,4,4,4,20,11,3.7,3,0
45,unified,off,20,205,217,1.0585,53,56,1.0566,0,16,16,0,4,0,4,0,0,0,8,0,0,0,0,0,0,20,3,3,4,4,4,20,9,3.45,16,7
45,protect_l,left,20,121,217,1.7934,32,56,1.75,61,10,10,0,10,0,10,0,0,0,0,0,0,0,0,0,0,20,3,3,4,4,4,20,9,3.45,8,0
45,protect_s,symmetric,20,21,217,10.3333,7,56,8.0,47,3,3,0,17,0,17,0,0,0,0,0,0,0,0,0,0,20,3,3,4,4,4,20,9,3.45,2,0
46,unified,off,21,209,189,0.9043,54,49,0.9074,0,20,20,0,0,1,1,0,0,0,0,0,0,0,0,1,0,20,2,2,4,4,4,20,14,3.9,16,11
46,protect_l,left,21,89,189,2.1236,24,49,2.0417,57,20,20,0,0,1,1,0,0,0,0,0,0,0,0,1,0,20,2,2,4,4,4,20,14,3.9,4,0
46,protect_s,symmetric,21,17,189,11.1176,6,49,8.1667,48,6,6,0,14,1,15,0,0,0,0,0,0,0,0,1,0,20,2,2,4,4,4,20,14,3.9,1,0
47,unified,off,21,193,361,1.8705,50,92,1.84,0,1,1,0,20,0,0,0,0,20,43,0,0,0,0,0,0,21,3,2,3,4,4,20,14,3.35,11,8
47,protect_l,left,21,129,361,2.7984,34,92,2.7059,66,1,1,0,20,0,20,0,0,0,0,0,0,0,0,0,0,21,3,2,3,4,4,20,14,3.35,5,0
47,protect_s,symmetric,21,37,361,9.7568,11,92,8.3636,72,5,5,0,16,0,16,0,0,0,0,0,0,0,0,0,0,21,3,2,3,4,4,20,14,3.35,2,0
48,unified,off,21,121,137,1.1322,32,36,1.125,0,14,14,0,7,0,0,0,0,7,23,0,0,0,0,0,0,21,1,2,3,4,4,20,5,3.9,12,4
48,protect_l,left,21,105,137,1.3048,28,36,1.2857,69,19,19,0,2,0,2,0,0,0,0,0,0,0,0,0,0,21,1,2,3,4,4,20,5,3.9,9,0
48,protect_s,symmetric,21,65,137,2.1077,18,36,2.0,92,18,18,0,3,0,3,0,0,0,0,0,0,0,0,0,0,21,1,2,3,4,4,20,5,3.9,5,0
49,unified,off,21,77,129,1.6753,21,34,1.619,0,9,9,0,12,0,0,0,0,12,26,0,0,0,0,0,0,21,1,2,3,4,4,20,4,3.5,9,0
49,protect_l,left,21,73,129,1.7671,20,34,1.7,23,21,21,0,0,0,0,0,0,0,0,0,0,0,0,0,0,21,1,2,3,4,4,20,4,3.5,7,0
49,protect_s,symmetric,21,49,129,2.6327,14,34,2.4286,43,16,16,0,5,0,5,0,0,0,0,0,0,0,0,0,0,21,1,2,3,4,4,20,4,3.5,5,0
50,unified,off,21,409,633,1.5477,104,160,1.5385,0,20,20,0,0,1,1,0,0,0,0,0,0,0,0,1,0,20,2,2,3,4,4,20,11,3.45,16,8
50,protect_l,left,21,161,633,3.9317,42,160,3.8095,82,17,17,0,3,1,4,0,0,0,0,0,0,0,0,1,0,20,2,2,3,4,4,20,11,3.45,5,0
50,protect_s,symmetric,21,93,633,6.8065,25,160,6.4,106,13,13,0,7,1,8,0,0,0,0,0,0,0,0,1,0,20,2,2,3,4,4,20,11,3.45,4,0
52,unified,off,20,237,385,1.6245,61,98,1.6066,0,17,17,0,1,2,3,0,0,0,9,0,0,0,0,2,0,18,2,2,2,4,4,20,10,3.75,15,9
52,protect_l,left,20,125,385,3.08,33,98,2.9697,43,10,10,0,8,2,10,0,0,0,0,0,0,0,0,2,0,18,2,2,2,4,4,20,10,3.75,5,0
52,protect_s,symmetric,20,41,385,9.3902,12,98,8.1667,63,7,7,0,11,2,13,0,0,0,0,0,0,0,0,2,0,18,2,2,2,4,4,20,10,3.75,3,0
54,unified,off,20,277,449,1.6209,71,114,1.6056,0,20,20,0,0,0,0,0,0,0,0,0,0,0,0,0,0,20,1,2,3,4,4,20,8,3.05,16,6
54,protect_l,left,20,137,449,3.2774,36,114,3.1667,57,14,14,0,6,0,6,0,0,0,0,0,0,0,0,0,0,20,1,2,3,4,4,20,8,3.05,7,0
54,protect_s,symmetric,20,81,449,5.5432,22,114,5.1818,80,9,9,0,11,0,11,0,0,0,0,0,0,0,0,0,0,20,1,2,3,4,4,20,8,3.05,5,0
55,unified,off,21,89,213,2.3933,24,55,2.2917,0,17,17,0,4,0,0,0,0,4,18,0,0,0,0,0,0,21,1,2,2,4,4,20,5,3.65,9,1
55,protect_l,left,21,65,213,3.2769,18,55,3.0556,30,20,20,0,1,0,1,0,0,0,0,0,0,0,0,0,0,21,1,2,2,4,4,20,5,3.65,8,0
55,protect_s,symmetric,21,25,213,8.52,8,55,6.875,41,9,9,0,12,0,12,0,0,0,0,0,0,0,0,0,0,21,1,2,2,4,4,20,5,3.65,3,0
56,unified,off,21,205,445,2.1707,53,113,2.1321,0,21,21,0,0,0,0,0,0,0,14,0,0,0,0,0,0,21,3,2,2,4,4,20,13,3.65,12,7
56,protect_l,left,21,125,445,3.56,33,113,3.4242,42,21,21,0,0,0,0,0,0,0,0,0,0,0,0,0,0,21,3,2,2,4,4,20,13,3.65,5,0
56,protect_s,symmetric,21,25,445,17.8,8,113,14.125,45,3,3,0,18,0,18,0,0,0,0,0,0,0,0,0,0,21,3,2,2,4,4,20,13,3.65,2,0
57,unified,off,20,149,113,0.7584,39,30,0.7692,0,20,20,0,0,0,0,0,0,0,10,0,0,0,0,0,0,20,2,2,3,4,4,20,15,3.9,14,10
57,protect_l,left,20,57,113,1.9825,16,30,1.875,34,14,14,0,6,0,6,0,0,0,0,0,0,0,0,0,0,20,2,2,3,4,4,20,15,3.9,2,0
57,protect_s,symmetric,20,21,113,5.381,7,30,4.2857,44,4,4,0,16,0,16,0,0,0,0,0,0,0,0,0,0,20,2,2,3,4,4,20,15,3.9,2,0
58,unified,off,21,181,225,1.2431,47,58,1.234,0,21,21,0,0,0,0,0,0,0,4,0,0,0,0,0,0,21,2,2,4,4,4,20,11,3.8,14,8
58,protect_l,left,21,97,225,2.3196,26,58,2.2308,52,18,18,0,3,0,3,0,0,0,0,0,0,0,0,0,0,21,2,2,4,4,4,20,11,3.8,7,0
58,protect_s,symmetric,21,33,225,6.8182,10,58,5.8,54,12,12,0,9,0,9,0,0,0,0,0,0,0,0,0,0,21,2,2,4,4,4,20,11,3.8,3,0
59,unified,off,21,85,177,2.0824,23,46,2.0,0,21,21,0,0,0,0,0,0,0,1,0,0,0,0,0,0,21,3,2,2,4,4,20,11,3.3,7,3
59,protect_l,left,21,85,177,2.0824,23,46,2.0,66,21,21,0,0,0,0,0,0,0,0,0,0,0,0,0,0,21,3,2,2,4,4,20,11,3.3,6,0
59,protect_s,symmetric,21,73,177,2.4247,20,46,2.3,102,12,12,0,9,0,9,0,0,0,0,0,0,0,0,0,0,21,3,2,2,4,4,20,11,3.3,5,0
61,unified,off,21,97,105,1.0825,26,28,1.0769,0,4,4,0,17,0,0,0,0,17,35,0,0,0,0,0,0,21,2,3,5,4,4,20,12,3.8,11,7
61,protect_l,left,21,77,105,1.3636,21,28,1.3333,57,20,20,0,1,0,1,0,0,0,0,0,0,0,0,0,0,21,2,3,5,4,4,20,12,3.8,6,0
61,protect_s,symmetric,21,21,105,5.0,7,28,4.0,48,2,2,0,19,0,19,0,0,0,0,0,0,0,0,0,0,21,2,3,5,4,4,20,12,3.8,2,0
62,unified,off,21,113,157,1.3894,30,41,1.3667,0,10,10,0,11,0,0,0,0,11,21,0,0,0,0,0,0,21,1,3,4,4,4,20,8,3.45,11,3
62,protect_l,left,21,93,157,1.6882,25,41,1.64,51,21,21,0,0,0,0,0,0,0,0,0,0,0,0,0,0,21,1,3,4,4,4,20,8,3.45,8,0
62,protect_s,symmetric,21,45,157,3.4889,13,41,3.1538,56,11,11,0,10,0,10,0,0,0,0,0,0,0,0,0,0,21,1,3,4,4,4,20,8,3.45,4,0
66,unified,off,21,177,269,1.5198,46,69,1.5,0,21,21,0,0,0,0,0,0,0,1,0,0,0,0,0,0,21,1,2,2,4,4,20,5,4.05,14,2
66,protect_l,left,21,105,269,2.5619,28,69,2.4643,43,17,17,0,4,0,4,0,0,0,0,0,0,0,0,0,0,21,1,2,2,4,4,20,5,4.05,12,0
66,protect_s,symmetric,21,41,269,6.561,12,69,5.75,63,11,11,0,10,0,10,0,0,0,0,0,0,0,0,0,0,21,1,2,2,4,4,20,5,4.05,5,0
67,unified,off,21,173,217,1.2543,45,56,1.2444,0,19,19,0,0,2,2,0,0,0,1,0,0,0,0,2,0,19,1,2,4,4,4,20,9,4.05,14,5
67,protect_l,left,21,73,217,2.9726,20,56,2.8,46,14,14,0,5,2,7,0,0,0,0,0,0,0,0,2,0,19,1,2,4,4,4,20,9,4.05,7,0
67,protect_s,symmetric,21,37,217,5.8649,11,56,5.0909,49,10,10,0,9,2,11,0,0,0,0,0,0,0,0,2,0,19,1,2,4,4,4,20,9,4.05,3,0
70,unified,off,21,165,253,1.5333,43,65,1.5116,0,12,12,0,8,1,1,0,0,8,17,0,0,0,0,1,0,20,1,2,3,4,4,20,7,3.35,12,6
70,protect_l,left,21,125,253,2.024,33,65,1.9697,92,20,20,0,0,1,1,0,0,0,0,0,0,0,0,1,0,20,1,2,3,4,4,20,7,3.35,6,0
70,protect_s,symmetric,21,65,253,3.8923,18,65,3.6111,90,11,11,0,9,1,10,0,0,0,0,0,0,0,0,1,0,20,1,2,3,4,4,20,7,3.35,5,0
71,unified,off,21,165,261,1.5818,43,67,1.5581,0,4,4,0,17,0,0,0,0,17,38,0,0,0,0,0,0,21,2,2,4,4,4,20,14,3.4,13,9
71,protect_l,left,21,93,261,2.8065,25,67,2.68,47,15,15,0,6,0,6,0,0,0,0,0,0,0,0,0,0,21,2,2,4,4,4,20,14,3.4,3,0
71,protect_s,symmetric,21,29,261,9.0,9,67,7.4444,45,7,7,0,14,0,14,0,0,0,0,0,0,0,0,0,0,21,2,2,4,4,4,20,14,3.4,1,0
75,unified,off,21,61,65,1.0656,17,18,1.0588,0,21,21,0,0,0,0,0,0,0,16,0,0,0,0,0,0,21,1,2,4,4,4,20,9,3.9,9,3
75,protect_l,left,21,49,65,1.3265,14,18,1.2857,26,21,21,0,0,0,0,0,0,0,0,0,0,0,0,0,0,21,1,2,4,4,4,20,9,3.9,5,0
75,protect_s,symmetric,21,49,65,1.3265,14,18,1.2857,42,21,21,0,0,0,0,0,0,0,0,0,0,0,0,0,0,21,1,2,4,4,4,20,9,3.9,3,0
76,unified,off,21,181,333,1.8398,47,85,1.8085,0,20,20,0,1,0,1,0,0,0,0,0,0,0,0,0,0,21,2,2,3,4,4,20,12,3.8,13,8
76,protect_l,left,21,113,333,2.9469,30,85,2.8333,62,20,20,0,1,0,1,0,0,0,0,0,0,0,0,0,0,21,2,2,3,4,4,20,12,3.8,5,0
76,protect_s,symmetric,21,45,333,7.4,13,85,6.5385,77,11,11,0,10,0,10,0,0,0,0,0,0,0,0,0,0,21,2,2,3,4,4,20,12,3.8,3,0
79,unified,off,21,325,565,1.7385,83,143,1.7229,0,4,4,0,15,2,2,0,0,15,46,0,0,0,0,2,0,19,2,2,3,4,4,20,11,4.0,15,9
79,protect_l,left,21,145,565,3.8966,38,143,3.7632,52,10,10,0,9,2,11,0,0,0,0,0,0,0,0,2,0,19,2,2,3,4,4,20,11,4.0,6,0
79,protect_s,symmetric,21,29,565,19.4828,9,143,15.8889,51,3,3,0,16,2,18,0,0,0,0,0,0,0,0,2,0,19,2,2,3,4,4,20,11,4.0,3,0
80,unified,off,21,141,149,1.0567,37,39,1.0541,0,6,6,0,15,0,0,0,0,15,31,0,0,0,0,0,0,21,2,2,3,4,4,20,13,3.85,8,3
80,protect_l,left,21,81,149,1.8395,22,39,1.7727,44,21,21,0,0,0,0,0,0,0,0,0,0,0,0,0,0,21,2,2,3,4,4,20,13,3.85,5,0
80,protect_s,symmetric,21,37,149,4.027,11,39,3.5455,47,7,7,0,14,0,14,0,0,0,0,0,0,0,0,0,0,21,2,2,3,4,4,20,13,3.85,2,0
82,unified,off,21,145,149,1.0276,38,39,1.0263,0,6,6,0,15,0,0,0,0,15,32,0,0,0,0,0,0,21,2,2,3,4,4,20,8,3.65,13,5
82,protect_l,left,21,137,149,1.0876,36,39,1.0833,66,20,20,0,1,0,1,0,0,0,0,0,0,0,0,0,0,21,2,2,3,4,4,20,8,3.65,9,0
82,protect_s,symmetric,21,81,149,1.8395,22,39,1.7727,85,6,6,0,15,0,15,0,0,0,0,0,0,0,0,0,0,21,2,2,3,4,4,20,8,3.65,9,0
83,unified,off,21,193,265,1.3731,50,68,1.36,0,15,15,0,6,0,0,0,0,6,16,0,0,0,0,0,0,21,1,3,4,4,4,20,8,4.05,15,6
83,protect_l,left,21,81,265,3.2716,22,68,3.0909,32,13,13,0,8,0,8,0,0,0,0,0,0,0,0,0,0,21,1,3,4,4,4,20,8,4.05,8,0
83,protect_s,symmetric,21,37,265,7.1622,11,68,6.1818,63,14,14,0,7,0,7,0,0,0,0,0,0,0,0,0,0,21,1,3,4,4,4,20,8,4.05,2,0
84,unified,off,21,141,293,2.078,37,75,2.027,0,21,21,0,0,0,0,0,0,0,0,0,0,0,0,0,0,21,2,2,2,4,4,20,10,3.0,11,3
84,protect_l,left,21,97,293,3.0206,26,75,2.8846,59,21,21,0,0,0,0,0,0,0,0,0,0,0,0,0,0,21,2,2,2,4,4,20,10,3.0,7,0
84,protect_s,symmetric,21,53,293,5.5283,15,75,5.0,89,8,8,0,13,0,13,0,0,0,0,0,0,0,0,0,0,21,2,2,2,4,4,20,10,3.0,5,0
86,unified,off,21,229,349,1.524,59,89,1.5085,0,16,16,0,1,4,5,0,0,0,8,0,0,0,0,4,0,17,1,2,2,4,4,20,6,3.25,15,5
86,protect_l,left,21,153,349,2.281,40,89,2.225,39,17,17,0,0,4,4,0,0,0,0,0,0,0,0,4,0,17,1,2,2,4,4,20,6,3.25,9,0
86,protect_s,symmetric,21,57,349,6.1228,16,89,5.5625,55,10,10,0,7,4,11,0,0,0,0,0,0,0,0,4,0,17,1,2,2,4,4,20,6,3.25,8,0
87,unified,off,21,297,413,1.3906,76,105,1.3816,0,1,1,0,18,2,2,0,0,18,42,0,0,0,0,2,0,19,2,4,5,4,4,20,10,3.3,14,8
87,protect_l,left,21,93,413,4.4409,25,105,4.2,51,1,1,0,18,2,20,0,0,0,0,0,0,0,0,2,0,19,2,4,5,4,4,20,10,3.3,6,0
87,protect_s,symmetric,21,25,413,16.52,8,105,13.125,35,4,4,0,15,2,17,0,0,0,0,0,0,0,0,2,0,19,2,4,5,4,4,20,10,3.3,1,0
88,unified,off,21,97,129,1.3299,26,34,1.3077,0,21,21,0,0,0,0,0,0,0,1,0,0,0,0,0,0,21,1,2,3,4,4,20,8,4.05,10,4
88,protect_l,left,21,65,129,1.9846,18,34,1.8889,40,21,21,0,0,0,0,0,0,0,0,0,0,0,0,0,0,21,1,2,3,4,4,20,8,4.05,5,0
88,protect_s,symmetric,21,41,129,3.1463,12,34,2.8333,64,17,17,0,4,0,4,0,0,0,0,0,0,0,0,0,0,21,1,2,3,4,4,20,8,4.05,3,0
90,unified,off,21,181,237,1.3094,47,61,1.2979,0,13,13,0,6,2,2,0,0,6,12,0,0,0,0,2,0,19,1,3,3,4,4,20,6,3.55,12,3
90,protect_l,left,21,97,237,2.4433,26,61,2.3462,27,19,19,0,0,2,2,0,0,0,0,0,0,0,0,2,0,19,1,3,3,4,4,20,6,3.55,7,0
90,protect_s,symmetric,21,45,237,5.2667,13,61,4.6923,42,10,10,0,9,2,11,0,0,0,0,0,0,0,0,2,0,19,1,3,3,4,4,20,6,3.55,5,0
92,unified,off,21,181,341,1.884,47,87,1.8511,0,21,21,0,0,0,0,0,0,0,11,0,0,0,0,0,0,21,2,3,3,4,4,20,12,3.7,13,7
92,protect_l,left,21,93,341,3.6667,25,87,3.48,37,13,13,0,8,0,8,0,0,0,0,0,0,0,0,0,0,21,2,3,3,4,4,20,12,3.7,6,0
92,protect_s,symmetric,21,29,341,11.7586,9,87,9.6667,43,9,9,0,12,0,12,0,0,0,0,0,0,0,0,0,0,21,2,3,3,4,4,20,12,3.7,2,0
93,unified,off,21,185,417,2.2541,48,106,2.2083,0,21,21,0,0,0,0,0,0,0,2,0,0,0,0,0,0,21,3,2,3,4,4,20,14,4.15,10,6
93,protect_l,left,21,125,417,3.336,33,106,3.2121,39,21,21,0,0,0,0,0,0,0,0,0,0,0,0,0,0,21,3,2,3,4,4,20,14,4.15,3,0
93,protect_s,symmetric,21,49,417,8.5102,14,106,7.5714,55,8,8,0,13,0,13,0,0,0,0,0,0,0,0,0,0,21,3,2,3,4,4,20,14,4.15,3,0
94,unified,off,21,273,225,0.8242,70,58,0.8286,0,21,21,0,0,0,0,0,0,0,4,0,0,0,0,0,0,21,2,3,3,4,4,20,9,3.55,15,7
94,protect_l,left,21,101,225,2.2277,27,58,2.1481,20,17,17,0,4,0,4,0,0,0,0,0,0,0,0,0,0,21,2,3,3,4,4,20,9,3.55,6,0
94,protect_s,symmetric,21,21,225,10.7143,7,58,8.2857,36,5,5,0,16,0,16,0,0,0,0,0,0,0,0,0,0,21,2,3,3,4,4,20,9,3.55,2,0
95,unified,off,21,213,289,1.3568,55,74,1.3455,0,21,21,0,0,0,0,0,0,0,0,0,0,0,0,0,0,21,1,3,4,4,4,20,6,3.1,14,4
95,protect_l,left,21,137,289,2.1095,36,74,2.0556,53,19,19,0,2,0,2,0,0,0,0,0,0,0,0,0,0,21,1,3,4,4,4,20,6,3.1,9,0
95,protect_s,symmetric,21,33,289,8.7576,10,74,7.4,64,9,9,0,12,0,12,0,0,0,0,0,0,0,0,0,0,21,1,3,4,4,4,20,6,3.1,2,0
96,unified,off,21,249,425,1.7068,64,108,1.6875,0,20,20,0,0,1,1,0,0,0,6,0,0,0,0,1,0,20,1,2,2,4,4,20,7,3.8,16,6
96,protect_l,left,21,129,425,3.2946,34,108,3.1765,65,17,17,0,3,1,4,0,0,0,0,0,0,0,0,1,0,20,1,2,2,4,4,20,7,3.8,10,0
96,protect_s,symmetric,21,45,425,9.4444,13,108,8.3077,72,11,11,0,9,1,10,0,0,0,0,0,0,0,0,1,0,20,1,2,2,4,4,20,7,3.8,4,0
97,unified,off,19,177,229,1.2938,46,59,1.2826,0,19,19,0,0,0,0,0,0,0,8,0,0,0,0,0,0,19,3,3,3,4,4,20,14,3.55,15,10
97,protect_l,left,19,105,229,2.181,28,59,2.1071,81,18,18,0,1,0,1,0,0,0,0,0,0,0,0,0,0,19,3,3,3,4,4,20,14,3.55,5,0
97,protect_s,symmetric,19,57,229,4.0175,16,59,3.6875,86,13,13,0,6,0,6,0,0,0,0,0,0,0,0,0,0,19,3,3,3,4,4,20,14,3.55,3,0
98,unified,off,20,85,185,2.1765,23,48,2.087,0,20,20,0,0,0,0,0,0,0,6,0,0,0,0,0,0,20,1,2,3,4,4,20,4,3.75,13,2
98,protect_l,left,20,81,185,2.284,22,48,2.1818,40,20,20,0,0,0,0,0,0,0,0,0,0,0,0,0,0,20,1,2,3,4,4,20,4,3.75,10,0
98,protect_s,symmetric,20,53,185,3.4906,15,48,3.2,69,19,19,0,1,0,1,0,0,0,0,0,0,0,0,0,0,20,1,2,3,4,4,20,4,3.75,4,0
100,unified,off,21,93,97,1.043,25,26,1.04,0,11,11,0,10,0,0,0,0,10,25,0,0,0,0,0,0,21,2,2,4,4,4,20,11,3.85,13,6
100,protect_l,left,21,53,97,1.8302,15,26,1.7333,44,21,21,0,0,0,0,0,0,0,0,0,0,0,0,0,0,21,2,2,4,4,4,20,11,3.85,7,0
100,protect_s,symmetric,21,25,97,3.88,8,26,3.25,48,7,7,0,14,0,14,0,0,0,0,0,0,0,0,0,0,21,2,2,4,4,4,20,11,3.85,2,0
101,unified,off,21,273,385,1.4103,70,98,1.4,0,2,2,0,18,1,2,0,0,17,34,0,0,0,0,1,0,20,2,3,3,4,4,20,9,3.4,16,5
101,protect_l,left,21,121,385,3.1818,32,98,3.0625,69,6,6,0,14,1,15,0,0,0,0,0,0,0,0,1,0,20,2,3,3,4,4,20,9,3.4,8,0
101,protect_s,symmetric,21,45,385,8.5556,13,98,7.5385,59,7,7,0,13,1,14,0,0,0,0,0,0,0,0,1,0,20,2,3,3,4,4,20,9,3.4,2,0
102,unified,off,21,237,261,1.1013,61,67,1.0984,0,20,20,0,0,1,1,0,0,0,6,0,0,0,0,1,0,20,1,3,3,4,4,20,8,4.1,17,5
102,protect_l,left,21,105,261,2.4857,28,67,2.3929,56,20,20,0,0,1,1,0,0,0,0,0,0,0,0,1,0,20,1,3,3,4,4,20,8,4.1,7,0
102,protect_s,symmetric,21,37,261,7.0541,11,67,6.0909,62,10,10,0,10,1,11,0,0,0,0,0,0,0,0,1,0,20,1,3,3,4,4,20,8,4.1,4,0
103,unified,off,20,77,93,1.2078,21,25,1.1905,0,20,20,0,0,0,0,0,0,0,0,0,0,0,0,0,0,20,3,3,4,4,4,20,14,3.8,5,3
103,protect_l,left,20,53,93,1.7547,15,25,1.6667,27,20,20,0,0,0,0,0,0,0,0,0,0,0,0,0,0,20,3,3,4,4,4,20,14,3.8,2,0
103,protect_s,symmetric,20,37,93,2.5135,11,25,2.2727,40,12,12,0,8,0,8,0,0,0,0,0,0,0,0,0,0,20,3,3,4,4,4,20,14,3.8,2,0
104,unified,off,20,181,313,1.7293,47,80,1.7021,0,20,20,0,0,0,0,0,0,0,1,0,0,0,0,0,0,20,2,2,4,4,4,20,8,3.35,14,5
104,protect_l,left,20,169,313,1.8521,44,80,1.8182,81,20,20,0,0,0,0,0,0,0,0,0,0,0,0,0,0,20,2,2,4,4,4,20,8,3.35,9,0
104,protect_s,symmetric,20,77,313,4.0649,21,80,3.8095,101,10,10,0,10,0,10,0,0,0,0,0,0,0,0,0,0,20,2,2,4,4,4,20,8,3.35,6,0
105,unified,off,21,49,89,1.8163,14,24,1.7143,0,21,21,0,0,0,0,0,0,0,0,0,0,0,0,0,0,21,2,2,2,4,4,20,11,3.7,5,1
105,protect_l,left,21,45,89,1.9778,13,24,1.8462,43,21,21,0,0,0,0,0,0,0,0,0,0,0,0,0,0,21,2,2,2,4,4,20,11,3.7,4,0
105,protect_s,symmetric,21,41,89,2.1707,12,24,2.0,47,21,21,0,0,0,0,0,0,0,0,0,0,0,0,0,0,21,2,2,2,4,4,20,11,3.7,3,0
106,unified,off,21,205,401,1.9561,53,102,1.9245,0,20,20,0,1,0,1,0,0,0,0,0,0,0,0,0,0,21,1,2,4,4,4,20,8,3.7,17,7
106,protect_l,left,21,73,401,5.4932,20,102,5.1,48,12,12,0,9,0,9,0,0,0,0,0,0,0,0,0,0,21,1,2,4,4,4,20,8,3.7,8,0
106,protect_s,symmetric,21,41,401,9.7805,12,102,8.5,55,7,7,0,14,0,14,0,0,0,0,0,0,0,0,0,0,21,1,2,4,4,4,20,8,3.7,2,0
107,unified,off,21,261,373,1.4291,67,95,1.4179,0,21,21,0,0,0,0,0,0,0,0,0,0,0,0,0,0,21,1,2,2,4,4,20,8,3.35,16,6
107,protect_l,left,21,161,373,2.3168,42,95,2.2619,69,18,18,0,3,0,3,0,0,0,0,0,0,0,0,0,0,21,1,2,2,4,4,20,8,3.35,11,0
107,protect_s,symmetric,21,77,373,4.8442,21,95,4.5238,80,17,17,0,4,0,4,0,0,0,0,0,0,0,0,0,0,21,1,2,2,4,4,20,8,3.35,8,0
109,unified,off,21,129,321,2.4884,34,82,2.4118,0,3,3,0,18,0,0,0,0,18,40,0,0,0,0,0,0,21,2,2,3,4,4,20,12,4.25,9,5
109,protect_l,left,21,73,321,4.3973,20,82,4.1,26,21,21,0,0,0,0,0,0,0,0,0,0,0,0,0,0,21,2,2,3,4,4,20,12,4.25,2,0
109,protect_s,symmetric,21,29,321,11.069,9,82,9.1111,46,5,5,0,16,0,16,0,0,0,0,0,0,0,0,0,0,21,2,2,3,4,4,20,12,4.25,3,0
110,unified,off,21,149,145,0.9732,39,38,0.9744,0,20,20,0,0,1,1,0,0,0,1,0,0,0,0,1,0,20,2,3,3,4,4,20,12,3.65,13,7
110,protect_l,left,21,57,145,2.5439,16,38,2.375,55,20,20,0,0,1,1,0,0,0,0,0,0,0,0,1,0,20,2,3,3,4,4,20,12,3.65,3,0
110,protect_s,symmetric,21,37,145,3.9189,11,38,3.4545,70,15,15,0,5,1,6,0,0,0,0,0,0,0,0,1,0,20,2,3,3,4,4,20,12,3.65,3,0
111,unified,off,21,269,429,1.5948,69,109,1.5797,0,8,8,0,13,0,0,0,0,13,26,0,0,0,0,0,0,21,1,3,4,4,4,20,6,3.6,14,3
111,protect_l,left,21,241,429,1.7801,62,109,1.7581,43,8,8,0,13,0,13,0,0,0,0,0,0,0,0,0,0,21,1,3,4,4,4,20,6,3.6,11,0
111,protect_s,symmetric,21,17,429,25.2353,6,109,18.1667,34,5,5,0,16,0,16,0,0,0,0,0,0,0,0,0,0,21,1,3,4,4,4,20,6,3.6,1,0
112,unified,off,21,205,345,1.6829,53,88,1.6604,0,1,1,0,20,0,0,0,0,20,57,0,0,0,0,0,0,21,2,2,2,4,4,20,9,3.85,16,7
112,protect_l,left,21,101,345,3.4158,27,88,3.2593,39,6,6,0,15,0,15,0,0,0,0,0,0,0,0,0,0,21,2,2,2,4,4,20,9,3.85,7,0
112,protect_s,symmetric,21,21,345,16.4286,7,88,12.5714,45,6,6,0,15,0,15,0,0,0,0,0,0,0,0,0,0,21,2,2,2,4,4,20,9,3.85,1,0
115,unified,off,21,185,205,1.1081,48,53,1.1042,0,2,2,0,19,0,0,0,0,19,37,0,0,0,0,0,0,21,3,2,3,4,4,20,16,3.65,12,9
115,protect_l,left,21,101,205,2.0297,27,53,1.963,27,17,17,0,4,0,4,0,0,0,0,0,0,0,0,0,0,21,3,2,3,4,4,20,16,3.65,3,0
115,protect_s,symmetric,21,25,205,8.2,8,53,6.625,33,6,6,0,15,0,15,0,0,0,0,0,0,0,0,0,0,21,3,2,3,4,4,20,16,3.65,2,0
116,unified,off,21,241,289,1.1992,62,74,1.1935,0,19,19,0,1,1,2,0,0,0,1,0,0,0,0,1,0,20,2,3,4,4,4,20,14,4.0,13,7
116,protect_l,left,21,89,289,3.2472,24,74,3.0833,41,16,16,0,4,1,5,0,0,0,0,0,0,0,0,1,0,20,2,3,4,4,4,20,14,4.0,6,0
116,protect_s,symmetric,21,17,289,17.0,6,74,12.3333,32,4,4,0,16,1,17,0,0,0,0,0,0,0,0,1,0,20,2,3,4,4,4,20,14,4.0,1,0
118,unified,off,20,217,213,0.9816,56,55,0.9821,0,18,18,0,0,2,2,0,0,0,0,0,0,0,0,2,0,18,1,3,3,4,4,20,6,3.6,13,5
118,protect_l,left,20,105,213,2.0286,28,55,1.9643,38,9,9,0,9,2,11,0,0,0,0,0,0,0,0,2,0,18,1,3,3,4,4,20,6,3.6,7,0
118,protect_s,symmetric,20,21,213,10.1429,7,55,7.8571,45,7,7,0,11,2,13,0,0,0,0,0,0,0,0,2,0,18,1,3,3,4,4,20,6,3.6,2,0
120,unified,off,20,149,189,1.2685,39,49,1.2564,0,7,7,0,13,0,0,0,0,13,43,0,0,0,0,0,0,20,2,2,3,4,4,20,9,3.15,12,4
120,protect_l,left,20,85,189,2.2235,23,49,2.1304,45,20,20,0,0,0,0,0,0,0,0,0,0,0,0,0,0,20,2,2,3,4,4,20,9,3.15,8,0
120,protect_s,symmetric,20,41,189,4.6098,12,49,4.0833,65,11,11,0,9,0,9,0,0,0,0,0,0,0,0,0,0,20,2,2,3,4,4,20,9,3.15,4,0
121,unified,off,21,181,229,1.2652,47,59,1.2553,0,21,21,0,0,0,0,0,0,0,0,0,0,0,0,0,0,21,1,2,4,4,4,20,8,3.9,13,5
121,protect_l,left,21,133,229,1.7218,35,59,1.6857,90,20,20,0,1,0,1,0,0,0,0,0,0,0,0,0,0,21,1,2,4,4,4,20,8,3.9,7,0
121,protect_s,symmetric,21,85,229,2.6941,23,59,2.5652,113,19,19,0,2,0,2,0,0,0,0,0,0,0,0,0,0,21,1,2,4,4,4,20,8,3.9,6,0
123,unified,off,21,129,261,2.0233,34,67,1.9706,0,21,21,0,0,0,0,0,0,0,0,0,0,0,0,0,0,21,2,2,2,4,4,20,10,3.5,14,7
123,protect_l,left,21,73,261,3.5753,20,67,3.35,49,21,21,0,0,0,0,0,0,0,0,0,0,0,0,0,0,21,2,2,2,4,4,20,10,3.5,6,0
123,protect_s,symmetric,21,25,261,10.44,8,67,8.375,46,12,12,0,9,0,9,0,0,0,0,0,0,0,0,0,0,21,2,2,2,4,4,20,10,3.5,1,0
124,unified,off,21,257,429,1.6693,66,109,1.6515,0,10,10,0,11,0,0,0,0,11,22,0,0,0,0,0,0,21,2,3,3,4,4,20,10,3.5,16,9
124,protect_l,left,21,129,429,3.3256,34,109,3.2059,50,20,20,0,1,0,1,0,0,0,0,0,0,0,0,0,0,21,2,3,3,4,4,20,10,3.5,8,0
124,protect_s,symmetric,21,25,429,17.16,8,109,13.625,47,5,5,0,16,0,16,0,0,0,0,0,0,0,0,0,0,21,2,3,3,4,4,20,10,3.5,2,0
125,unified,off,21,85,137,1.6118,23,36,1.5652,0,21,21,0,0,0,0,0,0,0,0,0,0,0,0,0,0,21,1,2,3,4,4,20,9,4.0,10,4
125,protect_l,left,21,49,137,2.7959,14,36,2.5714,35,5,5,0,16,0,16,0,0,0,0,0,0,0,0,0,0,21,1,2,3,4,4,20,9,4.0,6,0
125,protect_s,symmetric,21,17,137,8.0588,6,36,6.0,35,8,8,0,13,0,13,0,0,0,0,0,0,0,0,0,0,21,1,2,3,4,4,20,9,4.0,1,0
126,unified,off,21,249,305,1.2249,64,78,1.2188,0,21,21,0,0,0,0,0,0,0,3,0,0,0,0,0,0,21,1,3,4,4,4,20,4,3.6,16,4
126,protect_l,left,21,149,305,2.047,39,78,2.0,55,21,21,0,0,0,0,0,0,0,0,0,0,0,0,0,0,21,1,3,4,4,4,20,4,3.6,9,0
126,protect_s,symmetric,21,57,305,5.3509,16,78,4.875,61,9,9,0,12,0,12,0,0,0,0,0,0,0,0,0,0,21,1,3,4,4,4,20,4,3.6,6,0
127,unified,off,21,161,149,0.9255,42,39,0.9286,0,20,20,0,0,1,1,0,0,0,2,0,0,0,0,1,0,20,3,2,3,4,4,20,13,3.6,10,5
127,protect_l,left,21,89,149,1.6742,24,39,1.625,54,18,18,0,2,1,3,0,0,0,0,0,0,0,0,1,0,20,3,2,3,4,4,20,13,3.6,5,0
127,protect_s,symmetric,21,17,149,8.7647,6,39,6.5,40,4,4,0,16,1,17,0,0,0,0,0,0,0,0,1,0,20,3,2,3,4,4,20,13,3.6,1,0
129,unified,off,21,101,89,0.8812,27,24,0.8889,0,21,21,0,0,0,0,0,0,0,0,0,0,0,0,0,0,21,5,2,3,4,4,20,19,3.85,10,9
129,protect_l,left,21,37,89,2.4054,11,24,2.1818,30,21,21,0,0,0,0,0,0,0,0,0,0,0,0,0,0,21,5,2,3,4,4,20,19,3.85,1,0
129,protect_s,symmetric,21,25,89,3.56,8,24,3.0,32,4,4,0,17,0,17,0,0,0,0,0,0,0,0,0,0,21,5,2,3,4,4,20,19,3.85,1,0
130,unified,off,21,185,329,1.7784,48,84,1.75,0,19,19,0,0,2,2,0,0,0,0,0,0,0,0,2,0,19,1,2,3,4,4,20,5,3.25,15,4
130,protect_l,left,21,129,329,2.5504,34,84,2.4706,68,19,19,0,0,2,2,0,0,0,0,0,0,0,0,2,0,19,1,2,3,4,4,20,5,3.25,9,0
130,protect_s,symmetric,21,53,329,6.2075,15,84,5.6,93,19,19,0,0,2,2,0,0,0,0,0,0,0,0,2,0,19,1,2,3,4,4,20,5,3.25,4,0
133,unified,off,21,249,297,1.1928,64,76,1.1875,0,19,19,0,0,2,2,0,0,0,1,0,0,0,0,2,0,19,2,2,3,4,4,20,12,3.65,14,7
133,protect_l,left,21,105,297,2.8286,28,76,2.7143,45,16,16,0,3,2,5,0,0,0,0,0,0,0,0,2,0,19,2,2,3,4,4,20,12,3.65,6,0
133,protect_s,symmetric,21,21,297,14.1429,7,76,10.8571,35,6,6,0,13,2,15,0,0,0,0,0,0,0,0,2,0,19,2,2,3,4,4,20,12,3.65,1,0
134,unified,off,21,81,113,1.3951,22,30,1.3636,0,21,21,0,0,0,0,0,0,0,9,0,0,0,0,0,0,21,2,2,2,4,4,20,11,4.1,9,5
134,protect_l,left,21,41,113,2.7561,12,30,2.5,32,21,21,0,0,0,0,0,0,0,0,0,0,0,0,0,0,21,2,2,2,4,4,20,11,4.1,3,0
134,protect_s,symmetric,21,21,113,5.381,7,30,4.2857,43,6,6,0,15,0,15,0,0,0,0,0,0,0,0,0,0,21,2,2,2,4,4,20,11,4.1,2,0
135,unified,off,21,133,177,1.3308,35,46,1.3143,0,21,21,0,0,0,0,0,0,0,0,0,0,0,0,0,0,21,1,3,4,4,4,20,11,3.75,11,4
135,protect_l,left,21,129,177,1.3721,34,46,1.3529,92,21,21,0,0,0,0,0,0,0,0,0,0,0,0,0,0,21,1,3,4,4,4,20,11,3.75,8,0
135,protect_s,symmetric,21,57,177,3.1053,16,46,2.875,71,10,10,0,11,0,11,0,0,0,0,0,0,0,0,0,0,21,1,3,4,4,4,20,11,3.75,4,0
136,unified,off,21,69,97,1.4058,19,26,1.3684,0,21,21,0,0,0,0,0,0,0,0,0,0,0,0,0,0,21,1,2,2,4,4,20,7,3.65,6,1
136,protect_l,left,21,61,97,1.5902,17,26,1.5294,33,21,21,0,0,0,0,0,0,0,0,0,0,0,0,0,0,21,1,2,2,4,4,20,7,3.65,5,0
136,protect_s,symmetric,21,29,97,3.3448,9,26,2.8889,50,13,13,0,8,0,8,0,0,0,0,0,0,0,0,0,0,21,1,2,2,4,4,20,7,3.65,4,0
137,unified,off,21,69,109,1.5797,19,29,1.5263,0,21,21,0,0,0,0,0,0,0,4,0,0,0,0,0,0,21,1,2,2,4,4,20,3,3.6,7,1
137,protect_l,left,21,41,109,2.6585,12,29,2.4167,23,19,19,0,2,0,2,0,0,0,0,0,0,0,0,0,0,21,1,2,2,4,4,20,3,3.6,4,0
137,protect_s,symmetric,21,33,109,3.303,10,29,2.9,44,12,12,0,9,0,9,0,0,0,0,0,0,0,0,0,0,21,1,2,2,4,4,20,3,3.6,4,0
138,unified,off,21,269,237,0.881,69,61,0.8841,0,20,20,0,0,1,1,0,0,0,0,0,0,0,0,1,0,20,3,3,4,4,4,20,11,3.2,15,8
138,protect_l,left,21,133,237,1.782,35,61,1.7429,79,20,20,0,0,1,1,0,0,0,0,0,0,0,0,1,0,20,3,3,4,4,4,20,11,3.2,7,0
138,protect_s,symmetric,21,33,237,7.1818,10,61,6.1,71,8,8,0,12,1,13,0,0,0,0,0,0,0,0,1,0,20,3,3,4,4,4,20,11,3.2,4,0
139,unified,off,21,189,417,2.2063,49,106,2.1633,0,20,20,0,0,1,1,0,0,0,1,0,0,0,0,1,0,20,1,2,2,4,4,20,5,3.55,14,3
139,protect_l,left,21,93,417,4.4839,25,106,4.24,42,16,16,0,4,1,5,0,0,0,0,0,0,0,0,1,0,20,1,2,2,4,4,20,5,3.55,9,0
139,protect_s,symmetric,21,41,417,10.1707,12,106,8.8333,61,12,12,0,8,1,9,0,0,0,0,0,0,0,0,1,0,20,1,2,2,4,4,20,5,3.55,6,0
140,unified,off,21,237,249,1.0506,61,64,1.0492,0,21,21,0,0,0,0,0,0,0,0,0,0,0,0,0,0,21,2,2,3,4,4,20,10,3.15,15,6
140,protect_l,left,21,101,249,2.4653,27,64,2.3704,78,19,19,0,2,0,2,0,0,0,0,0,0,0,0,0,0,21,2,2,3,4,4,20,10,3.15,7,0
140,protect_s,symmetric,21,25,249,9.96,8,64,8.0,55,6,6,0,15,0,15,0,0,0,0,0,0,0,0,0,0,21,2,2,3,4,4,20,10,3.15,3,0
141,unified,off,21,189,181,0.9577,49,47,0.9592,0,21,21,0,0,0,0,0,0,0,2,0,0,0,0,0,0,21,1,2,3,4,4,20,7,3.6,13,4
141,protect_l,left,21,117,181,1.547,31,47,1.5161,52,21,21,0,0,0,0,0,0,0,0,0,0,0,0,0,0,21,1,2,3,4,4,20,7,3.6,7,0
141,protect_s,symmetric,21,85,181,2.1294,23,47,2.0435,73,13,13,0,8,0,8,0,0,0,0,0,0,0,0,0,0,21,1,2,3,4,4,20,7,3.6,5,0
142,unified,off,21,173,233,1.3468,45,60,1.3333,0,21,21,0,0,0,0,0,0,0,0,0,0,0,0,0,0,21,3,2,3,4,4,20,13,3.55,13,8
142,protect_l,left,21,89,233,2.618,24,60,2.5,54,20,20,0,1,0,1,0,0,0,0,0,0,0,0,0,0,21,3,2,3,4,4,20,13,3.55,4,0
142,protect_s,symmetric,21,37,233,6.2973,11,60,5.4545,61,7,7,0,14,0,14,0,0,0,0,0,0,0,0,0,0,21,3,2,3,4,4,20,13,3.55,2,0
143,unified,off,21,57,93,1.6316,16,25,1.5625,0,21,21,0,0,0,0,0,0,0,2,0,0,0,0,0,0,21,1,3,3,4,4,20,10,4.1,6,2
143,protect_l,left,21,37,93,2.5135,11,25,2.2727,30,21,21,0,0,0,0,0,0,0,0,0,0,0,0,0,0,21,1,3,3,4,4,20,10,4.1,4,0
143,protect_s,symmetric,21,17,93,5.4706,6,25,4.1667,38,3,3,0,18,0,18,0,0,0,0,0,0,0,0,0,0,21,1,3,3,4,4,20,10,4.1,1,0
144,unified,off,20,149,281,1.8859,39,72,1.8462,0,3,3,0,17,0,0,0,0,17,35,0,0,0,0,0,0,20,3,2,4,4,4,20,13,3.5,13,6
144,protect_l,left,20,105,281,2.6762,28,72,2.5714,52,20,20,0,0,0,0,0,0,0,0,0,0,0,0,0,0,20,3,2,4,4,4,20,13,3.5,6,0
144,protect_s,symmetric,20,33,281,8.5152,10,72,7.2,43,7,7,0,13,0,13,0,0,0,0,0,0,0,0,0,0,20,3,2,4,4,4,20,13,3.5,3,0
145,unified,off,21,241,393,1.6307,62,100,1.6129,0,19,19,0,2,0,2,0,0,0,12,0,0,0,0,0,0,21,2,2,3,4,4,20,7,3.6,16,6
145,protect_l,left,21,169,393,2.3254,44,100,2.2727,59,21,21,0,0,0,0,0,0,0,0,0,0,0,0,0,0,21,2,2,3,4,4,20,7,3.6,9,0
145,protect_s,symmetric,21,29,393,13.5517,9,100,11.1111,56,10,10,0,11,0,11,0,0,0,0,0,0,0,0,0,0,21,2,2,3,4,4,20,7,3.6,3,0
146,unified,off,21,101,181,1.7921,27,47,1.7407,0,5,5,0,16,0,0,0,0,16,41,0,0,0,0,0,0,21,2,2,2,4,4,20,14,4.35,10,6
146,protect_l,left,21,45,181,4.0222,13,47,3.6154,41,21,21,0,0,0,0,0,0,0,0,0,0,0,0,0,0,21,2,2,2,4,4,20,14,4.35,5,0
146,protect_s,symmetric,21,17,181,10.6471,6,47,7.8333,33,4,4,0,17,0,17,0,0,0,0,0,0,0,0,0,0,21,2,2,2,4,4,20,14,4.35,1,0
150,unified,off,20,317,529,1.6688,81,134,1.6543,0,15,15,0,4,1,1,0,0,4,7,0,0,0,0,1,0,19,1,2,3,4,4,20,5,3.5,14,3
150,protect_l,left,20,189,529,2.7989,49,134,2.7347,56,18,18,0,1,1,2,0,0,0,0,0,0,0,0,1,0,19,1,2,3,4,4,20,5,3.5,11,0
150,protect_s,symmetric,20,69,529,7.6667,19,134,7.0526,76,10,10,0,9,1,10,0,0,0,0,0,0,0,0,1,0,19,1,2,3,4,4,20,5,3.5,7,0
152,unified,off,21,73,121,1.6575,20,32,1.6,0,7,7,0,14,0,0,0,0,14,36,0,0,0,0,0,0,21,1,3,4,4,4,20,7,3.7,5,3
152,protect_l,left,21,65,121,1.8615,18,32,1.7778,31,15,15,0,6,0,6,0,0,0,0,0,0,0,0,0,0,21,1,3,4,4,4,20,7,3.7,5,0
152,protect_s,symmetric,21,33,121,3.6667,10,32,3.2,45,18,18,0,3,0,3,0,0,0,0,0,0,0,0,0,0,21,1,3,4,4,4,20,7,3.7,3,0
153,unified,off,21,109,101,0.9266,29,27,0.931,0,21,21,0,0,0,0,0,0,0,0,0,0,0,0,0,0,21,1,3,3,4,4,20,7,3.5,12,3
153,protect_l,left,21,61,101,1.6557,17,27,1.5882,29,18,18,0,3,0,3,0,0,0,0,0,0,0,0,0,0,21,1,3,3,4,4,20,7,3.5,8,0
153,protect_s,symmetric,21,21,101,4.8095,7,27,3.8571,34,9,9,0,12,0,12,0,0,0,0,0,0,0,0,0,0,21,1,3,3,4,4,20,7,3.5,2,0
154,unified,off,21,317,397,1.2524,81,101,1.2469,0,20,20,0,0,1,1,0,0,0,14,0,0,0,0,1,0,20,3,2,3,4,4,20,14,3.5,17,11
154,protect_l,left,21,133,397,2.985,35,101,2.8857,50,20,20,0,0,1,1,0,0,0,0,0,0,0,0,1,0,20,3,2,3,4,4,20,14,3.5,5,0
154,protect_s,symmetric,21,33,397,12.0303,10,101,10.1,62,9,9,0,11,1,12,0,0,0,0,0,0,0,0,1,0,20,3,2,3,4,4,20,14,3.5,2,0
155,unified,off,21,97,205,2.1134,26,53,2.0385,0,21,21,0,0,0,0,0,0,0,2,0,0,0,0,0,0,21,2,2,2,4,4,20,12,3.5,7,3
155,protect_l,left,21,73,205,2.8082,20,53,2.65,38,21,21,0,0,0,0,0,0,0,0,0,0,0,0,0,0,21,2,2,2,4,4,20,12,3.5,5,0
155,protect_s,symmetric,21,37,205,5.5405,11,53,4.8182,58,13,13,0,8,0,8,0,0,0,0,0,0,0,0,0,0,21,2,2,2,4,4,20,12,3.5,4,0
157,unified,off,21,121,241,1.9917,32,62,1.9375,0,15,15,0,2,4,6,0,0,0,3,0,0,0,0,4,0,17,1,3,4,4,4,20,4,3.9,10,2
157,protect_l,left,21,165,241,1.4606,43,62,1.4419,47,16,16,0,1,4,5,0,0,0,0,0,0,0,0,4,0,17,1,3,4,4,4,20,4,3.9,10,0
157,protect_s,symmetric,21,97,241,2.4845,26,62,2.3846,58,10,10,0,7,4,11,0,0,0,0,0,0,0,0,4,0,17,1,3,4,4,4,20,4,3.9,5,0
158,unified,off,21,157,297,1.8917,41,76,1.8537,0,21,21,0,0,0,0,0,0,0,0,0,0,0,0,0,0,21,2,2,3,4,4,20,10,4.1,15,7
158,protect_l,left,21,121,297,2.4545,32,76,2.375,56,21,21,0,0,0,0,0,0,0,0,0,0,0,0,0,0,21,2,2,3,4,4,20,10,4.1,9,0
158,protect_s,symmetric,21,53,297,5.6038,15,76,5.0667,52,7,7,0,14,0,14,0,0,0,0,0,0,0,0,0,0,21,2,2,3,4,4,20,10,4.1,5,0
159,unified,off,20,189,229,1.2116,49,59,1.2041,0,4,4,0,16,0,0,0,0,16,36,0,0,0,0,0,0,20,3,3,3,4,4,20,13,3.9,12,8
159,protect_l,left,20,97,229,2.3608,26,59,2.2692,50,10,10,0,10,0,10,0,0,0,0,0,0,0,0,0,0,20,3,3,3,4,4,20,13,3.9,4,0
159,protect_s,symmetric,20,29,229,7.8966,9,59,6.5556,51,6,6,0,14,0,14,0,0,0,0,0,0,0,0,0,0,20,3,3,3,4,4,20,13,3.9,2,0
160,unified,off,21,165,277,1.6788,43,71,1.6512,0,21,21,0,0,0,0,0,0,0,0,0,0,0,0,0,0,21,1,2,4,4,4,20,11,3.8,12,5
160,protect_l,left,21,161,277,1.7205,42,71,1.6905,81,21,21,0,0,0,0,0,0,0,0,0,0,0,0,0,0,21,1,2,4,4,4,20,11,3.8,7,0
160,protect_s,symmetric,21,109,277,2.5413,29,71,2.4483,114,16,16,0,5,0,5,0,0,0,0,0,0,0,0,0,0,21,1,2,4,4,4,20,11,3.8,7,0
161,unified,off,21,69,137,1.9855,19,36,1.8947,0,3,3,0,18,0,0,0,0,18,44,0,0,0,0,0,0,21,2,2,2,4,4,20,13,3.8,4,2
161,protect_l,left,21,57,137,2.4035,16,36,2.25,43,15,15,0,6,0,6,0,0,0,0,0,0,0,0,0,0,21,2,2,2,4,4,20,13,3.8,4,0
161,protect_s,symmetric,21,17,137,8.0588,6,36,6.0,27,4,4,0,17,0,17,0,0,0,0,0,0,0,0,0,0,21,2,2,2,4,4,20,13,3.8,1,0
162,unified,off,21,137,209,1.5255,36,54,1.5,0,21,21,0,0,0,0,0,0,0,0,0,0,0,0,0,0,21,1,3,3,4,4,20,6,3.4,13,2
162,protect_l,left,21,105,209,1.9905,28,54,1.9286,63,20,20,0,1,0,1,0,0,0,0,0,0,0,0,0,0,21,1,3,3,4,4,20,6,3.4,10,0
162,protect_s,symmetric,21,45,209,4.6444,13,54,4.1538,53,7,7,0,14,0,14,0,0,0,0,0,0,0,0,0,0,21,1,3,3,4,4,20,6,3.4,3,0
164,unified,off,20,217,269,1.2396,56,69,1.2321,0,19,19,0,0,1,1,0,0,0,0,0,0,0,0,1,0,19,1,3,3,4,4,20,6,3.85,13,4
164,protect_l,left,20,109,269,2.4679,29,69,2.3793,44,19,19,0,0,1,1,0,0,0,0,0,0,0,0,1,0,19,1,3,3,4,4,20,6,3.85,11,0
164,protect_s,symmetric,20,41,269,6.561,12,69,5.75,57,9,9,0,10,1,11,0,0,0,0,0,0,0,0,1,0,19,1,3,3,4,4,20,6,3.85,5,0
166,unified,off,21,209,373,1.7847,54,95,1.7593,0,21,21,0,0,0,0,0,0,0,7,0,0,0,0,0,0,21,1,3,3,4,4,20,10,3.65,16,6
166,protect_l,left,21,85,373,4.3882,23,95,4.1304,69,18,18,0,3,0,3,0,0,0,0,0,0,0,0,0,0,21,1,3,3,4,4,20,10,3.65,8,0
166,protect_s,symmetric,21,25,373,14.92,8,95,11.875,39,7,7,0,14,0,14,0,0,0,0,0,0,0,0,0,0,21,1,3,3,4,4,20,10,3.65,3,0
167,unified,off,21,125,257,2.056,33,66,2.0,0,21,21,0,0,0,0,0,0,0,0,0,0,0,0,0,0,21,2,2,3,4,4,20,11,3.7,10,3
167,protect_l,left,21,69,257,3.7246,19,66,3.4737,23,8,8,0,13,0,13,0,0,0,0,0,0,0,0,0,0,21,2,2,3,4,4,20,11,3.7,2,0
167,protect_s,symmetric,21,29,257,8.8621,9,66,7.3333,38,8,8,0,13,0,13,0,0,0,0,0,0,0,0,0,0,21,2,2,3,4,4,20,11,3.7,1,0
168,unified,off,21,437,501,1.1465,111,127,1.1441,0,7,7,0,13,1,1,13,0,0,38,0,0,0,0,1,0,20,1,4,5,4,4,20,6,3.9,16,4
168,protect_l,left,21,141,501,3.5532,37,127,3.4324,46,14,14,0,6,1,7,0,0,0,0,0,0,0,0,1,0,20,1,4,5,4,4,20,6,3.9,10,0
168,protect_s,symmetric,21,37,501,13.5405,11,127,11.5455,52,6,6,0,14,1,15,0,0,0,0,0,0,0,0,1,0,20,1,4,5,4,4,20,6,3.9,2,0
169,unified,off,20,105,177,1.6857,28,46,1.6429,0,20,20,0,0,0,0,0,0,0,0,0,0,0,0,0,0,20,2,3,3,4,4,20,8,3.45,8,4
169,protect_l,left,20,69,177,2.5652,19,46,2.4211,31,20,20,0,0,0,0,0,0,0,0,0,0,0,0,0,0,20,2,3,3,4,4,20,8,3.45,5,0
169,protect_s,symmetric,20,25,177,7.08,8,46,5.75,54,6,6,0,14,0,14,0,0,0,0,0,0,0,0,0,0,20,2,3,3,4,4,20,8,3.45,2,0
170,unified,off,21,157,241,1.535,41,62,1.5122,0,15,15,0,6,0,0,0,0,6,14,0,0,0,0,0,0,21,2,2,2,4,4,20,11,3.9,12,5
170,protect_l,left,21,101,241,2.3861,27,62,2.2963,68,21,21,0,0,0,0,0,0,0,0,0,0,0,0,0,0,21,2,2,2,4,4,20,11,3.9,6,0
170,protect_s,symmetric,21,29,241,8.3103,9,62,6.8889,59,7,7,0,14,0,14,0,0,0,0,0,0,0,0,0,0,21,2,2,2,4,4,20,11,3.9,4,0
171,unified,off,21,253,325,1.2846,65,83,1.2769,0,21,21,0,0,0,0,0,0,0,0,0,0,0,0,0,0,21,1,3,3,4,4,20,8,4.2,16,6
171,protect_l,left,21,113,325,2.8761,30,83,2.7667,37,14,14,0,7,0,7,0,0,0,0,0,0,0,0,0,0,21,1,3,3,4,4,20,8,4.2,9,0
171,protect_s,symmetric,21,29,325,11.2069,9,83,9.2222,44,6,6,0,15,0,15,0,0,0,0,0,0,0,0,0,0,21,1,3,3,4,4,20,8,4.2,2,0
172,unified,off,20,237,293,1.2363,61,75,1.2295,0,3,3,0,17,0,0,0,0,17,34,0,0,0,0,0,0,20,2,3,3,4,4,20,14,3.65,17,11
172,protect_l,left,20,65,293,4.5077,18,75,4.1667,39,7,7,0,13,0,13,0,0,0,0,0,0,0,0,0,0,20,2,3,3,4,4,20,14,3.65,3,0
172,protect_s,symmetric,20,21,293,13.9524,7,75,10.7143,36,2,2,0,18,0,18,0,0,0,0,0,0,0,0,0,0,20,2,3,3,4,4,20,14,3.65,1,0
173,unified,off,21,165,401,2.4303,43,102,2.3721,0,20,20,0,0,1,1,0,0,0,0,0,0,0,0,1,0,20,2,2,3,4,4,20,12,3.9,11,3
173,protect_l,left,21,141,401,2.844,37,102,2.7568,59,20,20,0,0,1,1,0,0,0,0,0,0,0,0,1,0,20,2,2,3,4,4,20,12,3.9,6,0
173,protect_s,symmetric,21,61,401,6.5738,17,102,6.0,73,18,18,0,2,1,3,0,0,0,0,0,0,0,0,1,0,20,2,2,3,4,4,20,12,3.9,4,0
175,unified,off,21,81,133,1.642,22,35,1.5909,0,21,21,0,0,0,0,0,0,0,0,0,0,0,0,0,0,21,1,3,4,4,4,20,7,3.4,8,2
175,protect_l,left,21,69,133,1.9275,19,35,1.8421,29,21,21,0,0,0,0,0,0,0,0,0,0,0,0,0,0,21,1,3,4,4,4,20,7,3.4,6,0
175,protect_s,symmetric,21,21,133,6.3333,7,35,5.0,36,5,5,0,16,0,16,0,0,0,0,0,0,0,0,0,0,21,1,3,4,4,4,20,7,3.4,2,0
178,unified,off,21,169,309,1.8284,44,79,1.7955,0,21,21,0,0,0,0,0,0,0,0,0,0,0,0,0,0,21,3,2,3,4,4,20,13,3.85,14,8
178,protect_l,left,21,61,309,5.0656,17,79,4.6471,32,21,21,0,0,0,0,0,0,0,0,0,0,0,0,0,0,21,3,2,3,4,4,20,13,3.85,4,0
178,protect_s,symmetric,21,17,309,18.1765,6,79,13.1667,34,6,6,0,15,0,15,0,0,0,0,0,0,0,0,0,0,21,3,2,3,4,4,20,13,3.85,1,0
179,unified,off,21,253,517,2.0435,65,131,2.0154,0,21,21,0,0,0,0,0,0,0,4,0,0,0,0,0,0,21,1,2,3,4,4,20,8,3.9,16,6
179,protect_l,left,21,161,517,3.2112,42,131,3.119,78,18,18,0,3,0,3,0,0,0,0,0,0,0,0,0,0,21,1,2,3,4,4,20,8,3.9,8,0
179,protect_s,symmetric,21,45,517,11.4889,13,131,10.0769,62,8,8,0,13,0,13,0,0,0,0,0,0,0,0,0,0,21,1,2,3,4,4,20,8,3.9,6,0
181,unified,off,20,105,209,1.9905,28,54,1.9286,0,20,20,0,0,0,0,0,0,0,1,0,0,0,0,0,0,20,3,2,2,4,4,20,11,3.15,9,3
181,protect_l,left,20,121,209,1.7273,32,54,1.6875,114,20,20,0,0,0,0,0,0,0,0,0,0,0,0,0,0,20,3,2,2,4,4,20,11,3.15,8,0
181,protect_s,symmetric,20,125,209,1.672,33,54,1.6364,160,20,20,0,0,0,0,0,0,0,0,0,0,0,0,0,0,20,3,2,2,4,4,20,11,3.15,6,0
183,unified,off,21,221,305,1.3801,57,78,1.3684,0,3,3,0,18,0,0,0,0,18,37,0,0,0,0,0,0,21,3,2,3,4,4,20,15,3.4,14,9
183,protect_l,left,21,93,305,3.2796,25,78,3.12,39,5,5,0,16,0,16,0,0,0,0,0,0,0,0,0,0,21,3,2,3,4,4,20,15,3.4,2,0
183,protect_s,symmetric,21,13,305,23.4615,5,78,15.6,37,4,4,0,17,0,17,0,0,0,0,0,0,0,0,0,0,21,3,2,3,4,4,20,15,3.4,0,0
184,unified,off,21,233,365,1.5665,60,93,1.55,0,3,3,0,18,0,0,0,0,18,35,0,0,0,0,0,0,21,2,2,2,4,4,20,7,3.4,15,6
184,protect_l,left,21,165,365,2.2121,43,93,2.1628,75,21,21,0,0,0,0,0,0,0,0,0,0,0,0,0,0,21,2,2,2,4,4,20,7,3.4,10,0
184,protect_s,symmetric,21,41,365,8.9024,12,93,7.75,66,8,8,0,13,0,13,0,0,0,0,0,0,0,0,0,0,21,2,2,2,4,4,20,7,3.4,6,0
185,unified,off,20,137,313,2.2847,36,80,2.2222,0,2,2,0,18,0,0,0,0,18,39,0,0,0,0,0,0,20,2,2,3,4,4,20,10,3.55,10,6
185,protect_l,left,20,89,313,3.5169,24,80,3.3333,42,12,12,0,8,0,8,0,0,0,0,0,0,0,0,0,0,20,2,2,3,4,4,20,10,3.55,6,0
185,protect_s,symmetric,20,37,313,8.4595,11,80,7.2727,56,7,7,0,13,0,13,0,0,0,0,0,0,0,0,0,0,20,2,2,3,4,4,20,10,3.55,4,0
186,unified,off,21,173,301,1.7399,45,77,1.7111,0,2,2,0,19,0,0,0,0,19,38,0,0,0,0,0,0,21,3,2,2,4,4,20,11,3.8,13,6
186,protect_l,left,21,109,301,2.7615,29,77,2.6552,71,6,6,0,15,0,15,0,0,0,0,0,0,0,0,0,0,21,3,2,2,4,4,20,11,3.8,6,0
186,protect_s,symmetric,21,33,301,9.1212,10,77,7.7,60,10,10,0,11,0,11,0,0,0,0,0,0,0,0,0,0,21,3,2,2,4,4,20,11,3.8,3,0
187,unified,off,21,117,217,1.8547,31,56,1.8065,0,21,21,0,0,0,0,0,0,0,2,0,0,0,0,0,0,21,4,2,2,4,4,20,15,3.25,13,10
187,protect_l,left,21,73,217,2.9726,20,56,2.8,52,21,21,0,0,0,0,0,0,0,0,0,0,0,0,0,0,21,4,2,2,4,4,20,15,3.25,5,0
187,protect_s,symmetric,21,29,217,7.4828,9,56,6.2222,55,6,6,0,15,0,15,0,0,0,0,0,0,0,0,0,0,21,4,2,2,4,4,20,15,3.25,1,0
189,unified,off,21,201,313,1.5572,52,80,1.5385,0,21,21,0,0,0,0,0,0,0,0,0,0,0,0,0,0,21,1,4,5,4,4,20,7,3.5,16,7
189,protect_l,left,21,65,313,4.8154,18,80,4.4444,38,20,20,0,1,0,1,0,0,0,0,0,0,0,0,0,0,21,1,4,5,4,4,20,7,3.5,7,0
189,protect_s,symmetric,21,25,313,12.52,8,80,10.0,50,11,11,0,10,0,10,0,0,0,0,0,0,0,0,0,0,21,1,4,5,4,4,20,7,3.5,3,0
190,unified,off,20,125,185,1.48,33,48,1.4545,0,20,20,0,0,0,0,0,0,0,0,0,0,0,0,0,0,20,2,2,3,4,4,20,11,3.9,8,2
190,protect_l,left,20,105,185,1.7619,28,48,1.7143,37,20,20,0,0,0,0,0,0,0,0,0,0,0,0,0,0,20,2,2,3,4,4,20,11,3.9,4,0
190,protect_s,symmetric,20,17,185,10.8824,6,48,8.0,34,6,6,0,14,0,14,0,0,0,0,0,0,0,0,0,0,20,2,2,3,4,4,20,11,3.9,1,0
192,unified,off,21,101,141,1.396,27,37,1.3704,0,21,21,0,0,0,0,0,0,0,0,0,0,0,0,0,0,21,2,2,2,4,4,20,10,4.4,10,6
192,protect_l,left,21,45,141,3.1333,13,37,2.8462,29,21,21,0,0,0,0,0,0,0,0,0,0,0,0,0,0,21,2,2,2,4,4,20,10,4.4,3,0
192,protect_s,symmetric,21,25,141,5.64,8,37,4.625,50,5,5,0,16,0,16,0,0,0,0,0,0,0,0,0,0,21,2,2,2,4,4,20,10,4.4,3,0
193,unified,off,21,293,413,1.4096,75,105,1.4,0,2,2,0,19,0,0,0,0,19,47,0,0,0,0,0,0,21,1,3,3,4,4,20,11,4.25,20,11
193,protect_l,left,21,109,413,3.789,29,105,3.6207,35,21,21,0,0,0,0,0,0,0,0,0,0,0,0,0,0,21,1,3,3,4,4,20,11,4.25,4,0
193,protect_s,symmetric,21,17,413,24.2941,6,105,17.5,31,3,3,0,18,0,18,0,0,0,0,0,0,0,0,0,0,21,1,3,3,4,4,20,11,4.25,1,0
194,unified,off,21,249,393,1.5783,64,100,1.5625,0,17,17,0,2,2,4,0,0,0,0,0,0,0,0,2,0,19,1,2,3,4,4,20,7,3.3,16,5
194,protect_l,left,21,129,393,3.0465,34,100,2.9412,63,17,17,0,2,2,4,0,0,0,0,0,0,0,0,2,0,19,1,2,3,4,4,20,7,3.3,8,0
194,protect_s,symmetric,21,41,393,9.5854,12,100,8.3333,68,10,10,0,9,2,11,0,0,0,0,0,0,0,0,2,0,19,1,2,3,4,4,20,7,3.3,3,0
195,unified,off,20,233,249,1.0687,60,64,1.0667,0,1,1,0,19,0,19,0,0,0,17,0,0,0,0,0,0,20,1,3,5,4,4,20,5,3.45,13,4
195,protect_l,left,20,137,249,1.8175,36,64,1.7778,60,19,19,0,1,0,1,0,0,0,0,0,0,0,0,0,0,20,1,3,5,4,4,20,5,3.45,10,0
195,protect_s,symmetric,20,49,249,5.0816,14,64,4.5714,70,9,9,0,11,0,11,0,0,0,0,0,0,0,0,0,0,20,1,3,5,4,4,20,5,3.45,5,0
197,unified,off,21,193,213,1.1036,50,55,1.1,0,8,8,0,10,3,3,0,0,10,20,0,0,0,0,3,0,18,1,2,3,4,4,20,7,4.0,12,6
197,protect_l,left,21,77,213,2.7662,21,55,2.619,38,17,17,0,1,3,4,0,0,0,0,0,0,0,0,3,0,18,1,2,3,4,4,20,7,4.0,6,0
197,protect_s,symmetric,21,33,213,6.4545,10,55,5.5,52,9,9,0,9,3,12,0,0,0,0,0,0,0,0,3,0,18,1,2,3,4,4,20,7,4.0,4,0
198,unified,off,20,229,285,1.2445,59,73,1.2373,0,20,20,0,0,0,0,0,0,0,10,0,0,0,0,0,0,20,2,2,3,4,4,20,11,3.75,14,7
198,protect_l,left,20,121,285,2.3554,32,73,2.2812,65,13,13,0,7,0,7,0,0,0,0,0,0,0,0,0,0,20,2,2,3,4,4,20,11,3.75,7,0
198,protect_s,symmetric,20,33,285,8.6364,10,73,7.3,53,7,7,0,13,0,13,0,0,0,0,0,0,0,0,0,0,20,2,2,3,4,4,20,11,3.75,3,0
200,unified,off,21,137,253,1.8467,36,65,1.8056,0,21,21,0,0,0,0,0,0,0,7,0,0,0,0,0,0,21,1,2,2,4,4,20,5,3.75,14,4
200,protect_l,left,21,73,253,3.4658,20,65,3.25,34,18,18,0,3,0,3,0,0,0,0,0,0,0,0,0,0,21,1,2,2,4,4,20,5,3.75,10,0
200,protect_s,symmetric,21,41,253,6.1707,12,65,5.4167,61,9,9,0,12,0,12,0,0,0,0,0,0,0,0,0,0,21,1,2,2,4,4,20,5,3.75,3,0
201,unified,off,21,157,217,1.3822,41,56,1.3659,0,21,21,0,0,0,0,0,0,0,0,0,0,0,0,0,0,21,1,2,3,4,4,20,7,3.9,16,5
201,protect_l,left,21,73,217,2.9726,20,56,2.8,24,21,21,0,0,0,0,0,0,0,0,0,0,0,0,0,0,21,1,2,3,4,4,20,7,3.9,9,0
201,protect_s,symmetric,21,29,217,7.4828,9,56,6.2222,46,10,10,0,11,0,11,0,0,0,0,0,0,0,0,0,0,21,1,2,3,4,4,20,7,3.9,3,0
202,unified,off,21,257,201,0.7821,66,52,0.7879,0,2,2,0,11,8,3,0,0,16,31,0,0,0,0,8,0,13,2,2,4,4,4,20,14,4.6,14,10
202,protect_l,left,21,97,201,2.0722,26,52,2.0,31,7,7,0,6,8,14,0,0,0,0,0,0,0,0,8,0,13,2,2,4,4,4,20,14,4.6,3,0
202,protect_s,symmetric,21,17,201,11.8235,6,52,8.6667,29,2,2,0,11,8,19,0,0,0,0,0,0,0,0,8,0,13,2,2,4,4,4,20,14,4.6,1,0
204,unified,off,21,193,493,2.5544,50,125,2.5,0,21,21,0,0,0,0,0,0,0,1,0,0,0,0,0,0,21,2,2,3,4,4,20,12,3.8,13,5
204,protect_l,left,21,137,493,3.5985,36,125,3.4722,64,21,21,0,0,0,0,0,0,0,0,0,0,0,0,0,0,21,2,2,3,4,4,20,12,3.8,6,0
204,protect_s,symmetric,21,29,493,17.0,9,125,13.8889,47,6,6,0,15,0,15,0,0,0,0,0,0,0,0,0,0,21,2,2,3,4,4,20,12,3.8,2,0
205,unified,off,21,117,281,2.4017,31,72,2.3226,0,2,2,0,19,0,0,0,0,19,40,0,0,0,0,0,0,21,1,2,2,4,4,20,9,3.6,12,7
205,protect_l,left,21,77,281,3.6494,21,72,3.4286,48,21,21,0,0,0,0,0,0,0,0,0,0,0,0,0,0,21,1,2,2,4,4,20,9,3.6,6,0
205,protect_s,symmetric,21,21,281,13.381,7,72,10.2857,37,6,6,0,15,0,15,0,0,0,0,0,0,0,0,0,0,21,1,2,2,4,4,20,9,3.6,2,0
207,unified,off,21,173,217,1.2543,45,56,1.2444,0,21,21,0,0,0,0,0,0,0,6,0,0,0,0,0,0,21,1,2,3,4,4,20,4,3.85,11,2
207,protect_l,left,21,129,217,1.6822,34,56,1.6471,62,21,21,0,0,0,0,0,0,0,0,0,0,0,0,0,0,21,1,2,3,4,4,20,4,3.85,8,0
207,protect_s,symmetric,21,49,217,4.4286,14,56,4.0,78,16,16,0,5,0,5,0,0,0,0,0,0,0,0,0,0,21,1,2,3,4,4,20,4,3.85,4,0
208,unified,off,21,97,129,1.3299,26,34,1.3077,0,4,4,0,17,0,0,0,0,17,37,0,0,0,0,0,0,21,2,2,3,4,4,20,7,3.45,8,2
208,protect_l,left,21,85,129,1.5176,23,34,1.4783,36,18,18,0,3,0,3,0,0,0,0,0,0,0,0,0,0,21,2,2,3,4,4,20,7,3.45,6,0
208,protect_s,symmetric,21,45,129,2.8667,13,34,2.6154,67,12,12,0,9,0,9,0,0,0,0,0,0,0,0,0,0,21,2,2,3,4,4,20,7,3.45,3,0
209,unified,off,21,145,257,1.7724,38,66,1.7368,0,5,5,0,16,0,0,0,0,16,33,0,0,0,0,0,0,21,1,2,2,4,4,20,7,3.85,14,6
209,protect_l,left,21,117,257,2.1966,31,66,2.129,49,20,20,0,1,0,1,0,0,0,0,0,0,0,0,0,0,21,1,2,2,4,4,20,7,3.85,10,0
209,protect_s,symmetric,21,57,257,4.5088,16,66,4.125,70,14,14,0,7,0,7,0,0,0,0,0,0,0,0,0,0,21,1,2,2,4,4,20,7,3.85,5,0
210,unified,off,21,81,117,1.4444,22,31,1.4091,0,21,21,0,0,0,0,0,0,0,0,0,0,0,0,0,0,21,1,3,4,4,4,20,7,3.6,9,4
210,protect_l,left,21,53,117,2.2075,15,31,2.0667,39,20,20,0,1,0,1,0,0,0,0,0,0,0,0,0,0,21,1,3,4,4,4,20,7,3.6,7,0
210,protect_s,symmetric,21,13,117,9.0,5,31,6.2,33,6,6,0,15,0,15,0,0,0,0,0,0,0,0,0,0,21,1,3,4,4,4,20,7,3.6,0,0
212,unified,off,21,313,353,1.1278,80,90,1.125,0,19,19,0,0,2,2,0,0,0,0,0,0,0,0,2,0,19,1,4,6,4,4,20,9,4.0,15,7
212,protect_l,left,21,121,353,2.9174,32,90,2.8125,65,12,12,0,7,2,9,0,0,0,0,0,0,0,0,2,0,19,1,4,6,4,4,20,9,4.0,8,0
212,protect_s,symmetric,21,29,353,12.1724,9,90,10.0,48,6,6,0,13,2,15,0,0,0,0,0,0,0,0,2,0,19,1,4,6,4,4,20,9,4.0,3,0
213,unified,off,21,389,569,1.4627,99,144,1.4545,0,21,21,0,0,0,0,0,0,0,7,0,0,0,0,0,0,21,1,2,3,4,4,20,6,3.4,17,4
213,protect_l,left,21,185,569,3.0757,48,144,3.0,45,18,18,0,3,0,3,0,0,0,0,0,0,0,0,0,0,21,1,2,3,4,4,20,6,3.4,11,0
213,protect_s,symmetric,21,25,569,22.76,8,144,18.0,40,12,12,0,9,0,9,0,0,0,0,0,0,0,0,0,0,21,1,2,3,4,4,20,6,3.4,3,0
214,unified,off,20,161,261,1.6211,42,67,1.5952,0,20,20,0,0,0,0,0,0,0,2,0,0,0,0,0,0,20,1,2,3,4,4,20,8,3.9,13,5
214,protect_l,left,20,85,261,3.0706,23,67,2.913,64,20,20,0,0,0,0,0,0,0,0,0,0,0,0,0,0,20,1,2,3,4,4,20,8,3.9,6,0
214,protect_s,symmetric,20,53,261,4.9245,15,67,4.4667,74,16,16,0,4,0,4,0,0,0,0,0,0,0,0,0,0,20,1,2,3,4,4,20,8,3.9,4,0
215,unified,off,21,45,65,1.4444,13,18,1.3846,0,21,21,0,0,0,0,0,0,0,1,0,0,0,0,0,0,21,4,2,2,4,4,20,15,4.3,4,3
215,protect_l,left,21,33,65,1.9697,10,18,1.8,22,21,21,0,0,0,0,0,0,0,0,0,0,0,0,0,0,21,4,2,2,4,4,20,15,4.3,2,0
215,protect_s,symmetric,21,33,65,1.9697,10,18,1.8,34,5,5,0,16,0,16,0,0,0,0,0,0,0,0,0,0,21,4,2,2,4,4,20,15,4.3,2,0
216,unified,off,20,329,497,1.5106,84,126,1.5,0,12,12,0,7,1,1,0,0,7,13,0,0,0,0,1,0,19,1,3,3,4,4,20,7,3.3,15,5
216,protect_l,left,20,201,497,2.4726,52,126,2.4231,58,11,11,0,8,1,9,0,0,0,0,0,0,0,0,1,0,19,1,3,3,4,4,20,7,3.3,13,0
216,protect_s,symmetric,20,37,497,13.4324,11,126,11.4545,47,12,12,0,7,1,8,0,0,0,0,0,0,0,0,1,0,19,1,3,3,4,4,20,7,3.3,4,0
217,unified,off,21,53,69,1.3019,15,19,1.2667,0,21,21,0,0,0,0,0,0,0,0,0,0,0,0,0,0,21,2,2,2,4,4,20,6,3.7,5,2
217,protect_l,left,21,45,69,1.5333,13,19,1.4615,16,21,21,0,0,0,0,0,0,0,0,0,0,0,0,0,0,21,2,2,2,4,4,20,6,3.7,4,0
217,protect_s,symmetric,21,33,69,2.0909,10,19,1.9,32,21,21,0,0,0,0,0,0,0,0,0,0,0,0,0,0,21,2,2,2,4,4,20,6,3.7,2,0
218,unified,off,21,249,237,0.9518,64,61,0.9531,0,21,21,0,0,0,0,0,0,0,0,0,0,0,0,0,0,21,2,3,4,4,4,20,10,3.85,15,6
218,protect_l,left,21,125,237,1.896,33,61,1.8485,63,21,21,0,0,0,0,0,0,0,0,0,0,0,0,0,0,21,2,3,4,4,4,20,10,3.85,8,0
218,protect_s,symmetric,21,61,237,3.8852,17,61,3.5882,83,8,8,0,13,0,13,0,0,0,0,0,0,0,0,0,0,21,2,3,4,4,4,20,10,3.85,3,0
219,unified,off,21,245,221,0.902,63,57,0.9048,0,21,21,0,0,0,0,0,0,0,11,0,0,0,0,0,0,21,2,4,4,4,4,20,11,3.45,15,9
219,protect_l,left,21,53,221,4.1698,15,57,3.8,47,20,20,0,1,0,1,0,0,0,0,0,0,0,0,0,0,21,2,4,4,4,4,20,11,3.45,6,0
219,protect_s,symmetric,21,25,221,8.84,8,57,7.125,52,6,6,0,15,0,15,0,0,0,0,0,0,0,0,0,0,21,2,4,4,4,4,20,11,3.45,3,0
220,unified,off,21,261,393,1.5057,67,100,1.4925,0,1,1,0,20,0,0,0,0,20,42,0,0,0,0,0,0,21,2,2,3,4,4,20,13,4.0,17,10
220,protect_l,left,21,129,393,3.0465,34,100,2.9412,49,21,21,0,0,0,0,0,0,0,0,0,0,0,0,0,0,21,2,2,3,4,4,20,13,4.0,4,0
220,protect_s,symmetric,21,37,393,10.6216,11,100,9.0909,52,4,4,0,17,0,17,0,0,0,0,0,0,0,0,0,0,21,2,2,3,4,4,20,13,4.0,3,0
221,unified,off,21,149,249,1.6711,39,64,1.641,0,7,7,0,14,0,0,0,0,14,32,0,0,0,0,0,0,21,1,2,2,4,4,20,3,4.05,14,2
221,protect_l,left,21,129,249,1.9302,34,64,1.8824,43,12,12,0,9,0,9,0,0,0,0,0,0,0,0,0,0,21,1,2,2,4,4,20,3,4.05,13,0
221,protect_s,symmetric,21,69,249,3.6087,19,64,3.3684,72,11,11,0,10,0,10,0,0,0,0,0,0,0,0,0,0,21,1,2,2,4,4,20,3,4.05,9,0
224,unified,off,21,65,149,2.2923,18,39,2.1667,0,18,18,0,3,0,0,0,0,3,7,0,0,0,0,0,0,21,1,3,3,4,4,20,7,3.4,10,4
224,protect_l,left,21,41,149,3.6341,12,39,3.25,28,21,21,0,0,0,0,0,0,0,0,0,0,0,0,0,0,21,1,3,3,4,4,20,7,3.4,5,0
224,protect_s,symmetric,21,45,149,3.3111,13,39,3.0,49,17,17,0,4,0,4,0,0,0,0,0,0,0,0,0,0,21,1,3,3,4,4,20,7,3.4,4,0
226,unified,off,21,121,273,2.2562,32,70,2.1875,0,21,21,0,0,0,0,0,0,0,13,0,0,0,0,0,0,21,2,2,3,4,4,20,10,4.0,9,4
226,protect_l,left,21,81,273,3.3704,22,70,3.1818,31,21,21,0,0,0,0,0,0,0,0,0,0,0,0,0,0,21,2,2,3,4,4,20,10,4.0,4,0
226,protect_s,symmetric,21,49,273,5.5714,14,70,5.0,58,10,10,0,11,0,11,0,0,0,0,0,0,0,0,0,0,21,2,2,3,4,4,20,10,4.0,3,0
227,unified,off,21,265,457,1.7245,68,116,1.7059,0,15,15,0,5,1,6,0,0,0,5,0,0,0,0,1,0,20,2,3,3,4,4,20,9,3.35,14,4
227,protect_l,left,21,145,457,3.1517,38,116,3.0526,57,18,18,0,2,1,3,0,0,0,0,0,0,0,0,1,0,20,2,3,3,4,4,20,9,3.35,9,0
227,protect_s,symmetric,21,13,457,35.1538,5,116,23.2,38,3,3,0,17,1,18,0,0,0,0,0,0,0,0,1,0,20,2,3,3,4,4,20,9,3.35,0,0
228,unified,off,21,165,205,1.2424,43,53,1.2326,0,17,17,0,0,4,4,0,0,0,12,0,0,0,0,4,0,17,1,2,2,4,4,20,7,3.65,12,6
228,protect_l,left,21,93,205,2.2043,25,53,2.12,40,16,16,0,1,4,5,0,0,0,0,0,0,0,0,4,0,17,1,2,2,4,4,20,7,3.65,4,0
228,protect_s,symmetric,21,41,205,5.0,12,53,4.4167,62,15,15,0,2,4,6,0,0,0,0,0,0,0,0,4,0,17,1,2,2,4,4,20,7,3.65,2,0
229,unified,off,21,121,245,2.0248,32,63,1.9688,0,21,21,0,0,0,0,0,0,0,0,0,0,0,0,0,0,21,2,2,2,4,4,20,11,3.8,10,5
229,protect_l,left,21,93,245,2.6344,25,63,2.52,51,20,20,0,1,0,1,0,0,0,0,0,0,0,0,0,0,21,2,2,2,4,4,20,11,3.8,7,0
229,protect_s,symmetric,21,13,245,18.8462,5,63,12.6,33,4,4,0,17,0,17,0,0,0,0,0,0,0,0,0,0,21,2,2,2,4,4,20,11,3.8,0,0
231,unified,off,21,277,449,1.6209,71,114,1.6056,0,21,21,0,0,0,0,0,0,0,13,0,0,0,0,0,0,21,4,2,3,4,4,20,16,3.7,16,13
231,protect_l,left,21,105,449,4.2762,28,114,4.0714,44,16,16,0,5,0,5,0,0,0,0,0,0,0,0,0,0,21,4,2,3,4,4,20,16,3.7,3,0
231,protect_s,symmetric,21,33,449,13.6061,10,114,11.4,44,4,4,0,17,0,17,0,0,0,0,0,0,0,0,0,0,21,4,2,3,4,4,20,16,3.7,2,0
232,unified,off,21,277,429,1.5487,71,109,1.5352,0,2,2,0,19,0,0,11,0,8,49,0,0,0,0,0,0,21,2,2,3,4,4,20,10,3.6,17,9
232,protect_l,left,21,109,429,3.9358,29,109,3.7586,44,10,10,0,11,0,11,0,0,0,0,0,0,0,0,0,0,21,2,2,3,4,4,20,10,3.6,4,0
232,protect_s,symmetric,21,25,429,17.16,8,109,13.625,51,6,6,0,15,0,15,0,0,0,0,0,0,0,0,0,0,21,2,2,3,4,4,20,10,3.6,2,0
234,unified,off,21,185,337,1.8216,48,86,1.7917,0,21,21,0,0,0,0,0,0,0,12,0,0,0,0,0,0,21,1,3,4,4,4,20,8,3.5,15,5
234,protect_l,left,21,125,337,2.696,33,86,2.6061,82,14,14,0,7,0,7,0,0,0,0,0,0,0,0,0,0,21,1,3,4,4,4,20,8,3.5,9,0
234,protect_s,symmetric,21,53,337,6.3585,15,86,5.7333,74,3,3,0,18,0,18,0,0,0,0,0,0,0,0,0,0,21,1,3,4,4,4,20,8,3.5,5,0
236,unified,off,21,169,369,2.1834,44,94,2.1364,0,5,5,0,16,0,0,0,0,16,35,0,0,0,0,0,0,21,2,2,3,4,4,20,10,3.9,14,7
236,protect_l,left,21,137,369,2.6934,36,94,2.6111,50,17,17,0,4,0,4,0,0,0,0,0,0,0,0,0,0,21,2,2,3,4,4,20,10,3.9,6,0
236,protect_s,symmetric,21,57,369,6.4737,16,94,5.875,72,6,6,0,15,0,15,0,0,0,0,0,0,0,0,0,0,21,2,2,3,4,4,20,10,3.9,4,0
237,unified,off,21,141,189,1.3404,37,49,1.3243,0,21,21,0,0,0,0,0,0,0,0,0,0,0,0,0,0,21,2,2,3,4,4,20,10,3.55,15,7
237,protect_l,left,21,77,189,2.4545,21,49,2.3333,58,19,19,0,2,0,2,0,0,0,0,0,0,0,0,0,0,21,2,2,3,4,4,20,10,3.55,7,0
237,protect_s,symmetric,21,29,189,6.5172,9,49,5.4444,57,5,5,0,16,0,16,0,0,0,0,0,0,0,0,0,0,21,2,2,3,4,4,20,10,3.55,3,0
238,unified,off,21,109,153,1.4037,29,40,1.3793,0,1,1,0,20,0,0,0,0,20,41,0,0,0,0,0,0,21,3,2,2,4,4,20,14,3.7,10,6
238,protect_l,left,21,69,153,2.2174,19,40,2.1053,51,19,19,0,2,0,2,0,0,0,0,0,0,0,0,0,0,21,3,2,2,4,4,20,14,3.7,4,0
238,protect_s,symmetric,21,41,153,3.7317,12,40,3.3333,52,4,4,0,17,0,17,0,0,0,0,0,0,0,0,0,0,21,3,2,2,4,4,20,14,3.7,4,0
239,unified,off,21,101,137,1.3564,27,36,1.3333,0,21,21,0,0,0,0,0,0,0,0,0,0,0,0,0,0,21,1,3,3,4,4,20,7,3.55,9,1
239,protect_l,left,21,89,137,1.5393,24,36,1.5,36,21,21,0,0,0,0,0,0,0,0,0,0,0,0,0,0,21,1,3,3,4,4,20,7,3.55,9,0
239,protect_s,symmetric,21,29,137,4.7241,9,36,4.0,48,8,8,0,13,0,13,0,0,0,0,0,0,0,0,0,0,21,1,3,3,4,4,20,7,3.55,3,0
240,unified,off,21,141,377,2.6738,37,96,2.5946,0,21,21,0,0,0,0,0,0,0,4,0,0,0,0,0,0,21,3,2,3,4,4,20,14,3.75,13,9
240,protect_l,left,21,113,377,3.3363,30,96,3.2,47,17,17,0,4,0,4,0,0,0,0,0,0,0,0,0,0,21,3,2,3,4,4,20,14,3.75,5,0
240,protect_s,symmetric,21,29,377,13.0,9,96,10.6667,41,3,3,0,18,0,18,0,0,0,0,0,0,0,0,0,0,21,3,2,3,4,4,20,14,3.75,3,0
241,unified,off,20,161,269,1.6708,42,69,1.6429,0,20,20,0,0,0,0,0,0,0,0,0,0,0,0,0,0,20,2,2,2,4,4,20,11,3.4,14,8
241,protect_l,left,20,109,269,2.4679,29,69,2.3793,57,19,19,0,1,0,1,0,0,0,0,0,0,0,0,0,0,20,2,2,2,4,4,20,11,3.4,6,0
241,protect_s,symmetric,20,33,269,8.1515,10,69,6.9,57,6,6,0,14,0,14,0,0,0,0,0,0,0,0,0,0,20,2,2,2,4,4,20,11,3.4,5,0
243,unified,off,21,161,493,3.0621,42,125,2.9762,0,21,21,0,0,0,0,0,0,0,3,0,0,0,0,0,0,21,2,2,2,4,4,20,14,4.05,12,8
243,protect_l,left,21,113,493,4.3628,30,125,4.1667,51,21,21,0,0,0,0,0,0,0,0,0,0,0,0,0,0,21,2,2,2,4,4,20,14,4.05,3,0
243,protect_s,symmetric,21,21,493,23.4762,7,125,17.8571,52,3,3,0,18,0,18,0,0,0,0,0,0,0,0,0,0,21,2,2,2,4,4,20,14,4.05,1,0
244,unified,off,21,133,241,1.812,35,62,1.7714,0,21,21,0,0,0,0,0,0,0,12,0,0,0,0,0,0,21,1,2,4,4,4,20,6,3.35,12,3
244,protect_l,left,21,85,241,2.8353,23,62,2.6957,68,12,12,0,9,0,9,0,0,0,0,0,0,0,0,0,0,21,1,2,4,4,4,20,6,3.35,7,0
244,protect_s,symmetric,21,37,241,6.5135,11,62,5.6364,70,8,8,0,13,0,13,0,0,0,0,0,0,0,0,0,0,21,1,2,4,4,4,20,6,3.35,4,0
245,unified,off,20,177,289,1.6328,46,74,1.6087,0,20,20,0,0,0,0,0,0,0,10,0,0,0,0,0,0,20,1,3,3,4,4,20,8,4.05,16,6
245,protect_l,left,20,65,289,4.4462,18,74,4.1111,29,10,10,0,10,0,10,0,0,0,0,0,0,0,0,0,0,20,1,3,3,4,4,20,8,4.05,5,0
245,protect_s,symmetric,20,29,289,9.9655,9,74,8.2222,50,6,6,0,14,0,14,0,0,0,0,0,0,0,0,0,0,20,1,3,3,4,4,20,8,4.05,3,0
246,unified,off,21,225,229,1.0178,58,59,1.0172,0,21,21,0,0,0,0,0,0,0,6,0,0,0,0,0,0,21,1,3,4,4,4,20,7,3.6,14,5
246,protect_l,left,21,105,229,2.181,28,59,2.1071,58,13,13,0,8,0,8,0,0,0,0,0,0,0,0,0,0,21,1,3,4,4,4,20,7,3.6,8,0
246,protect_s,symmetric,21,45,229,5.0889,13,59,4.5385,64,10,10,0,11,0,11,0,0,0,0,0,0,0,0,0,0,21,1,3,4,4,4,20,7,3.6,4,0
247,unified,off,21,133,221,1.6617,35,57,1.6286,0,21,21,0,0,0,0,0,0,0,15,0,0,0,0,0,0,21,4,2,2,4,4,20,17,3.7,9,7
247,protect_l,left,21,73,221,3.0274,20,57,2.85,47,21,21,0,0,0,0,0,0,0,0,0,0,0,0,0,0,21,4,2,2,4,4,20,17,3.7,2,0
247,protect_s,symmetric,21,49,221,4.5102,14,57,4.0714,68,15,15,0,6,0,6,0,0,0,0,0,0,0,0,0,0,21,4,2,2,4,4,20,17,3.7,2,0
248,unified,off,20,177,293,1.6554,46,75,1.6304,0,20,20,0,0,0,0,0,0,0,1,0,0,0,0,0,0,20,2,2,3,4,4,20,10,3.9,15,8
248,protect_l,left,20,89,293,3.2921,24,75,3.125,36,19,19,0,1,0,1,0,0,0,0,0,0,0,0,0,0,20,2,2,3,4,4,20,10,3.9,6,0
248,protect_s,symmetric,20,33,293,8.8788,10,75,7.5,52,9,9,0,11,0,11,0,0,0,0,0,0,0,0,0,0,20,2,2,3,4,4,20,10,3.9,4,0
249,unified,off,20,105,141,1.3429,28,37,1.3214,0,3,3,0,17,0,0,0,0,17,39,0,0,0,0,0,0,20,2,3,4,4,4,20,10,4.25,13,4
249,protect_l,left,20,65,141,2.1692,18,37,2.0556,45,9,9,0,11,0,11,0,0,0,0,0,0,0,0,0,0,20,2,3,4,4,4,20,10,4.25,6,0
249,protect_s,symmetric,20,25,141,5.64,8,37,4.625,51,5,5,0,15,0,15,0,0,0,0,0,0,0,0,0,0,20,2,3,4,4,4,20,10,4.25,3,0
250,unified,off,21,341,325,0.9531,87,83,0.954,0,21,21,0,0,0,0,0,0,0,0,0,0,0,0,0,0,21,1,4,4,4,4,20,8,3.65,17,6
250,protect_l,left,21,181,325,1.7956,47,83,1.766,49,18,18,0,3,0,3,0,0,0,0,0,0,0,0,0,0,21,1,4,4,4,4,20,8,3.65,11,0
250,protect_s,symmetric,21,45,325,7.2222,13,83,6.3846,60,13,13,0,8,0,8,0,0,0,0,0,0,0,0,0,0,21,1,4,4,4,4,20,8,3.65,3,0
251,unified,off,21,241,393,1.6307,62,100,1.6129,0,17,17,0,1,3,4,0,0,0,9,0,0,0,0,3,0,18,2,2,2,4,4,20,11,4.15,17,9
251,protect_l,left,21,129,393,3.0465,34,100,2.9412,35,6,6,0,12,3,15,0,0,0,0,0,0,0,0,3,0,18,2,2,2,4,4,20,11,4.15,8,0
251,protect_s,symmetric,21,33,393,11.9091,10,100,10.0,42,6,6,0,12,3,15,0,0,0,0,0,0,0,0,3,0,18,2,2,2,4,4,20,11,4.15,2,0
252,unified,off,21,145,129,0.8897,38,34,0.8947,0,21,21,0,0,0,0,0,0,0,5,0,0,0,0,0,0,21,3,3,3,4,4,20,16,3.5,10,6
252,protect_l,left,21,69,129,1.8696,19,34,1.7895,50,17,17,0,4,0,4,0,0,0,0,0,0,0,0,0,0,21,3,3,3,4,4,20,16,3.5,3,0
252,protect_s,symmetric,21,41,129,3.1463,12,34,2.8333,63,9,9,0,12,0,12,0,0,0,0,0,0,0,0,0,0,21,3,3,3,4,4,20,16,3.5,3,0
253,unified,off,21,137,181,1.3212,36,47,1.3056,0,3,3,0,18,0,0,0,0,18,36,0,0,0,0,0,0,21,2,2,3,4,4,20,12,3.55,13,8
253,protect_l,left,21,73,181,2.4795,20,47,2.35,57,21,21,0,0,0,0,0,0,0,0,0,0,0,0,0,0,21,2,2,3,4,4,20,12,3.55,5,0
253,protect_s,symmetric,21,25,181,7.24,8,47,5.875,44,7,7,0,14,0,14,0,0,0,0,0,0,0,0,0,0,21,2,2,3,4,4,20,12,3.55,1,0
254,unified,off,21,245,377,1.5388,63,96,1.5238,0,20,20,0,0,1,1,0,0,0,4,0,0,0,0,1,0,20,1,2,4,4,4,20,6,4.35,15,5
254,protect_l,left,21,85,377,4.4353,23,96,4.1739,30,15,15,0,5,1,6,0,0,0,0,0,0,0,0,1,0,20,1,2,4,4,4,20,6,4.35,6,0
254,protect_s,symmetric,21,21,377,17.9524,7,96,13.7143,43,6,6,0,14,1,15,0,0,0,0,0,0,0,0,1,0,20,1,2,4,4,4,20,6,4.35,2,0
259,unified,off,21,129,241,1.8682,34,62,1.8235,0,21,21,0,0,0,0,0,0,0,0,0,0,0,0,0,0,21,1,2,2,4,4,20,5,3.9,15,4
259,protect_l,left,21,109,241,2.211,29,62,2.1379,65,21,21,0,0,0,0,0,0,0,0,0,0,0,0,0,0,21,1,2,2,4,4,20,5,3.9,11,0
259,protect_s,symmetric,21,45,241,5.3556,13,62,4.7692,72,12,12,0,9,0,9,0,0,0,0,0,0,0,0,0,0,21,1,2,2,4,4,20,5,3.9,6,0
260,unified,off,21,245,9,0.0367,63,4,0.0635,0,2,2,0,0,19,5,0,0,14,28,0,0,0,0,19,0,2,3,3,4,4,4,20,14,3.75,11,9
260,protect_l,left,21,73,9,0.1233,20,4,0.2,22,2,2,0,0,19,19,0,0,0,0,0,0,0,0,19,0,2,3,3,4,4,4,20,14,3.75,1,0
260,protect_s,symmetric,21,13,9,0.6923,5,4,0.8,28,2,2,0,0,19,19,0,0,0,0,0,0,0,0,19,0,2,3,3,4,4,4,20,14,3.75,0,0
261,unified,off,21,185,273,1.4757,48,70,1.4583,0,18,18,0,0,3,3,0,0,0,4,0,0,0,0,3,0,18,3,2,3,4,4,20,15,3.4,13,10
261,protect_l,left,21,73,273,3.7397,20,70,3.5,46,15,15,0,3,3,6,0,0,0,0,0,0,0,0,3,0,18,3,2,3,4,4,20,15,3.4,2,0
261,protect_s,symmetric,21,17,273,16.0588,6,70,11.6667,49,2,2,0,16,3,19,0,0,0,0,0,0,0,0,3,0,18,3,2,3,4,4,20,15,3.4,1,0
263,unified,off,20,177,269,1.5198,46,69,1.5,0,11,11,0,9,0,0,0,0,9,19,0,0,0,0,0,0,20,1,3,3,4,4,20,8,4.05,14,4
263,protect_l,left,20,109,269,2.4679,29,69,2.3793,87,20,20,0,0,0,0,0,0,0,0,0,0,0,0,0,0,20,1,3,3,4,4,20,8,4.05,8,0
263,protect_s,symmetric,20,53,269,5.0755,15,69,4.6,84,9,9,0,11,0,11,0,0,0,0,0,0,0,0,0,0,20,1,3,3,4,4,20,8,4.05,7,0
264,unified,off,21,297,441,1.4848,76,112,1.4737,0,21,21,0,0,0,0,0,0,0,4,0,0,0,0,0,0,21,1,2,3,4,4,20,5,3.8,15,5
264,protect_l,left,21,145,441,3.0414,38,112,2.9474,55,10,10,0,11,0,11,0,0,0,0,0,0,0,0,0,0,21,1,2,3,4,4,20,5,3.8,11,0
264,protect_s,symmetric,21,33,441,13.3636,10,112,11.2,44,9,9,0,12,0,12,0,0,0,0,0,0,0,0,0,0,21,1,2,3,4,4,20,5,3.8,4,0
266,unified,off,21,245,417,1.702,63,106,1.6825,0,2,2,0,19,0,0,0,0,19,43,0,0,0,0,0,0,21,1,2,2,4,4,20,9,3.4,13,8
266,protect_l,left,21,169,417,2.4675,44,106,2.4091,100,21,21,0,0,0,0,0,0,0,0,0,0,0,0,0,0,21,1,2,2,4,4,20,9,3.4,8,0
266,protect_s,symmetric,21,53,417,7.8679,15,106,7.0667,88,7,7,0,14,0,14,0,0,0,0,0,0,0,0,0,0,21,1,2,2,4,4,20,9,3.4,5,0
267,unified,off,21,97,89,0.9175,26,24,0.9231,0,1,1,0,20,0,0,0,0,20,39,0,0,0,0,0,0,21,4,2,2,4,4,20,16,4.3,12,10
267,protect_l,left,21,45,89,1.9778,13,24,1.8462,40,15,15,0,6,0,6,0,0,0,0,0,0,0,0,0,0,21,4,2,2,4,4,20,16,4.3,2,0
267,protect_s,symmetric,21,25,89,3.56,8,24,3.0,49,4,4,0,17,0,17,0,0,0,0,0,0,0,0,0,0,21,4,2,2,4,4,20,16,4.3,1,0
268,unified,off,20,133,397,2.985,35,101,2.8857,0,1,1,0,19,0,0,0,0,19,37,0,0,0,0,0,0,20,3,2,2,4,4,20,16,4.05,6,4
268,protect_l,left,20,125,397,3.176,33,101,3.0606,54,20,20,0,0,0,0,0,0,0,0,0,0,0,0,0,0,20,3,2,2,4,4,20,16,4.05,4,0
268,protect_s,symmetric,20,33,397,12.0303,10,101,10.1,57,2,2,0,18,0,18,0,0,0,0,0,0,0,0,0,0,20,3,2,2,4,4,20,16,4.05,3,0
269,unified,off,21,213,249,1.169,55,64,1.1636,0,21,21,0,0,0,0,0,0,0,1,0,0,0,0,0,0,21,1,3,5,4,4,20,6,3.65,14,5
269,protect_l,left,21,97,249,2.567,26,64,2.4615,51,19,19,0,2,0,2,0,0,0,0,0,0,0,0,0,0,21,1,3,5,4,4,20,6,3.65,9,0
269,protect_s,symmetric,21,33,249,7.5455,10,64,6.4,56,7,7,0,14,0,14,0,0,0,0,0,0,0,0,0,0,21,1,3,5,4,4,20,6,3.65,3,0
270,unified,off,21,197,257,1.3046,51,66,1.2941,0,21,21,0,0,0,0,0,0,0,7,0,0,0,0,0,0,21,2,2,3,4,4,20,15,3.85,14,10
270,protect_l,left,21,113,257,2.2743,30,66,2.2,46,21,21,0,0,0,0,0,0,0,0,0,0,0,0,0,0,21,2,2,3,4,4,20,15,3.85,4,0
270,protect_s,symmetric,21,21,257,12.2381,7,66,9.4286,42,4,4,0,17,0,17,0,0,0,0,0,0,0,0,0,0,21,2,2,3,4,4,20,15,3.85,2,0
271,unified,off,21,153,153,1.0,40,40,1.0,0,20,20,0,0,1,1,0,0,0,0,0,0,0,0,1,0,20,2,2,2,4,4,20,12,3.85,12,6
271,protect_l,left,21,81,153,1.8889,22,40,1.8182,65,20,20,0,0,1,1,0,0,0,0,0,0,0,0,1,0,20,2,2,2,4,4,20,12,3.85,7,0
271,protect_s,symmetric,21,53,153,2.8868,15,40,2.6667,82,16,16,0,4,1,5,0,0,0,0,0,0,0,0,1,0,20,2,2,2,4,4,20,12,3.85,5,0
272,unified,off,21,281,269,0.9573,72,69,0.9583,0,20,20,0,1,0,1,0,0,0,19,0,0,0,0,0,0,21,2,2,2,4,4,20,12,3.95,18,12
272,protect_l,left,21,113,269,2.3805,30,69,2.3,41,16,16,0,5,0,5,0,0,0,0,0,0,0,0,0,0,21,2,2,2,4,4,20,12,3.95,4,0
272,protect_s,symmetric,21,17,269,15.8235,6,69,11.5,40,4,4,0,17,0,17,0,0,0,0,0,0,0,0,0,0,21,2,2,2,4,4,20,12,3.95,1,0
274,unified,off,21,57,217,3.807,16,56,3.5,0,21,21,0,0,0,0,0,0,0,33,0,0,0,0,0,0,21,1,2,2,4,4,20,7,3.85,3,3
274,protect_l,left,21,49,217,4.4286,14,56,4.0,17,12,12,0,9,0,9,0,0,0,0,0,0,0,0,0,0,21,1,2,2,4,4,20,7,3.85,2,0
274,protect_s,symmetric,21,25,217,8.68,8,56,7.0,30,9,9,0,12,0,12,0,0,0,0,0,0,0,0,0,0,21,1,2,2,4,4,20,7,3.85,1,0
275,unified,off,21,129,197,1.5271,34,51,1.5,0,21,21,0,0,0,0,0,0,0,0,0,0,0,0,0,0,21,2,3,4,4,4,20,14,4.1,10,7
275,protect_l,left,21,85,197,2.3176,23,51,2.2174,53,7,7,0,14,0,14,0,0,0,0,0,0,0,0,0,0,21,2,3,4,4,4,20,14,4.1,2,0
275,protect_s,symmetric,21,29,197,6.7931,9,51,5.6667,49,6,6,0,15,0,15,0,0,0,0,0,0,0,0,0,0,21,2,3,4,4,4,20,14,4.1,1,0
276,unified,off,21,133,209,1.5714,35,54,1.5429,0,21,21,0,0,0,0,0,0,0,0,0,0,0,0,0,0,21,1,3,3,4,4,20,8,3.75,15,6
276,protect_l,left,21,77,209,2.7143,21,54,2.5714,43,15,15,0,6,0,6,0,0,0,0,0,0,0,0,0,0,21,1,3,3,4,4,20,8,3.75,8,0
276,protect_s,symmetric,21,29,209,7.2069,9,54,6.0,53,7,7,0,14,0,14,0,0,0,0,0,0,0,0,0,0,21,1,3,3,4,4,20,8,3.75,2,0
277,unified,off,21,85,89,1.0471,23,24,1.0435,0,21,21,0,0,0,0,0,0,0,0,0,0,0,0,0,0,21,1,2,3,4,4,20,9,3.75,9,1
277,protect_l,left,21,61,89,1.459,17,24,1.4118,19,21,21,0,0,0,0,0,0,0,0,0,0,0,0,0,0,21,1,2,3,4,4,20,9,3.75,6,0
277,protect_s,symmetric,21,53,89,1.6792,15,24,1.6,35,21,21,0,0,0,0,0,0,0,0,0,0,0,0,0,0,21,1,2,3,4,4,20,9,3.75,5,0
278,unified,off,20,145,277,1.9103,38,71,1.8684,0,1,1,0,19,0,0,0,0,19,47,0,0,0,0,0,0,20,2,2,3,4,4,20,11,3.55,11,6
278,protect_l,left,20,105,277,2.6381,28,71,2.5357,53,9,9,0,11,0,11,0,0,0,0,0,0,0,0,0,0,20,2,2,3,4,4,20,11,3.55,6,0
278,protect_s,symmetric,20,17,277,16.2941,6,71,11.8333,44,4,4,0,16,0,16,0,0,0,0,0,0,0,0,0,0,20,2,2,3,4,4,20,11,3.55,1,0
279,unified,off,21,141,201,1.4255,37,52,1.4054,0,1,1,0,20,0,0,0,0,20,43,0,0,0,0,0,0,21,3,2,3,4,4,20,14,3.8,11,7
279,protect_l,left,21,77,201,2.6104,21,52,2.4762,80,20,20,0,1,0,1,0,0,0,0,0,0,0,0,0,0,21,3,2,3,4,4,20,14,3.8,4,0
279,protect_s,symmetric,21,33,201,6.0909,10,52,5.2,58,4,4,0,17,0,17,0,0,0,0,0,0,0,0,0,0,21,3,2,3,4,4,20,14,3.8,3,0
281,unified,off,21,109,229,2.1009,29,59,2.0345,0,1,1,0,20,0,0,0,0,20,44,0,0,0,0,0,0,21,2,2,2,4,4,20,11,3.85,10,3
281,protect_l,left,21,85,229,2.6941,23,59,2.5652,74,20,20,0,1,0,1,0,0,0,0,0,0,0,0,0,0,21,2,2,2,4,4,20,11,3.85,6,0
281,protect_s,symmetric,21,29,229,7.8966,9,59,6.5556,59,7,7,0,14,0,14,0,0,0,0,0,0,0,0,0,0,21,2,2,2,4,4,20,11,3.85,2,0
282,unified,off,21,97,173,1.7835,26,45,1.7308,0,21,21,0,0,0,0,0,0,0,1,0,0,0,0,0,0,21,1,2,2,4,4,20,9,3.75,12,5
282,protect_l,left,21,113,173,1.531,30,45,1.5,67,21,21,0,0,0,0,0,0,0,0,0,0,0,0,0,0,21,1,2,2,4,4,20,9,3.75,9,0
282,protect_s,symmetric,21,53,173,3.2642,15,45,3.0,76,12,12,0,9,0,9,0,0,0,0,0,0,0,0,0,0,21,1,2,2,4,4,20,9,3.75,6,0
285,unified,off,21,237,417,1.7595,61,106,1.7377,0,5,5,0,16,0,0,0,0,16,37,0,0,0,0,0,0,21,2,2,2,4,4,20,8,3.3,15,6
285,protect_l,left,21,97,417,4.299,26,106,4.0769,37,19,19,0,2,0,2,0,0,0,0,0,0,0,0,0,0,21,2,2,2,4,4,20,8,3.3,3,0
285,protect_s,symmetric,21,37,417,11.2703,11,106,9.6364,54,17,17,0,4,0,4,0,0,0,0,0,0,0,0,0,0,21,2,2,2,4,4,20,8,3.3,1,0
288,unified,off,21,113,153,1.354,30,40,1.3333,0,21,21,0,0,0,0,0,0,0,0,0,0,0,0,0,0,21,2,3,3,4,4,20,14,3.7,13,11
288,protect_l,left,21,61,153,2.5082,17,40,2.3529,34,21,21,0,0,0,0,0,0,0,0,0,0,0,0,0,0,21,2,3,3,4,4,20,14,3.7,3,0
288,protect_s,symmetric,21,37,153,4.1351,11,40,3.6364,50,7,7,0,14,0,14,0,0,0,0,0,0,0,0,0,0,21,2,3,3,4,4,20,14,3.7,4,0
289,unified,off,21,157,153,0.9745,41,40,0.9756,0,3,3,0,18,0,0,0,0,18,35,0,0,0,0,0,0,21,3,2,3,4,4,20,14,3.6,10,7
289,protect_l,left,21,89,153,1.7191,24,40,1.6667,51,21,21,0,0,0,0,0,0,0,0,0,0,0,0,0,0,21,3,2,3,4,4,20,14,3.6,4,0
289,protect_s,symmetric,21,41,153,3.7317,12,40,3.3333,43,7,7,0,14,0,14,0,0,0,0,0,0,0,0,0,0,21,3,2,3,4,4,20,14,3.6,3,0
290,unified,off,21,169,213,1.2604,44,55,1.25,0,21,21,0,0,0,0,0,0,0,7,0,0,0,0,0,0,21,1,3,4,4,4,20,5,3.75,13,4
290,protect_l,left,21,105,213,2.0286,28,55,1.9643,32,21,21,0,0,0,0,0,0,0,0,0,0,0,0,0,0,21,1,3,4,4,4,20,5,3.75,10,0
290,protect_s,symmetric,21,25,213,8.52,8,55,6.875,35,5,5,0,16,0,16,0,0,0,0,0,0,0,0,0,0,21,1,3,4,4,4,20,5,3.75,3,0
291,unified,off,21,81,101,1.2469,22,27,1.2273,0,21,21,0,0,0,0,0,0,0,0,0,0,0,0,0,0,21,1,2,4,4,4,20,10,4.3,9,5
291,protect_l,left,21,85,101,1.1882,23,27,1.1739,90,18,18,0,3,0,3,0,0,0,0,0,0,0,0,0,0,21,1,2,4,4,4,20,10,4.3,6,0
291,protect_s,symmetric,21,37,101,2.7297,11,27,2.4545,66,5,5,0,16,0,16,0,0,0,0,0,0,0,0,0,0,21,1,2,4,4,4,20,10,4.3,4,0
293,unified,off,21,97,129,1.3299,26,34,1.3077,0,21,21,0,0,0,0,0,0,0,0,0,0,0,0,0,0,21,3,2,2,4,4,20,15,3.85,10,6
293,protect_l,left,21,45,129,2.8667,13,34,2.6154,60,21,21,0,0,0,0,0,0,0,0,0,0,0,0,0,0,21,3,2,2,4,4,20,15,3.85,4,0
293,protect_s,symmetric,21,33,129,3.9091,10,34,3.4,77,7,7,0,14,0,14,0,0,0,0,0,0,0,0,0,0,21,3,2,2,4,4,20,15,3.85,2,0
294,unified,off,21,209,277,1.3254,54,71,1.3148,0,1,1,0,20,0,0,0,0,20,41,0,0,0,0,0,0,21,2,2,2,4,4,20,14,3.8,14,9
294,protect_l,left,21,121,277,2.2893,32,71,2.2188,69,21,21,0,0,0,0,0,0,0,0,0,0,0,0,0,0,21,2,2,2,4,4,20,14,3.8,4,0
294,protect_s,symmetric,21,29,277,9.5517,9,71,7.8889,57,3,3,0,18,0,18,0,0,0,0,0,0,0,0,0,0,21,2,2,2,4,4,20,14,3.8,2,0
296,unified,off,21,133,221,1.6617,35,57,1.6286,0,18,18,0,0,3,3,0,0,0,1,0,0,0,0,3,0,18,1,3,5,4,4,20,6,3.5,12,4
296,protect_l,left,21,69,221,3.2029,19,57,3.0,41,8,8,0,10,3,13,0,0,0,0,0,0,0,0,3,0,18,1,3,5,4,4,20,6,3.5,7,0
296,protect_s,symmetric,21,29,221,7.6207,9,57,6.3333,49,5,5,0,13,3,16,0,0,0,0,0,0,0,0,3,0,18,1,3,5,4,4,20,6,3.5,2,0
297,unified,off,20,113,129,1.1416,30,34,1.1333,0,8,8,0,12,0,0,0,0,12,29,0,0,0,0,0,0,20,1,2,3,4,4,20,7,3.85,14,5
297,protect_l,left,20,105,129,1.2286,28,34,1.2143,58,20,20,0,0,0,0,0,0,0,0,0,0,0,0,0,0,20,1,2,3,4,4,20,7,3.85,13,0
297,protect_s,symmetric,20,33,129,3.9091,10,34,3.4,58,16,16,0,4,0,4,0,0,0,0,0,0,0,0,0,0,20,1,2,3,4,4,20,7,3.85,4,0
298,unified,off,21,181,245,1.3536,47,63,1.3404,0,21,21,0,0,0,0,0,0,0,0,0,0,0,0,0,0,21,1,2,4,4,4,20,5,3.85,15,5
298,protect_l,left,21,133,245,1.8421,35,63,1.8,45,20,20,0,1,0,1,0,0,0,0,0,0,0,0,0,0,21,1,2,4,4,4,20,5,3.85,10,0
298,protect_s,symmetric,21,77,245,3.1818,21,63,3.0,61,9,9,0,12,0,12,0,0,0,0,0,0,0,0,0,0,21,1,2,4,4,4,20,5,3.85,6,0
300,unified,off,21,329,425,1.2918,84,108,1.2857,0,16,16,0,1,4,5,0,0,0,1,0,0,0,0,4,0,17,1,3,3,4,4,20,8,3.85,16,7
300,protect_l,left,21,85,425,5.0,23,108,4.6957,43,6,6,0,11,4,15,0,0,0,0,0,0,0,0,4,0,17,1,3,3,4,4,20,8,3.85,6,0
300,protect_s,symmetric,21,29,425,14.6552,9,108,12.0,51,8,8,0,9,4,13,0,0,0,0,0,0,0,0,4,0,17,1,3,3,4,4,20,8,3.85,2,0
301,unified,off,21,133,293,2.203,35,75,2.1429,0,1,1,0,20,0,0,0,0,20,41,0,0,0,0,0,0,21,2,2,3,4,4,20,13,4.2,9,5
301,protect_l,left,21,85,293,3.4471,23,75,3.2609,44,14,14,0,7,0,7,0,0,0,0,0,0,0,0,0,0,21,2,2,3,4,4,20,13,4.2,3,0
301,protect_s,symmetric,21,29,293,10.1034,9,75,8.3333,50,6,6,0,15,0,15,0,0,0,0,0,0,0,0,0,0,21,2,2,3,4,4,20,13,4.2,1,0
302,unified,off,21,97,129,1.3299,26,34,1.3077,0,19,19,0,2,0,0,0,0,2,5,0,0,0,0,0,0,21,2,3,4,4,4,20,12,4.0,9,4
302,protect_l,left,21,77,129,1.6753,21,34,1.619,66,13,13,0,8,0,8,0,0,0,0,0,0,0,0,0,0,21,2,3,4,4,4,20,12,4.0,7,0
302,protect_s,symmetric,21,53,129,2.434,15,34,2.2667,76,11,11,0,10,0,10,0,0,0,0,0,0,0,0,0,0,21,2,3,4,4,4,20,12,4.0,5,0
303,unified,off,21,253,341,1.3478,65,87,1.3385,0,21,21,0,0,0,0,0,0,0,1,0,0,0,0,0,0,21,1,2,4,4,4,20,6,3.6,13,4
303,protect_l,left,21,97,341,3.5155,26,87,3.3462,40,6,6,0,15,0,15,0,0,0,0,0,0,0,0,0,0,21,1,2,4,4,4,20,6,3.6,7,0
303,protect_s,symmetric,21,37,341,9.2162,11,87,7.9091,56,9,9,0,12,0,12,0,0,0,0,0,0,0,0,0,0,21,1,2,4,4,4,20,6,3.6,3,0
305,unified,off,20,57,89,1.5614,16,24,1.5,0,20,20,0,0,0,0,0,0,0,0,0,0,0,0,0,0,20,1,2,3,4,4,20,8,3.8,8,2
305,protect_l,left,20,61,89,1.459,17,24,1.4118,40,20,20,0,0,0,0,0,0,0,0,0,0,0,0,0,0,20,1,2,3,4,4,20,8,3.8,7,0
305,protect_s,symmetric,20,45,89,1.9778,13,24,1.8462,63,16,16,0,4,0,4,0,0,0,0,0,0,0,0,0,0,20,1,2,3,4,4,20,8,3.8,4,0
306,unified,off,21,157,217,1.3822,41,56,1.3659,0,3,3,0,18,0,0,0,0,18,45,0,0,0,0,0,0,21,2,2,3,4,4,20,12,3.7,13,7
306,protect_l,left,21,69,217,3.1449,19,56,2.9474,44,4,4,0,17,0,17,0,0,0,0,0,0,0,0,0,0,21,2,2,3,4,4,20,12,3.7,6,0
306,protect_s,symmetric,21,29,217,7.4828,9,56,6.2222,40,4,4,0,17,0,17,0,0,0,0,0,0,0,0,0,0,21,2,2,3,4,4,20,12,3.7,2,0
307,unified,off,21,329,257,0.7812,84,66,0.7857,0,20,20,0,0,1,1,0,0,0,8,0,0,0,0,1,0,20,2,3,4,4,4,20,12,3.65,16,9
307,protect_l,left,21,125,257,2.056,33,66,2.0,71,15,15,0,5,1,6,0,0,0,0,0,0,0,0,1,0,20,2,3,4,4,4,20,12,3.65,5,0
307,protect_s,symmetric,21,29,257,8.8621,9,66,7.3333,53,5,5,0,15,1,16,0,0,0,0,0,0,0,0,1,0,20,2,3,4,4,4,20,12,3.65,1,0
308,unified,off,20,117,113,0.9658,31,30,0.9677,0,20,20,0,0,0,0,0,0,0,1,0,0,0,0,0,0,20,2,2,4,4,4,20,11,3.65,14,6
308,protect_l,left,20,109,113,1.0367,29,30,1.0345,91,20,20,0,0,0,0,0,0,0,0,0,0,0,0,0,0,20,2,2,4,4,4,20,11,3.65,6,0
308,protect_s,symmetric,20,49,113,2.3061,14,30,2.1429,82,6,6,0,14,0,14,0,0,0,0,0,0,0,0,0,0,20,2,2,4,4,4,20,11,3.65,4,0
309,unified,off,21,257,293,1.1401,66,75,1.1364,0,21,21,0,0,0,0,0,0,0,0,0,0,0,0,0,0,21,1,3,4,4,4,20,7,3.75,16,7
309,protect_l,left,21,121,293,2.4215,32,75,2.3438,52,8,8,0,13,0,13,0,0,0,0,0,0,0,0,0,0,21,1,3,4,4,4,20,7,3.75,7,0
309,protect_s,symmetric,21,33,293,8.8788,10,75,7.5,44,6,6,0,15,0,15,0,0,0,0,0,0,0,0,0,0,21,1,3,4,4,4,20,7,3.75,3,0
310,unified,off,21,185,293,1.5838,48,75,1.5625,0,21,21,0,0,0,0,0,0,0,0,0,0,0,0,0,0,21,1,2,4,4,4,20,6,3.95,14,4
310,protect_l,left,21,101,293,2.901,27,75,2.7778,24,11,11,0,10,0,10,0,0,0,0,0,0,0,0,0,0,21,1,2,4,4,4,20,6,3.95,6,0
310,protect_s,symmetric,21,45,293,6.5111,13,75,5.7692,39,7,7,0,14,0,14,0,0,0,0,0,0,0,0,0,0,21,1,2,4,4,4,20,6,3.95,5,0
311,unified,off,21,229,333,1.4541,59,85,1.4407,0,4,4,0,16,1,1,0,0,16,34,0,0,0,0,1,0,20,2,2,2,4,4,20,11,3.75,14,8
311,protect_l,left,21,141,333,2.3617,37,85,2.2973,86,19,19,0,1,1,2,0,0,0,0,0,0,0,0,1,0,20,2,2,2,4,4,20,11,3.75,8,0
311,protect_s,symmetric,21,53,333,6.283,15,85,5.6667,77,7,7,0,13,1,14,0,0,0,0,0,0,0,0,1,0,20,2,2,2,4,4,20,11,3.75,5,0
312,unified,off,20,245,357,1.4571,63,91,1.4444,0,20,20,0,0,0,0,0,0,0,15,0,0,0,0,0,0,20,2,2,2,4,4,20,11,3.65,13,6
312,protect_l,left,20,121,357,2.9504,32,91,2.8438,51,20,20,0,0,0,0,0,0,0,0,0,0,0,0,0,0,20,2,2,2,4,4,20,11,3.65,8,0
312,protect_s,symmetric,20,29,357,12.3103,9,91,10.1111,42,6,6,0,14,0,14,0,0,0,0,0,0,0,0,0,0,20,2,2,2,4,4,20,11,3.65,4,0
317,unified,off,21,221,385,1.7421,57,98,1.7193,0,21,21,0,0,0,0,0,0,0,0,0,0,0,0,0,0,21,1,3,4,4,4,20,4,3.85,14,4
317,protect_l,left,21,129,385,2.9845,34,98,2.8824,46,12,12,0,9,0,9,0,0,0,0,0,0,0,0,0,0,21,1,3,4,4,4,20,4,3.85,10,0
317,protect_s,symmetric,21,41,385,9.3902,12,98,8.1667,59,14,14,0,7,0,7,0,0,0,0,0,0,0,0,0,0,21,1,3,4,4,4,20,4,3.85,4,0
318,unified,off,21,173,309,1.7861,45,79,1.7556,0,19,19,0,2,0,2,0,0,0,4,0,0,0,0,0,0,21,1,2,3,4,4,20,6,3.75,14,5
318,protect_l,left,21,69,309,4.4783,19,79,4.1579,37,2,2,0,19,0,19,0,0,0,0,0,0,0,0,0,0,21,1,2,3,4,4,20,6,3.75,10,0
318,protect_s,symmetric,21,41,309,7.5366,12,79,6.5833,50,7,7,0,14,0,14,0,0,0,0,0,0,0,0,0,0,21,1,2,3,4,4,20,6,3.75,6,0
319,unified,off,21,229,385,1.6812,59,98,1.661,0,21,21,0,0,0,0,0,0,0,8,0,0,0,0,0,0,21,2,3,3,4,4,20,12,3.65,15,9
319,protect_l,left,21,133,385,2.8947,35,98,2.8,95,19,19,0,2,0,2,0,0,0,0,0,0,0,0,0,0,21,2,3,3,4,4,20,12,3.65,6,0
319,protect_s,symmetric,21,49,385,7.8571,14,98,7.0,87,9,9,0,12,0,12,0,0,0,0,0,0,0,0,0,0,21,2,3,3,4,4,20,12,3.65,5,0
320,unified,off,21,165,249,1.5091,43,64,1.4884,0,21,21,0,0,0,0,0,0,0,0,0,0,0,0,0,0,21,1,2,2,4,4,20,7,4.3,13,3
320,protect_l,left,21,109,249,2.2844,29,64,2.2069,61,21,21,0,0,0,0,0,0,0,0,0,0,0,0,0,0,21,1,2,2,4,4,20,7,4.3,8,0
320,protect_s,symmetric,21,69,249,3.6087,19,64,3.3684,75,13,13,0,8,0,8,0,0,0,0,0,0,0,0,0,0,21,1,2,2,4,4,20,7,4.3,6,0
321,unified,off,20,121,145,1.1983,32,38,1.1875,0,19,19,0,0,1,1,0,0,0,1,0,0,0,0,1,0,19,3,2,2,4,4,20,12,3.6,10,5
321,protect_l,left,20,69,145,2.1014,19,38,2.0,41,19,19,0,0,1,1,0,0,0,0,0,0,0,0,1,0,19,3,2,2,4,4,20,12,3.6,5,0
321,protect_s,symmetric,20,37,145,3.9189,11,38,3.4545,57,17,17,0,2,1,3,0,0,0,0,0,0,0,0,1,0,19,3,2,2,4,4,20,12,3.6,3,0
322,unified,off,21,129,261,2.0233,34,67,1.9706,0,1,1,0,20,0,0,0,0,20,40,0,0,0,0,0,0,21,2,2,3,4,4,20,9,4.15,15,7
322,protect_l,left,21,73,261,3.5753,20,67,3.35,38,9,9,0,12,0,12,0,0,0,0,0,0,0,0,0,0,21,2,2,3,4,4,20,9,4.15,6,0
322,protect_s,symmetric,21,33,261,7.9091,10,67,6.7,42,7,7,0,14,0,14,0,0,0,0,0,0,0,0,0,0,21,2,2,3,4,4,20,9,4.15,4,0
323,unified,off,20,205,293,1.4293,53,75,1.4151,0,16,16,0,3,1,4,0,0,0,8,0,0,0,0,1,0,19,1,2,3,4,4,20,5,3.65,14,3
323,protect_l,left,20,141,293,2.078,37,75,2.027,44,14,14,0,5,1,6,0,0,0,0,0,0,0,0,1,0,19,1,2,3,4,4,20,5,3.65,11,0
323,protect_s,symmetric,20,57,293,5.1404,16,75,4.6875,65,16,16,0,3,1,4,0,0,0,0,0,0,0,0,1,0,19,1,2,3,4,4,20,5,3.65,5,0
325,unified,off,21,117,145,1.2393,31,38,1.2258,0,12,12,0,9,0,0,0,0,9,17,0,0,0,0,0,0,21,1,2,3,4,4,20,8,3.9,14,6
325,protect_l,left,21,61,145,2.377,17,38,2.2353,30,5,5,0,16,0,16,0,0,0,0,0,0,0,0,0,0,21,1,2,3,4,4,20,8,3.9,6,0
325,protect_s,symmetric,21,17,145,8.5294,6,38,6.3333,37,5,5,0,16,0,16,0,0,0,0,0,0,0,0,0,0,21,1,2,3,4,4,20,8,3.9,1,0
326,unified,off,20,197,169,0.8579,51,44,0.8627,0,5,5,0,15,0,0,0,0,15,30,0,0,0,0,0,0,20,3,3,4,4,4,20,17,3.95,13,10
326,protect_l,left,20,85,169,1.9882,23,44,1.913,66,12,12,0,8,0,8,0,0,0,0,0,0,0,0,0,0,20,3,3,4,4,4,20,17,3.95,2,0
326,protect_s,symmetric,20,25,169,6.76,8,44,5.5,47,2,2,0,18,0,18,0,0,0,0,0,0,0,0,0,0,20,3,3,4,4,4,20,17,3.95,2,0
327,unified,off,20,85,225,2.6471,23,58,2.5217,0,20,20,0,0,0,0,0,0,0,0,0,0,0,0,0,0,20,1,2,3,4,4,20,7,3.9,12,4
327,protect_l,left,20,37,225,6.0811,11,58,5.2727,24,18,18,0,2,0,2,0,0,0,0,0,0,0,0,0,0,20,1,2,3,4,4,20,7,3.9,4,0
327,protect_s,symmetric,20,33,225,6.8182,10,58,5.8,42,7,7,0,13,0,13,0,0,0,0,0,0,0,0,0,0,20,1,2,3,4,4,20,7,3.9,3,0
328,unified,off,21,149,193,1.2953,39,50,1.2821,0,21,21,0,0,0,0,0,0,0,7,0,0,0,0,0,0,21,2,2,3,4,4,20,11,3.45,9,5
328,protect_l,left,21,89,193,2.1685,24,50,2.0833,31,15,15,0,6,0,6,0,0,0,0,0,0,0,0,0,0,21,2,2,3,4,4,20,11,3.45,6,0
328,protect_s,symmetric,21,17,193,11.3529,6,50,8.3333,41,5,5,0,16,0,16,0,0,0,0,0,0,0,0,0,0,21,2,2,3,4,4,20,11,3.45,1,0
329,unified,off,21,181,197,1.0884,47,51,1.0851,0,5,5,0,11,5,16,0,0,0,15,0,0,0,0,5,0,16,1,2,3,4,4,20,8,3.3,14,4
329,protect_l,left,21,97,197,2.0309,26,51,1.9615,72,16,16,0,0,5,5,0,0,0,0,0,0,0,0,5,0,16,1,2,3,4,4,20,8,3.3,10,0
329,protect_s,symmetric,21,45,197,4.3778,13,51,3.9231,75,12,12,0,4,5,9,0,0,0,0,0,0,0,0,5,0,16,1,2,3,4,4,20,8,3.3,5,0
331,unified,off,21,53,93,1.7547,15,25,1.6667,0,21,21,0,0,0,0,0,0,0,0,0,0,0,0,0,0,21,1,2,3,4,4,20,3,3.55,4,0
331,protect_l,left,21,45,93,2.0667,13,25,1.9231,17,21,21,0,0,0,0,0,0,0,0,0,0,0,0,0,0,21,1,2,3,4,4,20,3,3.55,3,0
331,protect_s,symmetric,21,45,93,2.0667,13,25,1.9231,33,21,21,0,0,0,0,0,0,0,0,0,0,0,0,0,0,21,1,2,3,4,4,20,3,3.55,3,0
332,unified,off,20,269,381,1.4164,69,97,1.4058,0,4,4,0,14,2,10,0,0,6,16,0,0,0,0,2,0,18,1,2,2,4,4,20,9,4.1,19,9
332,protect_l,left,20,129,381,2.9535,34,97,2.8529,53,6,6,0,12,2,14,0,0,0,0,0,0,0,0,2,0,18,1,2,2,4,4,20,9,4.1,9,0
332,protect_s,symmetric,20,17,381,22.4118,6,97,16.1667,41,5,5,0,13,2,15,0,0,0,0,0,0,0,0,2,0,18,1,2,2,4,4,20,9,4.1,1,0
334,unified,off,21,89,137,1.5393,24,36,1.5,0,21,21,0,0,0,0,0,0,0,0,0,0,0,0,0,0,21,1,2,4,4,4,20,7,3.5,12,7
334,protect_l,left,21,73,137,1.8767,20,36,1.8,49,21,21,0,0,0,0,0,0,0,0,0,0,0,0,0,0,21,1,2,4,4,4,20,7,3.5,8,0
334,protect_s,symmetric,21,41,137,3.3415,12,36,3.0,49,21,21,0,0,0,0,0,0,0,0,0,0,0,0,0,0,21,1,2,4,4,4,20,7,3.5,4,0
335,unified,off,21,233,325,1.3948,60,83,1.3833,0,3,3,0,18,0,0,0,0,18,35,0,0,0,0,0,0,21,2,2,3,4,4,20,12,3.55,15,8
335,protect_l,left,21,109,325,2.9817,29,83,2.8621,45,21,21,0,0,0,0,0,0,0,0,0,0,0,0,0,0,21,2,2,3,4,4,20,12,3.55,7,0
335,protect_s,symmetric,21,37,325,8.7838,11,83,7.5455,42,10,10,0,11,0,11,0,0,0,0,0,0,0,0,0,0,21,2,2,3,4,4,20,12,3.55,2,0
336,unified,off,21,93,109,1.172,25,29,1.16,0,21,21,0,0,0,0,0,0,0,1,0,0,0,0,0,0,21,2,2,2,4,4,20,12,4.25,12,6
336,protect_l,left,21,49,109,2.2245,14,29,2.0714,34,21,21,0,0,0,0,0,0,0,0,0,0,0,0,0,0,21,2,2,2,4,4,20,12,4.25,5,0
336,protect_s,symmetric,21,21,109,5.1905,7,29,4.1429,36,3,3,0,18,0,18,0,0,0,0,0,0,0,0,0,0,21,2,2,2,4,4,20,12,4.25,2,0
338,unified,off,20,289,429,1.4844,74,109,1.473,0,20,20,0,0,0,0,0,0,0,2,0,0,0,0,0,0,20,2,2,3,4,4,20,10,3.35,15,8
338,protect_l,left,20,161,429,2.6646,42,109,2.5952,42,20,20,0,0,0,0,0,0,0,0,0,0,0,0,0,0,20,2,2,3,4,4,20,10,3.35,7,0
338,protect_s,symmetric,20,57,429,7.5263,16,109,6.8125,56,7,7,0,13,0,13,0,0,0,0,0,0,0,0,0,0,20,2,2,3,4,4,20,10,3.35,7,0
339,unified,off,21,277,397,1.4332,71,101,1.4225,0,4,4,0,17,0,0,0,0,17,34,0,0,0,0,0,0,21,2,3,3,4,4,20,11,3.95,15,8
339,protect_l,left,21,125,397,3.176,33,101,3.0606,39,17,17,0,4,0,4,0,0,0,0,0,0,0,0,0,0,21,2,3,3,4,4,20,11,3.95,7,0
339,protect_s,symmetric,21,37,397,10.7297,11,101,9.1818,54,6,6,0,15,0,15,0,0,0,0,0,0,0,0,0,0,21,2,3,3,4,4,20,11,3.95,3,0
340,unified,off,21,125,197,1.576,33,51,1.5455,0,18,18,0,3,0,0,0,0,3,7,0,0,0,0,0,0,21,2,2,2,4,4,20,10,3.35,12,5
340,protect_l,left,21,61,197,3.2295,17,51,3.0,29,19,19,0,2,0,2,0,0,0,0,0,0,0,0,0,0,21,2,2,2,4,4,20,10,3.35,5,0
340,protect_s,symmetric,21,41,197,4.8049,12,51,4.25,40,12,12,0,9,0,9,0,0,0,0,0,0,0,0,0,0,21,2,2,2,4,4,20,10,3.35,3,0
342,unified,off,21,105,301,2.8667,28,77,2.75,0,9,9,0,12,0,0,0,0,12,26,0,0,0,0,0,0,21,1,2,3,4,4,20,6,4.05,11,3
342,protect_l,left,21,101,301,2.9802,27,77,2.8519,53,15,15,0,6,0,6,0,0,0,0,0,0,0,0,0,0,21,1,2,3,4,4,20,6,4.05,8,0
342,protect_s,symmetric,21,65,301,4.6308,18,77,4.2778,76,13,13,0,8,0,8,0,0,0,0,0,0,0,0,0,0,21,1,2,3,4,4,20,6,4.05,7,0
343,unified,off,21,265,281,1.0604,68,72,1.0588,0,21,21,0,0,0,0,0,0,0,1,0,0,0,0,0,0,21,4,3,3,4,4,20,17,4.35,13,11
343,protect_l,left,21,73,281,3.8493,20,72,3.6,32,20,20,0,1,0,1,0,0,0,0,0,0,0,0,0,0,21,4,3,3,4,4,20,17,4.35,2,0
343,protect_s,symmetric,21,29,281,9.6897,9,72,8.0,38,5,5,0,16,0,16,0,0,0,0,0,0,0,0,0,0,21,4,3,3,4,4,20,17,4.35,1,0
344,unified,off,21,101,113,1.1188,27,30,1.1111,0,21,21,0,0,0,0,0,0,0,0,0,0,0,0,0,0,21,1,4,5,4,4,20,8,3.75,14,4
344,protect_l,left,21,45,113,2.5111,13,30,2.3077,26,4,4,0,17,0,17,0,0,0,0,0,0,0,0,0,0,21,1,4,5,4,4,20,8,3.75,4,0
344,protect_s,symmetric,21,17,113,6.6471,6,30,5.0,35,3,3,0,18,0,18,0,0,0,0,0,0,0,0,0,0,21,1,4,5,4,4,20,8,3.75,1,0
345,unified,off,21,149,217,1.4564,39,56,1.4359,0,21,21,0,0,0,0,0,0,0,0,0,0,0,0,0,0,21,2,4,5,4,4,20,10,3.45,11,3
345,protect_l,left,21,81,217,2.679,22,56,2.5455,38,13,13,0,8,0,8,0,0,0,0,0,0,0,0,0,0,21,2,4,5,4,4,20,10,3.45,2,0
345,protect_s,symmetric,21,33,217,6.5758,10,56,5.6,59,10,10,0,11,0,11,0,0,0,0,0,0,0,0,0,0,21,2,4,5,4,4,20,10,3.45,1,0
347,unified,off,21,221,281,1.2715,57,72,1.2632,0,5,5,0,12,4,16,0,0,0,22,0,0,0,0,4,0,17,2,3,3,4,4,20,13,4.3,17,11
347,protect_l,left,21,93,281,3.0215,25,72,2.88,43,14,14,0,3,4,7,0,0,0,0,0,0,0,0,4,0,17,2,3,3,4,4,20,13,4.3,5,0
347,protect_s,symmetric,21,17,281,16.5294,6,72,12.0,32,4,4,0,13,4,17,0,0,0,0,0,0,0,0,4,0,17,2,3,3,4,4,20,13,4.3,1,0
348,unified,off,21,305,469,1.5377,78,119,1.5256,0,3,3,0,17,1,1,0,0,17,34,0,0,0,0,1,0,20,2,2,2,4,4,20,11,3.55,14,9
348,protect_l,left,21,117,469,4.0085,31,119,3.8387,39,20,20,0,0,1,1,0,0,0,0,0,0,0,0,1,0,20,2,2,2,4,4,20,11,3.55,4,0
348,protect_s,symmetric,21,21,469,22.3333,7,119,17.0,51,5,5,0,15,1,16,0,0,0,0,0,0,0,0,1,0,20,2,2,2,4,4,20,11,3.55,2,0
349,unified,off,20,153,113,0.7386,40,30,0.75,0,20,20,0,0,0,0,0,0,0,6,0,0,0,0,0,0,20,1,4,4,4,4,20,7,3.55,12,4
349,protect_l,left,20,77,113,1.4675,21,30,1.4286,45,18,18,0,2,0,2,0,0,0,0,0,0,0,0,0,0,20,1,4,4,4,4,20,7,3.55,7,0
349,protect_s,symmetric,20,33,113,3.4242,10,30,3.0,70,12,12,0,8,0,8,0,0,0,0,0,0,0,0,0,0,20,1,4,4,4,4,20,7,3.55,2,0
351,unified,off,21,97,145,1.4948,26,38,1.4615,0,21,21,0,0,0,0,0,0,0,3,0,0,0,0,0,0,21,2,2,2,4,4,20,11,3.85,12,8
351,protect_l,left,21,81,145,1.7901,22,38,1.7273,56,21,21,0,0,0,0,0,0,0,0,0,0,0,0,0,0,21,2,2,2,4,4,20,11,3.85,6,0
351,protect_s,symmetric,21,37,145,3.9189,11,38,3.4545,61,6,6,0,15,0,15,0,0,0,0,0,0,0,0,0,0,21,2,2,2,4,4,20,11,3.85,4,0
352,unified,off,21,209,273,1.3062,54,70,1.2963,0,21,21,0,0,0,0,0,0,0,1,0,0,0,0,0,0,21,4,2,2,4,4,20,17,3.75,16,13
352,protect_l,left,21,97,273,2.8144,26,70,2.6923,50,21,21,0,0,0,0,0,0,0,0,0,0,0,0,0,0,21,4,2,2,4,4,20,17,3.75,2,0
352,protect_s,symmetric,21,45,273,6.0667,13,70,5.3846,66,15,15,0,6,0,6,0,0,0,0,0,0,0,0,0,0,21,4,2,2,4,4,20,17,3.75,2,0
354,unified,off,21,197,405,2.0558,51,103,2.0196,0,10,10,0,11,0,0,0,0,11,23,0,0,0,0,0,0,21,3,2,2,4,4,20,14,3.3,13,9
354,protect_l,left,21,149,405,2.7181,39,103,2.641,74,21,21,0,0,0,0,0,0,0,0,0,0,0,0,0,0,21,3,2,2,4,4,20,14,3.3,4,0
354,protect_s,symmetric,21,29,405,13.9655,9,103,11.4444,54,5,5,0,16,0,16,0,0,0,0,0,0,0,0,0,0,21,3,2,2,4,4,20,14,3.3,2,0
355,unified,off,21,173,369,2.1329,45,94,2.0889,0,1,1,0,20,0,0,0,0,20,52,0,0,0,0,0,0,21,2,3,4,4,4,20,7,3.5,12,5
355,protect_l,left,21,101,369,3.6535,27,94,3.4815,29,12,12,0,9,0,9,0,0,0,0,0,0,0,0,0,0,21,2,3,4,4,4,20,7,3.5,9,0
355,protect_s,symmetric,21,21,369,17.5714,7,94,13.4286,38,2,2,0,19,0,19,0,0,0,0,0,0,0,0,0,0,21,2,3,4,4,4,20,7,3.5,2,0
356,unified,off,21,165,225,1.3636,43,58,1.3488,0,21,21,0,0,0,0,0,0,0,14,0,0,0,0,0,0,21,2,3,3,4,4,20,11,3.9,12,7
356,protect_l,left,21,81,225,2.7778,22,58,2.6364,44,8,8,0,13,0,13,0,0,0,0,0,0,0,0,0,0,21,2,3,3,4,4,20,11,3.9,5,0
356,protect_s,symmetric,21,49,225,4.5918,14,58,4.1429,58,8,8,0,13,0,13,0,0,0,0,0,0,0,0,0,0,21,2,3,3,4,4,20,11,3.9,3,0
357,unified,off,21,137,165,1.2044,36,43,1.1944,0,5,5,0,16,0,0,0,0,16,36,0,0,0,0,0,0,21,1,2,3,4,4,20,6,3.65,16,4
357,protect_l,left,21,89,165,1.8539,24,43,1.7917,41,19,19,0,2,0,2,0,0,0,0,0,0,0,0,0,0,21,1,2,3,4,4,20,6,3.65,10,0
357,protect_s,symmetric,21,21,165,7.8571,7,43,6.1429,40,8,8,0,13,0,13,0,0,0,0,0,0,0,0,0,0,21,1,2,3,4,4,20,6,3.65,2,0
358,unified,off,21,113,197,1.7434,30,51,1.7,0,3,3,0,18,0,0,0,0,18,37,0,0,0,0,0,0,21,2,2,3,4,4,20,13,4.1,8,5
358,protect_l,left,21,53,197,3.717,15,51,3.4,40,9,9,0,12,0,12,0,0,0,0,0,0,0,0,0,0,21,2,2,3,4,4,20,13,4.1,3,0
358,protect_s,symmetric,21,21,197,9.381,7,51,7.2857,49,3,3,0,18,0,18,0,0,0,0,0,0,0,0,0,0,21,2,2,3,4,4,20,13,4.1,2,0
359,unified,off,21,185,241,1.3027,48,62,1.2917,0,15,15,0,0,6,0,0,0,6,18,0,0,0,0,6,0,15,1,2,3,4,4,20,7,3.85,14,5
359,protect_l,left,21,85,241,2.8353,23,62,2.6957,25,14,14,0,1,6,7,0,0,0,0,0,0,0,0,6,0,15,1,2,3,4,4,20,7,3.85,7,0
359,protect_s,symmetric,21,33,241,7.303,10,62,6.2,52,11,11,0,4,6,10,0,0,0,0,0,0,0,0,6,0,15,1,2,3,4,4,20,7,3.85,3,0
361,unified,off,21,189,225,1.1905,49,58,1.1837,0,21,21,0,0,0,0,0,0,0,10,0,0,0,0,0,0,21,2,2,4,4,4,20,13,3.8,15,9
361,protect_l,left,21,61,225,3.6885,17,58,3.4118,30,12,12,0,9,0,9,0,0,0,0,0,0,0,0,0,0,21,2,2,4,4,4,20,13,3.8,2,0
361,protect_s,symmetric,21,21,225,10.7143,7,58,8.2857,36,3,3,0,18,0,18,0,0,0,0,0,0,0,0,0,0,21,2,2,4,4,4,20,13,3.8,2,0
362,unified,off,21,269,345,1.2825,69,88,1.2754,0,6,6,0,15,0,0,0,0,15,33,0,0,0,0,0,0,21,2,2,3,4,4,20,11,4.2,19,10
362,protect_l,left,21,133,345,2.594,35,88,2.5143,34,6,6,0,15,0,15,0,0,0,0,0,0,0,0,0,0,21,2,2,3,4,4,20,11,4.2,9,0
362,protect_s,symmetric,21,21,345,16.4286,7,88,12.5714,40,7,7,0,14,0,14,0,0,0,0,0,0,0,0,0,0,21,2,2,3,4,4,20,11,4.2,2,0
363,unified,off,21,177,197,1.113,46,51,1.1087,0,21,21,0,0,0,0,0,0,0,0,0,0,0,0,0,0,21,2,2,3,4,4,20,6,3.35,13,5
363,protect_l,left,21,109,197,1.8073,29,51,1.7586,67,21,21,0,0,0,0,0,0,0,0,0,0,0,0,0,0,21,2,2,3,4,4,20,6,3.35,6,0
363,protect_s,symmetric,21,73,197,2.6986,20,51,2.55,87,14,14,0,7,0,7,0,0,0,0,0,0,0,0,0,0,21,2,2,3,4,4,20,6,3.35,5,0
364,unified,off,21,281,485,1.726,72,123,1.7083,0,5,5,0,15,1,2,0,0,14,30,0,0,0,0,1,0,20,1,3,4,4,4,20,4,3.5,17,3
364,protect_l,left,21,169,485,2.8698,44,123,2.7955,51,15,15,0,5,1,6,0,0,0,0,0,0,0,0,1,0,20,1,3,4,4,4,20,4,3.5,13,0
364,protect_s,symmetric,21,61,485,7.9508,17,123,7.2353,72,10,10,0,10,1,11,0,0,0,0,0,0,0,0,1,0,20,1,3,4,4,4,20,4,3.5,7,0
365,unified,off,21,305,269,0.882,78,69,0.8846,0,21,21,0,0,0,0,0,0,0,0,0,0,0,0,0,0,21,2,3,3,4,4,20,13,4.05,15,9
365,protect_l,left,21,145,269,1.8552,38,69,1.8158,57,21,21,0,0,0,0,0,0,0,0,0,0,0,0,0,0,21,2,3,3,4,4,20,13,4.05,6,0
365,protect_s,symmetric,21,53,269,5.0755,15,69,4.6,64,7,7,0,14,0,14,0,0,0,0,0,0,0,0,0,0,21,2,3,3,4,4,20,13,4.05,3,0
366,unified,off,21,233,273,1.1717,60,70,1.1667,0,8,8,0,13,0,0,0,0,13,30,0,0,0,0,0,0,21,1,2,4,4,4,20,7,3.9,16,6
366,protect_l,left,21,121,273,2.2562,32,70,2.1875,57,19,19,0,2,0,2,0,0,0,0,0,0,0,0,0,0,21,1,2,4,4,4,20,7,3.9,8,0
366,protect_s,symmetric,21,37,273,7.3784,11,70,6.3636,64,10,10,0,11,0,11,0,0,0,0,0,0,0,0,0,0,21,1,2,4,4,4,20,7,3.9,4,0
367,unified,off,21,305,317,1.0393,78,81,1.0385,0,6,6,0,12,3,15,0,0,0,22,0,0,0,0,3,0,18,2,2,3,4,4,20,10,3.6,17,8
367,protect_l,left,21,121,317,2.6198,32,81,2.5312,36,16,16,0,2,3,5,0,0,0,0,0,0,0,0,3,0,18,2,2,3,4,4,20,10,3.6,4,0
367,protect_s,symmetric,21,29,317,10.931,9,81,9.0,49,10,10,0,8,3,11,0,0,0,0,0,0,0,0,3,0,18,2,2,3,4,4,20,10,3.6,2,0
368,unified,off,21,205,385,1.878,53,98,1.8491,0,13,13,0,8,0,0,0,0,8,20,0,0,0,0,0,0,21,1,2,3,4,4,20,9,3.75,14,5
368,protect_l,left,21,105,385,3.6667,28,98,3.5,26,12,12,0,9,0,9,0,0,0,0,0,0,0,0,0,0,21,1,2,3,4,4,20,9,3.75,6,0
368,protect_s,symmetric,21,57,385,6.7544,16,98,6.125,38,8,8,0,13,0,13,0,0,0,0,0,0,0,0,0,0,21,1,2,3,4,4,20,9,3.75,6,0
369,unified,off,21,245,357,1.4571,63,91,1.4444,0,1,1,0,18,2,3,0,0,17,35,0,0,0,0,2,0,19,2,2,3,4,4,20,11,4.15,13,6
369,protect_l,left,21,133,357,2.6842,35,91,2.6,66,7,7,0,12,2,14,0,0,0,0,0,0,0,0,2,0,19,2,2,3,4,4,20,11,4.15,7,0
369,protect_s,symmetric,21,49,357,7.2857,14,91,6.5,70,7,7,0,12,2,14,0,0,0,0,0,0,0,0,2,0,19,2,2,3,4,4,20,11,4.15,3,0
370,unified,off,21,105,249,2.3714,28,64,2.2857,0,8,8,0,13,0,0,0,0,13,25,0,0,0,0,0,0,21,1,2,3,4,4,20,7,3.95,11,5
370,protect_l,left,21,81,249,3.0741,22,64,2.9091,38,5,5,0,16,0,16,0,0,0,0,0,0,0,0,0,0,21,1,2,3,4,4,20,7,3.95,6,0
370,protect_s,symmetric,21,29,249,8.5862,9,64,7.1111,52,6,6,0,15,0,15,0,0,0,0,0,0,0,0,0,0,21,1,2,3,4,4,20,7,3.95,3,0
373,unified,off,20,233,297,1.2747,60,76,1.2667,0,16,16,0,0,4,4,0,0,0,2,0,0,0,0,4,0,16,4,2,2,4,4,20,14,3.65,18,12
373,protect_l,left,20,117,297,2.5385,31,76,2.4516,61,16,16,0,0,4,4,0,0,0,0,0,0,0,0,4,0,16,4,2,2,4,4,20,14,3.65,6,0
373,protect_s,symmetric,20,37,297,8.027,11,76,6.9091,59,7,7,0,9,4,13,0,0,0,0,0,0,0,0,4,0,16,4,2,2,4,4,20,14,3.65,4,0
374,unified,off,21,217,185,0.8525,56,48,0.8571,0,17,17,0,4,0,0,0,0,4,18,0,0,0,0,0,0,21,1,3,3,4,4,20,7,3.35,18,6
374,protect_l,left,21,89,185,2.0787,24,48,2.0,66,10,10,0,11,0,11,0,0,0,0,0,0,0,0,0,0,21,1,3,3,4,4,20,7,3.35,9,0
374,protect_s,symmetric,21,45,185,4.1111,13,48,3.6923,86,9,9,0,12,0,12,0,0,0,0,0,0,0,0,0,0,21,1,3,3,4,4,20,7,3.35,5,0
375,unified,off,20,201,345,1.7164,52,88,1.6923,0,1,1,0,19,0,0,0,0,19,38,0,0,0,0,0,0,20,3,2,2,4,4,20,13,3.65,14,8
375,protect_l,left,20,109,345,3.1651,29,88,3.0345,55,20,20,0,0,0,0,0,0,0,0,0,0,0,0,0,0,20,3,2,2,4,4,20,13,3.65,5,0
375,protect_s,symmetric,20,41,345,8.4146,12,88,7.3333,50,10,10,0,10,0,10,0,0,0,0,0,0,0,0,0,0,20,3,2,2,4,4,20,13,3.65,3,0
376,unified,off,21,201,245,1.2189,52,63,1.2115,0,18,18,0,0,3,3,0,0,0,0,0,0,0,0,3,0,18,2,2,2,4,4,20,9,3.35,11,6
376,protect_l,left,21,149,245,1.6443,39,63,1.6154,72,18,18,0,0,3,3,0,0,0,0,0,0,0,0,3,0,18,2,2,2,4,4,20,9,3.35,7,0
376,protect_s,symmetric,21,49,245,5.0,14,63,4.5,64,9,9,0,9,3,12,0,0,0,0,0,0,0,0,3,0,18,2,2,2,4,4,20,9,3.35,4,0
377,unified,off,21,133,181,1.3609,35,47,1.3429,0,21,21,0,0,0,0,0,0,0,17,0,0,0,0,0,0,21,1,2,4,4,4,20,6,3.25,12,5
377,protect_l,left,21,77,181,2.3506,21,47,2.2381,47,20,20,0,1,0,1,0,0,0,0,0,0,0,0,0,0,21,1,2,4,4,4,20,6,3.25,7,0
377,protect_s,symmetric,21,49,181,3.6939,14,47,3.3571,81,16,16,0,5,0,5,0,0,0,0,0,0,0,0,0,0,21,1,2,4,4,4,20,6,3.25,4,0
379,unified,off,21,117,209,1.7863,31,54,1.7419,0,4,4,0,17,0,0,0,0,17,33,0,0,0,0,0,0,21,1,2,3,4,4,20,6,4.3,10,1
379,protect_l,left,21,69,209,3.029,19,54,2.8421,30,19,19,0,2,0,2,0,0,0,0,0,0,0,0,0,0,21,1,2,3,4,4,20,6,4.3,7,0
379,protect_s,symmetric,21,33,209,6.3333,10,54,5.4,53,10,10,0,11,0,11,0,0,0,0,0,0,0,0,0,0,21,1,2,3,4,4,20,6,4.3,3,0
382,unified,off,21,125,165,1.32,33,43,1.303,0,21,21,0,0,0,0,0,0,0,0,0,0,0,0,0,0,21,2,2,3,4,4,20,10,4.2,11,6
382,protect_l,left,21,77,165,2.1429,21,43,2.0476,43,16,16,0,5,0,5,0,0,0,0,0,0,0,0,0,0,21,2,2,3,4,4,20,10,4.2,3,0
382,protect_s,symmetric,21,29,165,5.6897,9,43,4.7778,59,5,5,0,16,0,16,0,0,0,0,0,0,0,0,0,0,21,2,2,3,4,4,20,10,4.2,3,0
383,unified,off,20,201,281,1.398,52,72,1.3846,0,16,16,0,0,4,4,0,0,0,0,0,0,0,0,4,0,16,3,3,3,4,4,20,14,3.9,11,7
383,protect_l,left,20,101,281,2.7822,27,72,2.6667,36,16,16,0,0,4,4,0,0,0,0,0,0,0,0,4,0,16,3,3,3,4,4,20,14,3.9,4,0
383,protect_s,symmetric,20,17,281,16.5294,6,72,12.0,33,4,4,0,12,4,16,0,0,0,0,0,0,0,0,4,0,16,3,3,3,4,4,20,14,3.9,1,0
384,unified,off,21,237,357,1.5063,61,91,1.4918,0,19,19,0,2,0,0,0,0,2,6,0,0,0,0,0,0,21,1,2,2,4,4,20,9,3.8,15,7
384,protect_l,left,21,85,357,4.2,23,91,3.9565,32,10,10,0,11,0,11,0,0,0,0,0,0,0,0,0,0,21,1,2,2,4,4,20,9,3.8,5,0
384,protect_s,symmetric,21,25,357,14.28,8,91,11.375,35,8,8,0,13,0,13,0,0,0,0,0,0,0,0,0,0,21,1,2,2,4,4,20,9,3.8,3,0
385,unified,off,21,265,325,1.2264,68,83,1.2206,0,21,21,0,0,0,0,0,0,0,0,0,0,0,0,0,0,21,2,4,5,4,4,20,12,3.95,15,9
385,protect_l,left,21,105,325,3.0952,28,83,2.9643,73,19,19,0,2,0,2,0,0,0,0,0,0,0,0,0,0,21,2,4,5,4,4,20,12,3.95,8,0
385,protect_s,symmetric,21,37,325,8.7838,11,83,7.5455,66,10,10,0,11,0,11,0,0,0,0,0,0,0,0,0,0,21,2,4,5,4,4,20,12,3.95,2,0
386,unified,off,21,121,201,1.6612,32,52,1.625,0,21,21,0,0,0,0,0,0,0,14,0,0,0,0,0,0,21,3,2,2,4,4,20,15,3.8,5,3
386,protect_l,left,21,109,201,1.844,29,52,1.7931,56,12,12,0,9,0,9,0,0,0,0,0,0,0,0,0,0,21,3,2,2,4,4,20,15,3.8,3,0
386,protect_s,symmetric,21,29,201,6.931,9,52,5.7778,52,3,3,0,18,0,18,0,0,0,0,0,0,0,0,0,0,21,3,2,2,4,4,20,15,3.8,3,0
387,unified,off,20,85,173,2.0353,23,45,1.9565,0,20,20,0,0,0,0,0,0,0,0,0,0,0,0,0,0,20,2,2,3,4,4,20,12,3.45,8,4
387,protect_l,left,20,61,173,2.8361,17,45,2.6471,35,20,20,0,0,0,0,0,0,0,0,0,0,0,0,0,0,20,2,2,3,4,4,20,12,3.45,3,0
387,protect_s,symmetric,20,41,173,4.2195,12,45,3.75,54,20,20,0,0,0,0,0,0,0,0,0,0,0,0,0,0,20,2,2,3,4,4,20,12,3.45,2,0
388,unified,off,21,217,313,1.4424,56,80,1.4286,0,10,10,0,10,1,1,0,0,10,23,0,0,0,0,1,0,20,1,2,3,4,4,20,10,3.95,13,5
388,protect_l,left,21,113,313,2.7699,30,80,2.6667,74,20,20,0,0,1,1,0,0,0,0,0,0,0,0,1,0,20,1,2,3,4,4,20,10,3.95,9,0
388,protect_s,symmetric,21,29,313,10.7931,9,80,8.8889,52,8,8,0,12,1,13,0,0,0,0,0,0,0,0,1,0,20,1,2,3,4,4,20,10,3.95,4,0
389,unified,off,21,113,97,0.8584,30,26,0.8667,0,18,18,0,3,0,0,0,0,3,5,0,0,0,0,0,0,21,3,3,3,4,4,20,13,3.7,10,5
389,protect_l,left,21,65,97,1.4923,18,26,1.4444,52,21,21,0,0,0,0,0,0,0,0,0,0,0,0,0,0,21,3,3,3,4,4,20,13,3.7,5,0
389,protect_s,symmetric,21,17,97,5.7059,6,26,4.3333,45,3,3,0,18,0,18,0,0,0,0,0,0,0,0,0,0,21,3,3,3,4,4,20,13,3.7,1,0
390,unified,off,20,109,121,1.1101,29,32,1.1034,0,19,19,0,0,1,1,0,0,0,5,0,0,0,0,1,0,19,1,2,3,4,4,20,6,3.9,6,2
390,protect_l,left,20,93,121,1.3011,25,32,1.28,32,16,16,0,3,1,4,0,0,0,0,0,0,0,0,1,0,19,1,2,3,4,4,20,6,3.9,6,0
390,protect_s,symmetric,20,53,121,2.283,15,32,2.1333,59,14,14,0,5,1,6,0,0,0,0,0,0,0,0,1,0,19,1,2,3,4,4,20,6,3.9,3,0
391,unified,off,21,129,225,1.7442,34,58,1.7059,0,21,21,0,0,0,0,0,0,0,2,0,0,0,0,0,0,21,1,2,3,4,4,20,8,3.75,10,3
391,protect_l,left,21,129,225,1.7442,34,58,1.7059,64,21,21,0,0,0,0,0,0,0,0,0,0,0,0,0,0,21,1,2,3,4,4,20,8,3.75,8,0
391,protect_s,symmetric,21,61,225,3.6885,17,58,3.4118,68,9,9,0,12,0,12,0,0,0,0,0,0,0,0,0,0,21,1,2,3,4,4,20,8,3.75,6,0
392,unified,off,21,177,233,1.3164,46,60,1.3043,0,2,2,0,18,1,1,0,0,18,36,0,0,0,0,1,0,20,2,2,3,4,4,20,11,3.45,14,8
392,protect_l,left,21,141,233,1.6525,37,60,1.6216,64,20,20,0,0,1,1,0,0,0,0,0,0,0,0,1,0,20,2,2,3,4,4,20,11,3.45,7,0
392,protect_s,symmetric,21,69,233,3.3768,19,60,3.1579,48,7,7,0,13,1,14,0,0,0,0,0,0,0,0,1,0,20,2,2,3,4,4,20,11,3.45,6,0
393,unified,off,21,157,337,2.1465,41,86,2.0976,0,21,21,0,0,0,0,0,0,0,2,0,0,0,0,0,0,21,2,2,2,4,4,20,11,4.1,14,7
393,protect_l,left,21,149,337,2.2617,39,86,2.2051,46,20,20,0,1,0,1,0,0,0,0,0,0,0,0,0,0,21,2,2,2,4,4,20,11,4.1,7,0
393,protect_s,symmetric,21,45,337,7.4889,13,86,6.6154,43,4,4,0,17,0,17,0,0,0,0,0,0,0,0,0,0,21,2,2,2,4,4,20,11,4.1,6,0
394,unified,off,21,189,309,1.6349,49,79,1.6122,0,21,21,0,0,0,0,0,0,0,0,0,0,0,0,0,0,21,4,3,3,4,4,20,15,3.95,14,10
394,protect_l,left,21,113,309,2.7345,30,79,2.6333,39,21,21,0,0,0,0,0,0,0,0,0,0,0,0,0,0,21,4,3,3,4,4,20,15,3.95,4,0
394,protect_s,symmetric,21,21,309,14.7143,7,79,11.2857,42,5,5,0,16,0,16,0,0,0,0,0,0,0,0,0,0,21,4,3,3,4,4,20,15,3.95,2,0
395,unified,off,21,317,477,1.5047,81,121,1.4938,0,21,21,0,0,0,0,0,0,0,0,0,0,0,0,0,0,21,3,2,3,4,4,20,14,3.35,17,12
395,protect_l,left,21,121,477,3.9421,32,121,3.7812,53,19,19,0,2,0,2,0,0,0,0,0,0,0,0,0,0,21,3,2,3,4,4,20,14,3.35,3,0
395,protect_s,symmetric,21,41,477,11.6341,12,121,10.0833,65,9,9,0,12,0,12,0,0,0,0,0,0,0,0,0,0,21,3,2,3,4,4,20,14,3.35,2,0
396,unified,off,21,201,129,0.6418,52,34,0.6538,0,3,3,0,18,0,0,0,0,18,35,0,0,0,0,0,0,21,2,4,4,4,4,20,12,3.4,17,10
396,protect_l,left,21,89,129,1.4494,24,34,1.4167,53,21,21,0,0,0,0,0,0,0,0,0,0,0,0,0,0,21,2,4,4,4,4,20,12,3.4,7,0
396,protect_s,symmetric,21,25,129,5.16,8,34,4.25,47,5,5,0,16,0,16,0,0,0,0,0,0,0,0,0,0,21,2,4,4,4,4,20,12,3.4,2,0
397,unified,off,19,81,129,1.5926,22,34,1.5455,0,4,4,0,15,0,0,0,0,15,34,0,0,0,0,0,0,19,1,2,2,4,4,20,7,4.35,8,1
397,protect_l,left,19,61,129,2.1148,17,34,2.0,26,19,19,0,0,0,0,0,0,0,0,0,0,0,0,0,0,19,1,2,2,4,4,20,7,4.35,7,0
397,protect_s,symmetric,19,53,129,2.434,15,34,2.2667,40,19,19,0,0,0,0,0,0,0,0,0,0,0,0,0,0,19,1,2,2,4,4,20,7,4.35,5,0
399,unified,off,21,301,585,1.9435,77,148,1.9221,0,6,6,0,14,1,1,0,0,14,28,0,0,0,0,1,0,20,2,2,3,4,4,20,6,3.15,14,3
399,protect_l,left,21,249,585,2.3494,64,148,2.3125,101,20,20,0,0,1,1,0,0,0,0,0,0,0,0,1,0,20,2,2,3,4,4,20,6,3.15,12,0
399,protect_s,symmetric,21,101,585,5.7921,27,148,5.4815,138,12,12,0,8,1,9,0,0,0,0,0,0,0,0,1,0,20,2,2,3,4,4,20,6,3.15,6,0
400,unified,off,21,137,253,1.8467,36,65,1.8056,0,19,19,0,1,1,2,0,0,0,7,0,0,0,0,1,0,20,1,2,3,4,4,20,8,3.65,12,5
400,protect_l,left,21,93,253,2.7204,25,65,2.6,52,16,16,0,4,1,5,0,0,0,0,0,0,0,0,1,0,20,1,2,3,4,4,20,8,3.65,8,0
400,protect_s,symmetric,21,29,253,8.7241,9,65,7.2222,50,7,7,0,13,1,14,0,0,0,0,0,0,0,0,1,0,20,1,2,3,4,4,20,8,3.65,4,0
401,unified,off,20,117,297,2.5385,31,76,2.4516,0,3,3,0,17,0,0,0,0,17,43,0,0,0,0,0,0,20,5,2,2,4,4,20,15,3.45,8,6
401,protect_l,left,20,65,297,4.5692,18,76,4.2222,29,20,20,0,0,0,0,0,0,0,0,0,0,0,0,0,0,20,5,2,2,4,4,20,15,3.45,2,0
401,protect_s,symmetric,20,53,297,5.6038,15,76,5.0667,52,20,20,0,0,0,0,0,0,0,0,0,0,0,0,0,0,20,5,2,2,4,4,20,15,3.45,2,0
402,unified,off,21,157,157,1.0,41,41,1.0,0,21,21,0,0,0,0,0,0,0,7,0,0,0,0,0,0,21,1,3,3,4,4,20,8,3.9,12,3
402,protect_l,left,21,85,157,1.8471,23,41,1.7826,63,21,21,0,0,0,0,0,0,0,0,0,0,0,0,0,0,21,1,3,3,4,4,20,8,3.9,6,0
402,protect_s,symmetric,21,37,157,4.2432,11,41,3.7273,66,10,10,0,11,0,11,0,0,0,0,0,0,0,0,0,0,21,1,3,3,4,4,20,8,3.9,4,0
403,unified,off,21,85,65,0.7647,23,18,0.7826,0,21,21,0,0,0,0,0,0,0,0,0,0,0,0,0,0,21,2,2,2,4,4,20,13,3.8,8,5
403,protect_l,left,21,65,65,1.0,18,18,1.0,66,21,21,0,0,0,0,0,0,0,0,0,0,0,0,0,0,21,2,2,2,4,4,20,13,3.8,4,0
403,protect_s,symmetric,21,33,65,1.9697,10,18,1.8,63,14,14,0,7,0,7,0,0,0,0,0,0,0,0,0,0,21,2,2,2,4,4,20,13,3.8,3,0
405,unified,off,20,97,245,2.5258,26,63,2.4231,0,20,20,0,0,0,0,0,0,0,10,0,0,0,0,0,0,20,2,2,2,4,4,20,14,3.8,12,8
405,protect_l,left,20,21,245,11.6667,7,63,9.0,24,10,10,0,10,0,10,0,0,0,0,0,0,0,0,0,0,20,2,2,2,4,4,20,14,3.8,1,0
405,protect_s,symmetric,20,17,245,14.4118,6,63,10.5,37,5,5,0,15,0,15,0,0,0,0,0,0,0,0,0,0,20,2,2,2,4,4,20,14,3.8,0,0
406,unified,off,21,253,389,1.5375,65,99,1.5231,0,5,5,0,15,1,1,0,0,15,38,0,0,0,0,1,0,20,1,3,3,4,4,20,6,3.55,16,4
406,protect_l,left,21,133,389,2.9248,35,99,2.8286,61,12,12,0,8,1,9,0,0,0,0,0,0,0,0,1,0,20,1,3,3,4,4,20,6,3.55,6,0
406,protect_s,symmetric,21,33,389,11.7879,10,99,9.9,45,7,7,0,13,1,14,0,0,0,0,0,0,0,0,1,0,20,1,3,3,4,4,20,6,3.55,3,0
407,unified,off,20,153,165,1.0784,40,43,1.075,0,1,1,0,19,0,0,0,0,19,39,0,0,0,0,0,0,20,3,2,3,4,4,20,14,3.5,11,7
407,protect_l,left,20,69,165,2.3913,19,43,2.2632,63,20,20,0,0,0,0,0,0,0,0,0,0,0,0,0,0,20,3,2,3,4,4,20,14,3.5,4,0
407,protect_s,symmetric,20,37,165,4.4595,11,43,3.9091,61,18,18,0,2,0,2,0,0,0,0,0,0,0,0,0,0,20,3,2,3,4,4,20,14,3.5,1,0
408,unified,off,21,193,281,1.456,50,72,1.44,0,21,21,0,0,0,0,0,0,0,0,0,0,0,0,0,0,21,1,3,4,4,4,20,5,3.5,15,4
408,protect_l,left,21,133,281,2.1128,35,72,2.0571,40,21,21,0,0,0,0,0,0,0,0,0,0,0,0,0,0,21,1,3,4,4,4,20,5,3.5,10,0
408,protect_s,symmetric,21,57,281,4.9298,16,72,4.5,66,17,17,0,4,0,4,0,0,0,0,0,0,0,0,0,0,21,1,3,4,4,4,20,5,3.5,4,0
411,unified,off,21,57,117,2.0526,16,31,1.9375,0,21,21,0,0,0,0,0,0,0,6,0,0,0,0,0,0,21,1,2,2,4,4,20,9,3.65,3,1
411,protect_l,left,21,89,117,1.3146,24,31,1.2917,63,19,19,0,2,0,2,0,0,0,0,0,0,0,0,0,0,21,1,2,2,4,4,20,9,3.65,8,0
411,protect_s,symmetric,21,25,117,4.68,8,31,3.875,38,6,6,0,15,0,15,0,0,0,0,0,0,0,0,0,0,21,1,2,2,4,4,20,9,3.65,3,0
413,unified,off,21,249,337,1.3534,64,86,1.3438,0,10,10,0,11,0,0,0,0,11,26,0,0,0,0,0,0,21,2,2,3,4,4,20,7,3.3,12,4
413,protect_l,left,21,137,337,2.4599,36,86,2.3889,47,12,12,0,9,0,9,0,0,0,0,0,0,0,0,0,0,21,2,2,3,4,4,20,7,3.3,8,0
413,protect_s,symmetric,21,25,337,13.48,8,86,10.75,50,7,7,0,14,0,14,0,0,0,0,0,0,0,0,0,0,21,2,2,3,4,4,20,7,3.3,3,0
414,unified,off,20,177,173,0.9774,46,45,0.9783,0,19,19,0,0,1,1,0,0,0,0,0,0,0,0,1,0,19,1,3,4,4,4,20,6,3.5,11,5
414,protect_l,left,20,85,173,2.0353,23,45,1.9565,34,17,17,0,2,1,3,0,0,0,0,0,0,0,0,1,0,19,1,3,4,4,4,20,6,3.5,7,0
414,protect_s,symmetric,20,33,173,5.2424,10,45,4.5,48,10,10,0,9,1,10,0,0,0,0,0,0,0,0,1,0,19,1,3,4,4,4,20,6,3.5,3,0
415,unified,off,20,189,205,1.0847,49,53,1.0816,0,20,20,0,0,0,0,0,0,0,0,0,0,0,0,0,0,20,1,4,4,4,4,20,5,3.35,15,5
415,protect_l,left,20,113,205,1.8142,30,53,1.7667,61,18,18,0,2,0,2,0,0,0,0,0,0,0,0,0,0,20,1,4,4,4,4,20,5,3.35,9,0
415,protect_s,symmetric,20,33,205,6.2121,10,53,5.3,60,8,8,0,12,0,12,0,0,0,0,0,0,0,0,0,0,20,1,4,4,4,4,20,5,3.35,2,0
416,unified,off,20,297,381,1.2828,76,97,1.2763,0,5,5,0,15,0,0,0,0,15,32,0,0,0,0,0,0,20,2,3,3,4,4,20,10,3.85,17,9
416,protect_l,left,20,157,381,2.4268,41,97,2.3659,52,19,19,0,1,0,1,0,0,0,0,0,0,0,0,0,0,20,2,3,3,4,4,20,10,3.85,7,0
416,protect_s,symmetric,20,29,381,13.1379,9,97,10.7778,52,8,8,0,12,0,12,0,0,0,0,0,0,0,0,0,0,20,2,3,3,4,4,20,10,3.85,2,0
418,unified,off,21,337,649,1.9258,86,164,1.907,0,10,10,0,11,0,0,0,0,11,22,0,0,0,0,0,0,21,1,4,4,4,4,20,6,3.5,15,5
418,protect_l,left,21,249,649,2.6064,64,164,2.5625,54,18,18,0,3,0,3,0,0,0,0,0,0,0,0,0,0,21,1,4,4,4,4,20,6,3.5,12,0
418,protect_s,symmetric,21,37,649,17.5405,11,164,14.9091,48,7,7,0,14,0,14,0,0,0,0,0,0,0,0,0,0,21,1,4,4,4,4,20,6,3.5,3,0
419,unified,off,20,121,209,1.7273,32,54,1.6875,0,20,20,0,0,0,0,0,0,0,0,0,0,0,0,0,0,20,1,2,3,4,4,20,6,3.55,10,4
419,protect_l,left,20,65,209,3.2154,18,54,3.0,48,20,20,0,0,0,0,0,0,0,0,0,0,0,0,0,0,20,1,2,3,4,4,20,6,3.55,4,0
419,protect_s,symmetric,20,29,209,7.2069,9,54,6.0,56,9,9,0,11,0,11,0,0,0,0,0,0,0,0,0,0,20,1,2,3,4,4,20,6,3.55,4,0
420,unified,off,21,333,481,1.4444,85,122,1.4353,0,18,18,0,0,3,3,0,0,0,8,0,0,0,0,3,0,18,2,3,3,4,4,20,12,3.5,17,10
420,protect_l,left,21,113,481,4.2566,30,122,4.0667,61,17,17,0,1,3,4,0,0,0,0,0,0,0,0,3,0,18,2,3,3,4,4,20,12,3.5,4,0
420,protect_s,symmetric,21,33,481,14.5758,10,122,12.2,67,7,7,0,11,3,14,0,0,0,0,0,0,0,0,3,0,18,2,3,3,4,4,20,12,3.5,2,0
422,unified,off,20,105,169,1.6095,28,44,1.5714,0,5,5,0,15,0,0,0,0,15,29,0,0,0,0,0,0,20,2,2,2,4,4,20,8,3.75,7,3
422,protect_l,left,20,89,169,1.8989,24,44,1.8333,38,20,20,0,0,0,0,0,0,0,0,0,0,0,0,0,0,20,2,2,2,4,4,20,8,3.75,4,0
422,protect_s,symmetric,20,41,169,4.122,12,44,3.6667,55,6,6,0,14,0,14,0,0,0,0,0,0,0,0,0,0,20,2,2,2,4,4,20,8,3.75,4,0
423,unified,off,20,85,109,1.2824,23,29,1.2609,0,20,20,0,0,0,0,0,0,0,1,0,0,0,0,0,0,20,2,3,3,4,4,20,11,3.95,11,6
423,protect_l,left,20,41,109,2.6585,12,29,2.4167,46,15,15,0,5,0,5,0,0,0,0,0,0,0,0,0,0,20,2,3,3,4,4,20,11,3.95,3,0
423,protect_s,symmetric,20,25,109,4.36,8,29,3.625,57,5,5,0,15,0,15,0,0,0,0,0,0,0,0,0,0,20,2,3,3,4,4,20,11,3.95,3,0
424,unified,off,21,105,149,1.419,28,39,1.3929,0,21,21,0,0,0,0,0,0,0,8,0,0,0,0,0,0,21,2,3,3,4,4,20,9,3.55,8,1
424,protect_l,left,21,73,149,2.0411,20,39,1.95,37,19,19,0,2,0,2,0,0,0,0,0,0,0,0,0,0,21,2,3,3,4,4,20,9,3.55,6,0
424,protect_s,symmetric,21,37,149,4.027,11,39,3.5455,50,4,4,0,17,0,17,0,0,0,0,0,0,0,0,0,0,21,2,3,3,4,4,20,9,3.55,5,0
426,unified,off,21,201,329,1.6368,52,84,1.6154,0,2,2,0,19,0,0,0,0,19,40,0,0,0,0,0,0,21,2,2,2,4,4,20,12,3.95,15,9
426,protect_l,left,21,105,329,3.1333,28,84,3.0,45,21,21,0,0,0,0,0,0,0,0,0,0,0,0,0,0,21,2,2,2,4,4,20,12,3.95,6,0
426,protect_s,symmetric,21,21,329,15.6667,7,84,12.0,37,4,4,0,17,0,17,0,0,0,0,0,0,0,0,0,0,21,2,2,2,4,4,20,12,3.95,2,0
427,unified,off,20,385,629,1.6338,98,159,1.6224,0,20,20,0,0,0,0,0,0,0,0,0,0,0,0,0,0,20,2,2,2,4,4,20,11,3.55,16,9
427,protect_l,left,20,165,629,3.8121,43,159,3.6977,62,17,17,0,3,0,3,0,0,0,0,0,0,0,0,0,0,20,2,2,2,4,4,20,11,3.55,5,0
427,protect_s,symmetric,20,25,629,25.16,8,159,19.875,44,6,6,0,14,0,14,0,0,0,0,0,0,0,0,0,0,20,2,2,2,4,4,20,11,3.55,1,0
429,unified,off,21,325,797,2.4523,83,201,2.4217,0,6,6,0,15,0,0,0,0,15,30,0,0,0,0,0,0,21,2,2,2,4,4,20,11,3.25,17,10
429,protect_l,left,21,197,797,4.0457,51,201,3.9412,57,21,21,0,0,0,0,0,0,0,0,0,0,0,0,0,0,21,2,2,2,4,4,20,11,3.25,6,0
429,protect_s,symmetric,21,53,797,15.0377,15,201,13.4,64,11,11,0,10,0,10,0,0,0,0,0,0,0,0,0,0,21,2,2,2,4,4,20,11,3.25,5,0
430,unified,off,21,133,213,1.6015,35,55,1.5714,0,21,21,0,0,0,0,0,0,0,4,0,0,0,0,0,0,21,1,2,2,4,4,20,7,3.45,9,3
430,protect_l,left,21,121,213,1.7603,32,55,1.7188,64,21,21,0,0,0,0,0,0,0,0,0,0,0,0,0,0,21,1,2,2,4,4,20,7,3.45,8,0
430,protect_s,symmetric,21,69,213,3.087,19,55,2.8947,78,19,19,0,2,0,2,0,0,0,0,0,0,0,0,0,0,21,1,2,2,4,4,20,7,3.45,6,0
431,unified,off,21,173,201,1.1618,45,52,1.1556,0,6,6,0,15,0,0,0,0,15,30,0,0,0,0,0,0,21,1,3,5,4,4,20,7,3.9,14,5
431,protect_l,left,21,113,201,1.7788,30,52,1.7333,46,16,16,0,5,0,5,0,0,0,0,0,0,0,0,0,0,21,1,3,5,4,4,20,7,3.9,9,0
431,protect_s,symmetric,21,41,201,4.9024,12,52,4.3333,50,10,10,0,11,0,11,0,0,0,0,0,0,0,0,0,0,21,1,3,5,4,4,20,7,3.9,4,0
432,unified,off,20,373,421,1.1287,95,107,1.1263,0,4,4,0,15,1,1,0,0,15,30,0,0,0,0,1,0,19,1,3,3,4,4,20,6,3.25,17,4
432,protect_l,left,20,169,421,2.4911,44,107,2.4318,66,19,19,0,0,1,1,0,0,0,0,0,0,0,0,1,0,19,1,3,3,4,4,20,6,3.25,12,0
432,protect_s,symmetric,20,49,421,8.5918,14,107,7.6429,66,10,10,0,9,1,10,0,0,0,0,0,0,0,0,1,0,19,1,3,3,4,4,20,6,3.25,6,0
433,unified,off,21,157,225,1.4331,41,58,1.4146,0,5,5,0,16,0,0,0,0,16,37,0,0,0,0,0,0,21,1,2,3,4,4,20,6,4.1,13,3
433,protect_l,left,21,93,225,2.4194,25,58,2.32,50,9,9,0,12,0,12,0,0,0,0,0,0,0,0,0,0,21,1,2,3,4,4,20,6,4.1,9,0
433,protect_s,symmetric,21,33,225,6.8182,10,58,5.8,57,11,11,0,10,0,10,0,0,0,0,0,0,0,0,0,0,21,1,2,3,4,4,20,6,4.1,2,0
435,unified,off,20,241,265,1.0996,62,68,1.0968,0,19,19,0,0,1,1,0,0,0,0,0,0,0,0,1,0,19,1,3,3,4,4,20,6,4.05,16,4
435,protect_l,left,20,121,265,2.1901,32,68,2.125,47,19,19,0,0,1,1,0,0,0,0,0,0,0,0,1,0,19,1,3,3,4,4,20,6,4.05,12,0
435,protect_s,symmetric,20,21,265,12.619,7,68,9.7143,42,5,5,0,14,1,15,0,0,0,0,0,0,0,0,1,0,19,1,3,3,4,4,20,6,4.05,2,0
436,unified,off,21,225,525,2.3333,58,133,2.2931,0,21,21,0,0,0,0,0,0,0,3,0,0,0,0,0,0,21,3,2,3,4,4,20,12,3.55,13,8
436,protect_l,left,21,117,525,4.4872,31,133,4.2903,32,8,8,0,13,0,13,0,0,0,0,0,0,0,0,0,0,21,3,2,3,4,4,20,12,3.55,4,0
436,protect_s,symmetric,21,17,525,30.8824,6,133,22.1667,36,4,4,0,17,0,17,0,0,0,0,0,0,0,0,0,0,21,3,2,3,4,4,20,12,3.55,1,0
437,unified,off,21,297,513,1.7273,76,130,1.7105,0,20,20,0,0,1,1,0,0,0,0,0,0,0,0,1,0,20,2,2,3,4,4,20,10,3.45,17,7
437,protect_l,left,21,161,513,3.1863,42,130,3.0952,64,11,11,0,9,1,10,0,0,0,0,0,0,0,0,1,0,20,2,2,3,4,4,20,10,3.45,9,0
437,protect_s,symmetric,21,33,513,15.5455,10,130,13.0,55,7,7,0,13,1,14,0,0,0,0,0,0,0,0,1,0,20,2,2,3,4,4,20,10,3.45,2,0
438,unified,off,21,169,309,1.8284,44,79,1.7955,0,4,4,0,17,0,0,17,0,0,58,0,0,0,0,0,0,21,1,2,3,4,4,20,5,3.7,17,3
438,protect_l,left,21,125,309,2.472,33,79,2.3939,44,11,11,0,10,0,10,0,0,0,0,0,0,0,0,0,0,21,1,2,3,4,4,20,5,3.7,13,0
438,protect_s,symmetric,21,49,309,6.3061,14,79,5.6429,65,12,12,0,9,0,9,0,0,0,0,0,0,0,0,0,0,21,1,2,3,4,4,20,5,3.7,4,0
439,unified,off,21,105,121,1.1524,28,32,1.1429,0,21,21,0,0,0,0,0,0,0,0,0,0,0,0,0,0,21,1,2,3,4,4,20,7,3.25,10,1
439,protect_l,left,21,89,121,1.3596,24,32,1.3333,46,21,21,0,0,0,0,0,0,0,0,0,0,0,0,0,0,21,1,2,3,4,4,20,7,3.25,8,0
439,protect_s,symmetric,21,53,121,2.283,15,32,2.1333,45,21,21,0,0,0,0,0,0,0,0,0,0,0,0,0,0,21,1,2,3,4,4,20,7,3.25,5,0
440,unified,off,21,117,189,1.6154,31,49,1.5806,0,14,14,0,0,7,7,0,0,0,1,0,0,0,0,7,0,14,2,2,2,4,4,20,9,3.25,11,3
440,protect_l,left,21,61,189,3.0984,17,49,2.8824,28,14,14,0,0,7,7,0,0,0,0,0,0,0,0,7,0,14,2,2,2,4,4,20,9,3.25,4,0
440,protect_s,symmetric,21,29,189,6.5172,9,49,5.4444,43,11,11,0,3,7,10,0,0,0,0,0,0,0,0,7,0,14,2,2,2,4,4,20,9,3.25,3,0
441,unified,off,21,141,273,1.9362,37,70,1.8919,0,16,16,0,2,3,5,0,0,0,2,0,0,0,0,3,0,18,1,2,2,4,4,20,7,3.65,13,6
441,protect_l,left,21,69,273,3.9565,19,70,3.6842,31,17,17,0,1,3,4,0,0,0,0,0,0,0,0,3,0,18,1,2,2,4,4,20,7,3.65,6,0
441,protect_s,symmetric,21,21,273,13.0,7,70,10.0,36,10,10,0,8,3,11,0,0,0,0,0,0,0,0,3,0,18,1,2,2,4,4,20,7,3.65,2,0
442,unified,off,21,285,413,1.4491,73,105,1.4384,0,20,20,0,1,0,1,0,0,0,12,0,0,0,0,0,0,21,1,3,3,4,4,20,7,3.7,15,5
442,protect_l,left,21,121,413,3.4132,32,105,3.2812,54,19,19,0,2,0,2,0,0,0,0,0,0,0,0,0,0,21,1,3,3,4,4,20,7,3.7,9,0
442,protect_s,symmetric,21,41,413,10.0732,12,105,8.75,53,11,11,0,10,0,10,0,0,0,0,0,0,0,0,0,0,21,1,3,3,4,4,20,7,3.7,3,0
443,unified,off,21,193,205,1.0622,50,53,1.06,0,21,21,0,0,0,0,0,0,0,2,0,0,0,0,0,0,21,2,2,3,4,4,20,14,4.1,13,9
443,protect_l,left,21,77,205,2.6623,21,53,2.5238,38,20,20,0,1,0,1,0,0,0,0,0,0,0,0,0,0,21,2,2,3,4,4,20,14,4.1,6,0
443,protect_s,symmetric,21,25,205,8.2,8,53,6.625,40,3,3,0,18,0,18,0,0,0,0,0,0,0,0,0,0,21,2,2,3,4,4,20,14,4.1,2,0
444,unified,off,21,441,521,1.1814,112,132,1.1786,0,21,21,0,0,0,0,0,0,0,17,0,0,0,0,0,0,21,1,3,5,4,4,20,10,3.85,20,10
444,protect_l,left,21,169,521,3.0828,44,132,3.0,62,19,19,0,2,0,2,0,0,0,0,0,0,0,0,0,0,21,1,3,5,4,4,20,10,3.85,9,0
444,protect_s,symmetric,21,45,521,11.5778,13,132,10.1538,55,6,6,0,15,0,15,0,0,0,0,0,0,0,0,0,0,21,1,3,5,4,4,20,10,3.85,5,0
445,unified,off,21,205,377,1.839,53,96,1.8113,0,2,2,0,19,0,0,0,0,19,38,0,0,0,0,0,0,21,4,2,2,4,4,20,13,3.55,12,7
445,protect_l,left,21,149,377,2.5302,39,96,2.4615,70,21,21,0,0,0,0,0,0,0,0,0,0,0,0,0,0,21,4,2,2,4,4,20,13,3.55,5,0
445,protect_s,symmetric,21,41,377,9.1951,12,96,8.0,82,8,8,0,13,0,13,0,0,0,0,0,0,0,0,0,0,21,4,2,2,4,4,20,13,3.55,4,0
446,unified,off,21,197,321,1.6294,51,82,1.6078,0,21,21,0,0,0,0,0,0,0,2,0,0,0,0,0,0,21,1,3,3,4,4,20,4,3.7,15,4
446,protect_l,left,21,185,321,1.7351,48,82,1.7083,52,21,21,0,0,0,0,0,0,0,0,0,0,0,0,0,0,21,1,3,3,4,4,20,4,3.7,12,0
446,protect_s,symmetric,21,41,321,7.8293,12,82,6.8333,67,11,11,0,10,0,10,0,0,0,0,0,0,0,0,0,0,21,1,3,3,4,4,20,4,3.7,3,0
449,unified,off,21,85,233,2.7412,23,60,2.6087,0,14,14,0,7,0,0,0,0,7,16,0,0,0,0,0,0,21,1,2,2,4,4,20,9,4.2,12,6
449,protect_l,left,21,69,233,3.3768,19,60,3.1579,49,18,18,0,3,0,3,0,0,0,0,0,0,0,0,0,0,21,1,2,2,4,4,20,9,4.2,8,0
449,protect_s,symmetric,21,37,233,6.2973,11,60,5.4545,56,10,10,0,11,0,11,0,0,0,0,0,0,0,0,0,0,21,1,2,2,4,4,20,9,4.2,5,0
450,unified,off,21,181,257,1.4199,47,66,1.4043,0,21,21,0,0,0,0,0,0,0,0,0,0,0,0,0,0,21,2,2,3,4,4,20,9,3.4,11,3
450,protect_l,left,21,121,257,2.124,32,66,2.0625,65,21,21,0,0,0,0,0,0,0,0,0,0,0,0,0,0,21,2,2,3,4,4,20,9,3.4,8,0
450,protect_s,symmetric,21,33,257,7.7879,10,66,6.6,64,10,10,0,11,0,11,0,0,0,0,0,0,0,0,0,0,21,2,2,3,4,4,20,9,3.4,3,0
451,unified,off,21,301,209,0.6944,77,54,0.7013,0,20,20,0,0,1,1,0,0,0,7,0,0,0,0,1,0,20,3,3,3,4,4,20,14,3.65,13,8
451,protect_l,left,21,113,209,1.8496,30,54,1.8,38,14,14,0,6,1,7,0,0,0,0,0,0,0,0,1,0,20,3,3,3,4,4,20,14,3.65,3,0
451,protect_s,symmetric,21,13,209,16.0769,5,54,10.8,31,3,3,0,17,1,18,0,0,0,0,0,0,0,0,1,0,20,3,3,3,4,4,20,14,3.65,0,0
453,unified,off,21,269,381,1.4164,69,97,1.4058,0,11,11,0,10,0,0,0,0,10,20,0,0,0,0,0,0,21,1,2,4,4,4,20,5,3.2,16,4
453,protect_l,left,21,141,381,2.7021,37,97,2.6216,55,20,20,0,1,0,1,0,0,0,0,0,0,0,0,0,0,21,1,2,4,4,4,20,5,3.2,12,0
453,protect_s,symmetric,21,61,381,6.2459,17,97,5.7059,71,12,12,0,9,0,9,0,0,0,0,0,0,0,0,0,0,21,1,2,4,4,4,20,5,3.2,6,0
455,unified,off,21,73,201,2.7534,20,52,2.6,0,21,21,0,0,0,0,0,0,0,0,0,0,0,0,0,0,21,3,2,3,4,4,20,13,3.45,6,1
455,protect_l,left,21,89,201,2.2584,24,52,2.1667,63,21,21,0,0,0,0,0,0,0,0,0,0,0,0,0,0,21,3,2,3,4,4,20,13,3.45,5,0
455,protect_s,symmetric,21,81,201,2.4815,22,52,2.3636,85,21,21,0,0,0,0,0,0,0,0,0,0,0,0,0,0,21,3,2,3,4,4,20,13,3.45,4,0
456,unified,off,20,429,497,1.1585,109,126,1.156,0,16,16,0,2,2,4,0,0,0,5,0,0,0,0,2,0,18,1,4,5,4,4,20,7,3.35,18,6
456,protect_l,left,20,137,497,3.6277,36,126,3.5,36,6,6,0,12,2,14,0,0,0,0,0,0,0,0,2,0,18,1,4,5,4,4,20,7,3.35,10,0
456,protect_s,symmetric,20,21,497,23.6667,7,126,18.0,37,5,5,0,13,2,15,0,0,0,0,0,0,0,0,2,0,18,1,4,5,4,4,20,7,3.35,1,0
457,unified,off,21,201,293,1.4577,52,75,1.4423,0,20,20,0,0,1,1,0,0,0,0,0,0,0,0,1,0,20,1,2,3,4,4,20,5,3.05,15,3
457,protect_l,left,21,113,293,2.5929,30,75,2.5,46,14,14,0,6,1,7,0,0,0,0,0,0,0,0,1,0,20,1,2,3,4,4,20,5,3.05,11,0
457,protect_s,symmetric,21,69,293,4.2464,19,75,3.9474,80,12,12,0,8,1,9,0,0,0,0,0,0,0,0,1,0,20,1,2,3,4,4,20,5,3.05,8,0
458,unified,off,21,233,241,1.0343,60,62,1.0333,0,20,20,0,0,1,1,0,0,0,2,0,0,0,0,1,0,20,1,3,3,4,4,20,6,3.85,15,2
458,protect_l,left,21,129,241,1.8682,34,62,1.8235,55,20,20,0,0,1,1,0,0,0,0,0,0,0,0,1,0,20,1,3,3,4,4,20,6,3.85,9,0
458,protect_s,symmetric,21,29,241,8.3103,9,62,6.8889,40,8,8,0,12,1,13,0,0,0,0,0,0,0,0,1,0,20,1,3,3,4,4,20,6,3.85,3,0
459,unified,off,21,105,137,1.3048,28,36,1.2857,0,14,14,0,2,5,7,0,0,0,21,0,0,0,0,5,0,16,1,2,3,4,4,20,10,3.6,12,6
459,protect_l,left,21,53,137,2.5849,15,36,2.4,28,5,5,0,11,5,16,0,0,0,0,0,0,0,0,5,0,16,1,2,3,4,4,20,10,3.6,4,0
459,protect_s,symmetric,21,17,137,8.0588,6,36,6.0,35,6,6,0,10,5,15,0,0,0,0,0,0,0,0,5,0,16,1,2,3,4,4,20,10,3.6,1,0
460,unified,off,21,189,389,2.0582,49,99,2.0204,0,19,19,0,0,2,2,0,0,0,0,0,0,0,0,2,0,19,1,2,2,4,4,20,5,3.65,14,3
460,protect_l,left,21,121,389,3.2149,32,99,3.0938,43,12,12,0,7,2,9,0,0,0,0,0,0,0,0,2,0,19,1,2,2,4,4,20,5,3.65,10,0
460,protect_s,symmetric,21,49,389,7.9388,14,99,7.0714,70,12,12,0,7,2,9,0,0,0,0,0,0,0,0,2,0,19,1,2,2,4,4,20,5,3.65,4,0
461,unified,off,21,97,137,1.4124,26,36,1.3846,0,21,21,0,0,0,0,0,0,0,0,0,0,0,0,0,0,21,2,3,3,4,4,20,13,4.0,9,4
461,protect_l,left,21,73,137,1.8767,20,36,1.8,64,21,21,0,0,0,0,0,0,0,0,0,0,0,0,0,0,21,2,3,3,4,4,20,13,4.0,6,0
461,protect_s,symmetric,21,17,137,8.0588,6,36,6.0,39,4,4,0,17,0,17,0,0,0,0,0,0,0,0,0,0,21,2,3,3,4,4,20,13,4.0,1,0
462,unified,off,21,417,609,1.4604,106,154,1.4528,0,3,3,0,18,0,0,0,0,18,38,0,0,0,0,0,0,21,3,3,3,4,4,20,11,3.1,17,9
462,protect_l,left,21,205,609,2.9707,53,154,2.9057,67,21,21,0,0,0,0,0,0,0,0,0,0,0,0,0,0,21,3,3,3,4,4,20,11,3.1,8,0
462,protect_s,symmetric,21,53,609,11.4906,15,154,10.2667,82,10,10,0,11,0,11,0,0,0,0,0,0,0,0,0,0,21,3,3,3,4,4,20,11,3.1,4,0
463,unified,off,19,77,133,1.7273,21,35,1.6667,0,19,19,0,0,0,0,0,0,0,0,0,0,0,0,0,0,19,1,2,2,4,4,20,7,3.3,7,2
463,protect_l,left,19,69,133,1.9275,19,35,1.8421,47,19,19,0,0,0,0,0,0,0,0,0,0,0,0,0,0,19,1,2,2,4,4,20,7,3.3,5,0
463,protect_s,symmetric,19,57,133,2.3333,16,35,2.1875,70,18,18,0,1,0,1,0,0,0,0,0,0,0,0,0,0,19,1,2,2,4,4,20,7,3.3,5,0
464,unified,off,21,161,213,1.323,42,55,1.3095,0,20,20,0,0,1,1,0,0,0,1,0,0,0,0,1,0,20,1,2,3,4,4,20,9,3.8,13,5
464,protect_l,left,21,89,213,2.3933,24,55,2.2917,82,20,20,0,0,1,1,0,0,0,0,0,0,0,0,1,0,20,1,2,3,4,4,20,9,3.8,5,0
464,protect_s,symmetric,21,37,213,5.7568,11,55,5.0,72,7,7,0,13,1,14,0,0,0,0,0,0,0,0,1,0,20,1,2,3,4,4,20,9,3.8,3,0
465,unified,off,21,313,377,1.2045,80,96,1.2,0,3,3,0,17,1,1,0,0,17,33,0,0,0,0,1,0,20,2,3,4,4,4,20,11,4.0,15,9
465,protect_l,left,21,161,377,2.3416,42,96,2.2857,51,14,14,0,6,1,7,0,0,0,0,0,0,0,0,1,0,20,2,3,4,4,4,20,11,4.0,7,0
465,protect_s,symmetric,21,21,377,17.9524,7,96,13.7143,38,4,4,0,16,1,17,0,0,0,0,0,0,0,0,1,0,20,2,3,4,4,4,20,11,4.0,1,0
466,unified,off,21,261,293,1.1226,67,75,1.1194,0,21,21,0,0,0,0,0,0,0,2,0,0,0,0,0,0,21,1,3,4,4,4,20,9,3.95,16,7
466,protect_l,left,21,97,293,3.0206,26,75,2.8846,51,6,6,0,15,0,15,0,0,0,0,0,0,0,0,0,0,21,1,3,4,4,4,20,9,3.95,8,0
466,protect_s,symmetric,21,21,293,13.9524,7,75,10.7143,42,8,8,0,13,0,13,0,0,0,0,0,0,0,0,0,0,21,1,3,4,4,4,20,9,3.95,2,0
467,unified,off,21,185,509,2.7514,48,129,2.6875,0,6,6,0,14,1,1,0,0,14,29,0,0,0,0,1,0,20,1,2,2,4,4,20,8,3.9,14,4
467,protect_l,left,21,141,509,3.6099,37,129,3.4865,35,19,19,0,1,1,2,0,0,0,0,0,0,0,0,1,0,20,1,2,2,4,4,20,8,3.9,9,0
467,protect_s,symmetric,21,45,509,11.3111,13,129,9.9231,40,7,7,0,13,1,14,0,0,0,0,0,0,0,0,1,0,20,1,2,2,4,4,20,8,3.9,5,0
468,unified,off,21,113,89,0.7876,30,24,0.8,0,15,15,0,6,0,0,0,0,6,11,0,0,0,0,0,0,21,1,3,4,4,4,20,11,4.25,13,6
468,protect_l,left,21,53,89,1.6792,15,24,1.6,36,16,16,0,5,0,5,0,0,0,0,0,0,0,0,0,0,21,1,3,4,4,4,20,11,4.25,5,0
468,protect_s,symmetric,21,17,89,5.2353,6,24,4.0,41,3,3,0,18,0,18,0,0,0,0,0,0,0,0,0,0,21,1,3,4,4,4,20,11,4.25,1,0
469,unified,off,21,141,241,1.7092,37,62,1.6757,0,9,9,0,12,0,0,0,0,12,32,0,0,0,0,0,0,21,2,2,2,4,4,20,9,3.75,14,7
469,protect_l,left,21,109,241,2.211,29,62,2.1379,36,20,20,0,1,0,1,0,0,0,0,0,0,0,0,0,0,21,2,2,2,4,4,20,9,3.75,6,0
469,protect_s,symmetric,21,77,241,3.1299,21,62,2.9524,73,11,11,0,10,0,10,0,0,0,0,0,0,0,0,0,0,21,2,2,2,4,4,20,9,3.75,4,0
472,unified,off,21,185,209,1.1297,48,54,1.125,0,21,21,0,0,0,0,0,0,0,5,0,0,0,0,0,0,21,1,3,3,4,4,20,8,4.0,14,5
472,protect_l,left,21,77,209,2.7143,21,54,2.5714,35,15,15,0,6,0,6,0,0,0,0,0,0,0,0,0,0,21,1,3,3,4,4,20,8,4.0,5,0
472,protect_s,symmetric,21,37,209,5.6486,11,54,4.9091,45,6,6,0,15,0,15,0,0,0,0,0,0,0,0,0,0,21,1,3,3,4,4,20,8,4.0,4,0
473,unified,off,21,129,133,1.031,34,35,1.0294,0,21,21,0,0,0,0,0,0,0,5,0,0,0,0,0,0,21,1,3,4,4,4,20,9,3.6,12,4
473,protect_l,left,21,121,133,1.0992,32,35,1.0938,65,21,21,0,0,0,0,0,0,0,0,0,0,0,0,0,0,21,1,3,4,4,4,20,9,3.6,7,0
473,protect_s,symmetric,21,73,133,1.8219,20,35,1.75,81,19,19,0,2,0,2,0,0,0,0,0,0,0,0,0,0,21,1,3,4,4,4,20,9,3.6,5,0
474,unified,off,21,173,241,1.3931,45,62,1.3778,0,21,21,0,0,0,0,0,0,0,2,0,0,0,0,0,0,21,4,2,3,4,4,20,16,3.8,9,6
474,protect_l,left,21,77,241,3.1299,21,62,2.9524,31,21,21,0,0,0,0,0,0,0,0,0,0,0,0,0,0,21,4,2,3,4,4,20,16,3.8,2,0
474,protect_s,symmetric,21,53,241,4.5472,15,62,4.1333,52,15,15,0,6,0,6,0,0,0,0,0,0,0,0,0,0,21,4,2,3,4,4,20,16,3.8,1,0
475,unified,off,21,205,277,1.3512,53,71,1.3396,0,21,21,0,0,0,0,0,0,0,0,0,0,0,0,0,0,21,1,2,3,4,4,20,7,3.9,14,5
475,protect_l,left,21,109,277,2.5413,29,71,2.4483,55,17,17,0,4,0,4,0,0,0,0,0,0,0,0,0,0,21,1,2,3,4,4,20,7,3.9,8,0
475,protect_s,symmetric,21,25,277,11.08,8,71,8.875,46,7,7,0,14,0,14,0,0,0,0,0,0,0,0,0,0,21,1,2,3,4,4,20,7,3.9,3,0
476,unified,off,21,89,161,1.809,24,42,1.75,0,21,21,0,0,0,0,0,0,0,1,0,0,0,0,0,0,21,2,2,3,4,4,20,12,4.0,10,5
476,protect_l,left,21,37,161,4.3514,11,42,3.8182,33,15,15,0,6,0,6,0,0,0,0,0,0,0,0,0,0,21,2,2,3,4,4,20,12,4.0,4,0
476,protect_s,symmetric,21,13,161,12.3846,5,42,8.4,33,6,6,0,15,0,15,0,0,0,0,0,0,0,0,0,0,21,2,2,3,4,4,20,12,4.0,0,0
478,unified,off,21,153,301,1.9673,40,77,1.925,0,3,3,0,18,0,0,0,0,18,42,0,0,0,0,0,0,21,1,3,3,4,4,20,7,3.7,12,5
478,protect_l,left,21,109,301,2.7615,29,77,2.6552,35,19,19,0,2,0,2,0,0,0,0,0,0,0,0,0,0,21,1,3,3,4,4,20,7,3.7,5,0
478,protect_s,symmetric,21,37,301,8.1351,11,77,7.0,61,9,9,0,12,0,12,0,0,0,0,0,0,0,0,0,0,21,1,3,3,4,4,20,7,3.7,3,0
480,unified,off,20,201,253,1.2587,52,65,1.25,0,11,11,0,9,0,0,0,0,9,17,0,0,0,0,0,0,20,1,2,4,4,4,20,6,4.1,15,5
480,protect_l,left,20,129,253,1.9612,34,65,1.9118,53,20,20,0,0,0,0,0,0,0,0,0,0,0,0,0,0,20,1,2,4,4,4,20,6,4.1,8,0
480,protect_s,symmetric,20,45,253,5.6222,13,65,5.0,64,12,12,0,8,0,8,0,0,0,0,0,0,0,0,0,0,20,1,2,4,4,4,20,6,4.1,7,0
481,unified,off,21,209,173,0.8278,54,45,0.8333,0,17,17,0,0,4,4,0,0,0,12,0,0,0,0,4,0,17,2,2,2,4,4,20,11,3.8,14,9
481,protect_l,left,21,97,173,1.7835,26,45,1.7308,26,10,10,0,7,4,11,0,0,0,0,0,0,0,0,4,0,17,2,2,2,4,4,20,11,3.8,5,0
481,protect_s,symmetric,21,25,173,6.92,8,45,5.625,37,5,5,0,12,4,16,0,0,0,0,0,0,0,0,4,0,17,2,2,2,4,4,20,11,3.8,3,0
482,unified,off,20,113,157,1.3894,30,41,1.3667,0,18,18,0,2,0,0,0,0,2,4,0,0,0,0,0,0,20,1,2,3,4,4,20,5,3.1,12,1
482,protect_l,left,20,81,157,1.9383,22,41,1.8636,63,20,20,0,0,0,0,0,0,0,0,0,0,0,0,0,0,20,1,2,3,4,4,20,5,3.1,8,0
482,protect_s,symmetric,20,53,157,2.9623,15,41,2.7333,75,14,14,0,6,0,6,0,0,0,0,0,0,0,0,0,0,20,1,2,3,4,4,20,5,3.1,6,0
483,unified,off,21,217,309,1.424,56,79,1.4107,0,2,2,0,17,2,2,0,0,17,34,0,0,0,0,2,0,19,3,2,2,4,4,20,14,3.6,15,12
483,protect_l,left,21,97,309,3.1856,26,79,3.0385,48,19,19,0,0,2,2,0,0,0,0,0,0,0,0,2,0,19,3,2,2,4,4,20,14,3.6,4,0
483,protect_s,symmetric,21,25,309,12.36,8,79,9.875,53,6,6,0,13,2,15,0,0,0,0,0,0,0,0,2,0,19,3,2,2,4,4,20,14,3.6,1,0
484,unified,off,21,237,345,1.4557,61,88,1.4426,0,12,12,0,4,5,9,0,0,0,5,0,0,0,0,5,0,16,2,2,4,4,4,20,9,3.15,14,4
484,protect_l,left,21,113,345,3.0531,30,88,2.9333,65,8,8,0,8,5,13,0,0,0,0,0,0,0,0,5,0,16,2,2,4,4,4,20,9,3.15,10,0
484,protect_s,symmetric,21,49,345,7.0408,14,88,6.2857,88,10,10,0,6,5,11,0,0,0,0,0,0,0,0,5,0,16,2,2,4,4,4,20,9,3.15,4,0
485,unified,off,21,97,149,1.5361,26,39,1.5,0,21,21,0,0,0,0,0,0,0,4,0,0,0,0,0,0,21,3,2,2,4,4,20,15,3.75,8,5
485,protect_l,left,21,53,149,2.8113,15,39,2.6,24,21,21,0,0,0,0,0,0,0,0,0,0,0,0,0,0,21,3,2,2,4,4,20,15,3.75,2,0
485,protect_s,symmetric,21,21,149,7.0952,7,39,5.5714,33,3,3,0,18,0,18,0,0,0,0,0,0,0,0,0,0,21,3,2,2,4,4,20,15,3.75,2,0
486,unified,off,21,73,165,2.2603,20,43,2.15,0,16,16,0,0,5,5,0,0,0,0,0,0,0,0,5,0,16,4,2,2,4,4,20,13,3.2,9,5
486,protect_l,left,21,45,165,3.6667,13,43,3.3077,40,16,16,0,0,5,5,0,0,0,0,0,0,0,0,5,0,16,4,2,2,4,4,20,13,3.2,4,0
486,protect_s,symmetric,21,37,165,4.4595,11,43,3.9091,59,3,3,0,13,5,18,0,0,0,0,0,0,0,0,5,0,16,4,2,2,4,4,20,13,3.2,4,0
487,unified,off,21,165,277,1.6788,43,71,1.6512,0,21,21,0,0,0,0,0,0,0,8,0,0,0,0,0,0,21,1,2,3,4,4,20,9,3.55,11,7
487,protect_l,left,21,69,277,4.0145,19,71,3.7368,53,21,21,0,0,0,0,0,0,0,0,0,0,0,0,0,0,21,1,2,3,4,4,20,9,3.55,4,0
487,protect_s,symmetric,21,49,277,5.6531,14,71,5.0714,74,14,14,0,7,0,7,0,0,0,0,0,0,0,0,0,0,21,1,2,3,4,4,20,9,3.55,3,0
491,unified,off,21,301,397,1.3189,77,101,1.3117,0,21,21,0,0,0,0,0,0,0,3,0,0,0,0,0,0,21,1,3,3,4,4,20,5,3.85,16,5
491,protect_l,left,21,165,397,2.4061,43,101,2.3488,54,14,14,0,7,0,7,0,0,0,0,0,0,0,0,0,0,21,1,3,3,4,4,20,5,3.85,11,0
491,protect_s,symmetric,21,17,397,23.3529,6,101,16.8333,41,7,7,0,14,0,14,0,0,0,0,0,0,0,0,0,0,21,1,3,3,4,4,20,5,3.85,1,0
492,unified,off,21,229,281,1.2271,59,72,1.2203,0,8,8,0,9,4,13,0,0,0,7,0,0,0,0,4,0,17,2,3,3,4,4,20,11,4.25,17,9
492,protect_l,left,21,85,281,3.3059,23,72,3.1304,35,15,15,0,2,4,6,0,0,0,0,0,0,0,0,4,0,17,2,3,3,4,4,20,11,4.25,6,0
492,protect_s,symmetric,21,21,281,13.381,7,72,10.2857,39,6,6,0,11,4,15,0,0,0,0,0,0,0,0,4,0,17,2,3,3,4,4,20,11,4.25,2,0
493,unified,off,20,249,321,1.2892,64,82,1.2812,0,20,20,0,0,0,0,0,0,0,12,0,0,0,0,0,0,20,1,2,3,4,4,20,11,3.35,13,7
493,protect_l,left,20,77,321,4.1688,21,82,3.9048,37,19,19,0,1,0,1,0,0,0,0,0,0,0,0,0,0,20,1,2,3,4,4,20,11,3.35,4,0
493,protect_s,symmetric,20,21,321,15.2857,7,82,11.7143,40,7,7,0,13,0,13,0,0,0,0,0,0,0,0,0,0,20,1,2,3,4,4,20,11,3.35,1,0
495,unified,off,21,345,473,1.371,88,120,1.3636,0,18,18,0,1,2,3,0,0,0,4,0,0,0,0,2,0,19,3,3,4,4,4,20,15,3.05,14,10
495,protect_l,left,21,141,473,3.3546,37,120,3.2432,57,15,15,0,4,2,6,0,0,0,0,0,0,0,0,2,0,19,3,3,4,4,4,20,15,3.05,3,0
495,protect_s,symmetric,21,13,473,36.3846,5,120,24.0,36,3,3,0,16,2,18,0,0,0,0,0,0,0,0,2,0,19,3,3,4,4,4,20,15,3.05,0,0
496,unified,off,21,133,113,0.8496,35,30,0.8571,0,21,21,0,0,0,0,0,0,0,1,0,0,0,0,0,0,21,1,3,4,4,4,20,8,3.7,15,5
496,protect_l,left,21,37,113,3.0541,11,30,2.7273,24,21,21,0,0,0,0,0,0,0,0,0,0,0,0,0,0,21,1,3,4,4,4,20,8,3.7,3,0
496,protect_s,symmetric,21,17,113,6.6471,6,30,5.0,33,5,5,0,16,0,16,0,0,0,0,0,0,0,0,0,0,21,1,3,4,4,4,20,8,3.7,1,0
497,unified,off,21,93,197,2.1183,25,51,2.04,0,3,3,0,18,0,0,0,0,18,35,0,0,0,0,0,0,21,2,2,3,4,4,20,8,3.65,10,3
497,protect_l,left,21,69,197,2.8551,19,51,2.6842,60,20,20,0,1,0,1,0,0,0,0,0,0,0,0,0,0,21,2,2,3,4,4,20,8,3.65,8,0
497,protect_s,symmetric,21,45,197,4.3778,13,51,3.9231,73,7,7,0,14,0,14,0,0,0,0,0,0,0,0,0,0,21,2,2,3,4,4,20,8,3.65,4,0
499,unified,off,21,133,273,2.0526,35,70,2.0,0,21,21,0,0,0,0,0,0,0,4,0,0,0,0,0,0,21,1,4,4,4,4,20,6,3.75,10,1
499,protect_l,left,21,81,273,3.3704,22,70,3.1818,25,11,11,0,10,0,10,0,0,0,0,0,0,0,0,0,0,21,1,4,4,4,4,20,6,3.75,6,0
499,protect_s,symmetric,21,29,273,9.4138,9,70,7.7778,50,8,8,0,13,0,13,0,0,0,0,0,0,0,0,0,0,21,1,4,4,4,4,20,6,3.75,2,0
501,unified,off,21,233,313,1.3433,60,80,1.3333,0,1,1,0,20,0,0,0,0,20,45,0,0,0,0,0,0,21,4,2,2,4,4,20,16,3.55,13,10
501,protect_l,left,21,89,313,3.5169,24,80,3.3333,37,15,15,0,6,0,6,0,0,0,0,0,0,0,0,0,0,21,4,2,2,4,4,20,16,3.55,1,0
501,protect_s,symmetric,21,17,313,18.4118,6,80,13.3333,42,2,2,0,19,0,19,0,0,0,0,0,0,0,0,0,0,21,4,2,2,4,4,20,16,3.55,1,0
502,unified,off,21,249,301,1.2088,64,77,1.2031,0,21,21,0,0,0,0,0,0,0,0,0,0,0,0,0,0,21,1,3,4,4,4,20,8,3.7,17,8
502,protect_l,left,21,101,301,2.9802,27,77,2.8519,59,19,19,0,2,0,2,0,0,0,0,0,0,0,0,0,0,21,1,3,4,4,4,20,8,3.7,9,0
502,protect_s,symmetric,21,25,301,12.04,8,77,9.625,53,8,8,0,13,0,13,0,0,0,0,0,0,0,0,0,0,21,1,3,4,4,4,20,8,3.7,3,0
503,unified,off,21,277,365,1.3177,71,93,1.3099,0,19,19,0,0,2,2,0,0,0,5,0,0,0,0,2,0,19,1,3,4,4,4,20,7,3.3,16,7
503,protect_l,left,21,177,365,2.0621,46,93,2.0217,50,14,14,0,5,2,7,0,0,0,0,0,0,0,0,2,0,19,1,3,4,4,4,20,7,3.3,11,0
503,protect_s,symmetric,21,17,365,21.4706,6,93,15.5,40,6,6,0,13,2,15,0,0,0,0,0,0,0,0,2,0,19,1,3,4,4,4,20,7,3.3,1,0
506,unified,off,21,189,377,1.9947,49,96,1.9592,0,20,20,0,0,1,1,0,0,0,3,0,0,0,0,1,0,20,2,2,3,4,4,20,9,3.3,14,7
506,protect_l,left,21,97,377,3.8866,26,96,3.6923,35,4,4,0,16,1,17,0,0,0,0,0,0,0,0,1,0,20,2,2,3,4,4,20,9,3.3,5,0
506,protect_s,symmetric,21,29,377,13.0,9,96,10.6667,42,7,7,0,13,1,14,0,0,0,0,0,0,0,0,1,0,20,2,2,3,4,4,20,9,3.3,3,0
507,unified,off,21,165,141,0.8545,43,37,0.8605,0,21,21,0,0,0,0,0,0,0,0,0,0,0,0,0,0,21,1,3,4,4,4,20,6,3.95,18,4
507,protect_l,left,21,69,141,2.0435,19,37,1.9474,31,21,21,0,0,0,0,0,0,0,0,0,0,0,0,0,0,21,1,3,4,4,4,20,6,3.95,5,0
507,protect_s,symmetric,21,61,141,2.3115,17,37,2.1765,53,13,13,0,8,0,8,0,0,0,0,0,0,0,0,0,0,21,1,3,4,4,4,20,6,3.95,5,0
509,unified,off,21,289,385,1.3322,74,98,1.3243,0,1,1,0,18,2,2,0,0,18,39,0,0,0,0,2,0,19,1,4,4,4,4,20,8,3.45,14,3
509,protect_l,left,21,161,385,2.3913,42,98,2.3333,95,16,16,0,3,2,5,0,0,0,0,0,0,0,0,2,0,19,1,4,4,4,4,20,8,3.45,11,0
509,protect_s,symmetric,21,29,385,13.2759,9,98,10.8889,61,6,6,0,13,2,15,0,0,0,0,0,0,0,0,2,0,19,1,4,4,4,4,20,8,3.45,1,0
510,unified,off,21,97,145,1.4948,26,38,1.4615,0,21,21,0,0,0,0,0,0,0,4,0,0,0,0,0,0,21,2,3,4,4,4,20,13,4.05,12,8
510,protect_l,left,21,53,145,2.7358,15,38,2.5333,48,3,3,0,18,0,18,0,0,0,0,0,0,0,0,0,0,21,2,3,4,4,4,20,13,4.05,3,0
510,protect_s,symmetric,21,41,145,3.5366,12,38,3.1667,58,3,3,0,18,0,18,0,0,0,0,0,0,0,0,0,0,21,2,3,4,4,4,20,13,4.05,2,0
512,unified,off,21,149,233,1.5638,39,60,1.5385,0,19,19,0,2,0,2,0,0,0,14,0,0,0,0,0,0,21,1,2,4,4,4,20,11,3.95,13,9
512,protect_l,left,21,29,233,8.0345,9,60,6.6667,33,8,8,0,13,0,13,0,0,0,0,0,0,0,0,0,0,21,1,2,4,4,4,20,11,3.95,2,0
512,protect_s,symmetric,21,25,233,9.32,8,60,7.5,40,10,10,0,11,0,11,0,0,0,0,0,0,0,0,0,0,21,1,2,4,4,4,20,11,3.95,1,0
514,unified,off,21,221,465,2.1041,57,118,2.0702,0,21,21,0,0,0,0,0,0,0,3,0,0,0,0,0,0,21,1,2,2,4,4,20,10,3.65,14,7
514,protect_l,left,21,177,465,2.6271,46,118,2.5652,90,21,21,0,0,0,0,0,0,0,0,0,0,0,0,0,0,21,1,2,2,4,4,20,10,3.65,8,0
514,protect_s,symmetric,21,61,465,7.623,17,118,6.9412,69,18,18,0,3,0,3,0,0,0,0,0,0,0,0,0,0,21,1,2,2,4,4,20,10,3.65,4,0
515,unified,off,21,185,281,1.5189,48,72,1.5,0,21,21,0,0,0,0,0,0,0,1,0,0,0,0,0,0,21,1,2,3,4,4,20,7,3.45,13,4
515,protect_l,left,21,97,281,2.8969,26,72,2.7692,42,20,20,0,1,0,1,0,0,0,0,0,0,0,0,0,0,21,1,2,3,4,4,20,7,3.45,8,0
515,protect_s,symmetric,21,49,281,5.7347,14,72,5.1429,74,10,10,0,11,0,11,0,0,0,0,0,0,0,0,0,0,21,1,2,3,4,4,20,7,3.45,4,0
516,unified,off,21,85,89,1.0471,23,24,1.0435,0,21,21,0,0,0,0,0,0,0,0,0,0,0,0,0,0,21,2,4,4,4,4,20,8,3.95,8,2
516,protect_l,left,21,53,89,1.6792,15,24,1.6,25,21,21,0,0,0,0,0,0,0,0,0,0,0,0,0,0,21,2,4,4,4,4,20,8,3.95,6,0
516,protect_s,symmetric,21,29,89,3.069,9,24,2.6667,49,3,3,0,18,0,18,0,0,0,0,0,0,0,0,0,0,21,2,4,4,4,4,20,8,3.95,3,0
517,unified,off,21,245,321,1.3102,63,82,1.3016,0,20,20,0,0,1,1,0,0,0,0,0,0,0,0,1,0,20,1,2,4,4,4,20,7,3.55,12,4
517,protect_l,left,21,97,321,3.3093,26,82,3.1538,50,12,12,0,8,1,9,0,0,0,0,0,0,0,0,1,0,20,1,2,4,4,4,20,7,3.55,9,0
517,protect_s,symmetric,21,29,321,11.069,9,82,9.1111,57,8,8,0,12,1,13,0,0,0,0,0,0,0,0,1,0,20,1,2,4,4,4,20,7,3.55,4,0
518,unified,off,21,257,437,1.7004,66,111,1.6818,0,21,21,0,0,0,0,0,0,0,4,0,0,0,0,0,0,21,2,2,2,4,4,20,11,3.65,15,9
518,protect_l,left,21,149,437,2.9329,39,111,2.8462,64,21,21,0,0,0,0,0,0,0,0,0,0,0,0,0,0,21,2,2,2,4,4,20,11,3.65,7,0
518,protect_s,symmetric,21,37,437,11.8108,11,111,10.0909,78,12,12,0,9,0,9,0,0,0,0,0,0,0,0,0,0,21,2,2,2,4,4,20,11,3.65,3,0
519,unified,off,21,185,337,1.8216,48,86,1.7917,0,4,4,0,17,0,0,0,0,17,34,0,0,0,0,0,0,21,2,3,3,4,4,20,13,3.45,15,9
519,protect_l,left,21,101,337,3.3366,27,86,3.1852,45,18,18,0,3,0,3,0,0,0,0,0,0,0,0,0,0,21,2,3,3,4,4,20,13,3.45,6,0
519,protect_s,symmetric,21,21,337,16.0476,7,86,12.2857,44,9,9,0,12,0,12,0,0,0,0,0,0,0,0,0,0,21,2,3,3,4,4,20,13,3.45,1,0
520,unified,off,21,381,385,1.0105,97,98,1.0103,0,21,21,0,0,0,0,0,0,0,0,0,0,0,0,0,0,21,2,4,4,4,4,20,10,3.65,16,7
520,protect_l,left,21,177,385,2.1751,46,98,2.1304,66,20,20,0,1,0,1,0,0,0,0,0,0,0,0,0,0,21,2,4,4,4,4,20,10,3.65,10,0
520,protect_s,symmetric,21,41,385,9.3902,12,98,8.1667,60,8,8,0,13,0,13,0,0,0,0,0,0,0,0,0,0,21,2,4,4,4,4,20,10,3.65,4,0
521,unified,off,19,309,497,1.6084,79,126,1.5949,0,17,17,0,0,2,2,0,0,0,2,0,0,0,0,2,0,17,2,3,3,4,4,20,11,3.6,16,8
521,protect_l,left,19,181,497,2.7459,47,126,2.6809,85,15,15,0,2,2,4,0,0,0,0,0,0,0,0,2,0,17,2,3,3,4,4,20,11,3.6,7,0
521,protect_s,symmetric,19,21,497,23.6667,7,126,18.0,46,5,5,0,12,2,14,0,0,0,0,0,0,0,0,2,0,17,2,3,3,4,4,20,11,3.6,2,0
522,unified,off,20,189,221,1.1693,49,57,1.1633,0,3,3,0,17,0,0,0,0,17,39,0,0,0,0,0,0,20,3,2,3,4,4,20,11,3.6,14,8
522,protect_l,left,20,101,221,2.1881,27,57,2.1111,63,20,20,0,0,0,0,0,0,0,0,0,0,0,0,0,0,20,3,2,3,4,4,20,11,3.6,6,0
522,protect_s,symmetric,20,33,221,6.697,10,57,5.7,63,7,7,0,13,0,13,0,0,0,0,0,0,0,0,0,0,20,3,2,3,4,4,20,11,3.6,3,0
523,unified,off,20,153,121,0.7908,40,32,0.8,0,17,17,0,0,3,1,0,0,2,7,0,0,0,0,3,0,17,3,3,4,4,4,20,14,3.65,13,7
523,protect_l,left,20,81,121,1.4938,22,32,1.4545,86,17,17,0,0,3,3,0,0,0,0,0,0,0,0,3,0,17,3,3,4,4,4,20,14,3.65,5,0
523,protect_s,symmetric,20,41,121,2.9512,12,32,2.6667,79,8,8,0,9,3,12,0,0,0,0,0,0,0,0,3,0,17,3,3,4,4,4,20,14,3.65,3,0
524,unified,off,20,165,217,1.3152,43,56,1.3023,0,20,20,0,0,0,0,0,0,0,0,0,0,0,0,0,0,20,1,3,4,4,4,20,6,3.85,15,5
524,protect_l,left,20,97,217,2.2371,26,56,2.1538,34,4,4,0,16,0,16,0,0,0,0,0,0,0,0,0,0,20,1,3,4,4,4,20,6,3.85,10,0
524,protect_s,symmetric,20,17,217,12.7647,6,56,9.3333,38,4,4,0,16,0,16,0,0,0,0,0,0,0,0,0,0,20,1,3,4,4,4,20,6,3.85,1,0
525,unified,off,21,245,329,1.3429,63,84,1.3333,0,19,19,0,0,2,2,0,0,0,0,0,0,0,0,2,0,19,1,2,2,4,4,20,6,3.7,16,4
525,protect_l,left,21,165,329,1.9939,43,84,1.9535,84,19,19,0,0,2,2,0,0,0,0,0,0,0,0,2,0,19,1,2,2,4,4,20,6,3.7,12,0
525,protect_s,symmetric,21,77,329,4.2727,21,84,4.0,110,11,11,0,8,2,10,0,0,0,0,0,0,0,0,2,0,19,1,2,2,4,4,20,6,3.7,7,0
527,unified,off,21,109,277,2.5413,29,71,2.4483,0,21,21,0,0,0,0,0,0,0,0,0,0,0,0,0,0,21,2,2,2,4,4,20,12,3.3,7,3
527,protect_l,left,21,85,277,3.2588,23,71,3.087,39,21,21,0,0,0,0,0,0,0,0,0,0,0,0,0,0,21,2,2,2,4,4,20,12,3.3,4,0
527,protect_s,symmetric,21,29,277,9.5517,9,71,7.8889,49,9,9,0,12,0,12,0,0,0,0,0,0,0,0,0,0,21,2,2,2,4,4,20,12,3.3,2,0
528,unified,off,21,281,377,1.3416,72,96,1.3333,0,4,4,0,17,0,0,0,0,17,34,0,0,0,0,0,0,21,2,3,3,4,4,20,12,3.85,16,9
528,protect_l,left,21,121,377,3.1157,32,96,3.0,57,20,20,0,1,0,1,0,0,0,0,0,0,0,0,0,0,21,2,3,3,4,4,20,12,3.85,6,0
528,protect_s,symmetric,21,41,377,9.1951,12,96,8.0,61,8,8,0,13,0,13,0,0,0,0,0,0,0,0,0,0,21,2,3,3,4,4,20,12,3.85,2,0
529,unified,off,21,201,309,1.5373,52,79,1.5192,0,3,3,0,17,1,3,0,0,15,29,0,0,0,0,1,0,20,2,3,3,4,4,20,15,4.35,15,10
529,protect_l,left,21,37,309,8.3514,11,79,7.1818,38,18,18,0,2,1,3,0,0,0,0,0,0,0,0,1,0,20,2,3,3,4,4,20,15,4.35,3,0
529,protect_s,symmetric,21,17,309,18.1765,6,79,13.1667,26,5,5,0,15,1,16,0,0,0,0,0,0,0,0,1,0,20,2,3,3,4,4,20,15,4.35,1,0
530,unified,off,21,193,301,1.5596,50,77,1.54,0,4,4,0,17,0,0,0,0,17,37,0,0,0,0,0,0,21,2,2,3,4,4,20,12,3.65,14,8
530,protect_l,left,21,125,301,2.408,33,77,2.3333,60,20,20,0,1,0,1,0,0,0,0,0,0,0,0,0,0,21,2,2,3,4,4,20,12,3.65,6,0
530,protect_s,symmetric,21,41,301,7.3415,12,77,6.4167,60,10,10,0,11,0,11,0,0,0,0,0,0,0,0,0,0,21,2,2,3,4,4,20,12,3.65,2,0
531,unified,off,21,117,209,1.7863,31,54,1.7419,0,1,1,0,20,0,0,0,0,20,39,0,0,0,0,0,0,21,3,2,3,4,4,20,15,3.9,6,5
531,protect_l,left,21,101,209,2.0693,27,54,2.0,33,5,5,0,16,0,16,0,0,0,0,0,0,0,0,0,0,21,3,2,3,4,4,20,15,3.9,4,0
531,protect_s,symmetric,21,17,209,12.2941,6,54,9.0,30,2,2,0,19,0,19,0,0,0,0,0,0,0,0,0,0,21,3,2,3,4,4,20,15,3.9,1,0
532,unified,off,21,101,133,1.3168,27,35,1.2963,0,21,21,0,0,0,0,0,0,0,0,0,0,0,0,0,0,21,2,3,5,4,4,20,10,3.75,8,2
532,protect_l,left,21,73,133,1.8219,20,35,1.75,37,21,21,0,0,0,0,0,0,0,0,0,0,0,0,0,0,21,2,3,5,4,4,20,10,3.75,5,0
532,protect_s,symmetric,21,57,133,2.3333,16,35,2.1875,62,11,11,0,10,0,10,0,0,0,0,0,0,0,0,0,0,21,2,3,5,4,4,20,10,3.75,4,0
533,unified,off,21,161,165,1.0248,42,43,1.0238,0,20,20,0,0,1,1,0,0,0,1,0,0,0,0,1,0,20,3,2,3,4,4,20,15,3.85,12,10
533,protect_l,left,21,69,165,2.3913,19,43,2.2632,64,20,20,0,0,1,1,0,0,0,0,0,0,0,0,1,0,20,3,2,3,4,4,20,15,3.85,2,0
533,protect_s,symmetric,21,53,165,3.1132,15,43,2.8667,91,19,19,0,1,1,2,0,0,0,0,0,0,0,0,1,0,20,3,2,3,4,4,20,15,3.85,2,0
534,unified,off,21,189,345,1.8254,49,88,1.7959,0,21,21,0,0,0,0,0,0,0,0,0,0,0,0,0,0,21,3,2,2,4,4,20,17,3.8,13,10
534,protect_l,left,21,121,345,2.8512,32,88,2.75,63,21,21,0,0,0,0,0,0,0,0,0,0,0,0,0,0,21,3,2,2,4,4,20,17,3.8,3,0
534,protect_s,symmetric,21,49,345,7.0408,14,88,6.2857,68,5,5,0,16,0,16,0,0,0,0,0,0,0,0,0,0,21,3,2,2,4,4,20,17,3.8,3,0
535,unified,off,20,341,509,1.4927,87,129,1.4828,0,19,19,0,0,1,1,0,0,0,2,0,0,0,0,1,0,19,2,2,3,4,4,20,12,3.45,14,8
535,protect_l,left,20,177,509,2.8757,46,129,2.8043,60,18,18,0,1,1,2,0,0,0,0,0,0,0,0,1,0,19,2,2,3,4,4,20,12,3.45,7,0
535,protect_s,symmetric,20,49,509,10.3878,14,129,9.2143,72,15,15,0,4,1,5,0,0,0,0,0,0,0,0,1,0,19,2,2,3,4,4,20,12,3.45,4,0
536,unified,off,21,97,213,2.1959,26,55,2.1154,0,21,21,0,0,0,0,0,0,0,1,0,0,0,0,0,0,21,3,2,3,4,4,20,15,3.25,10,8
536,protect_l,left,21,73,213,2.9178,20,55,2.75,43,21,21,0,0,0,0,0,0,0,0,0,0,0,0,0,0,21,3,2,3,4,4,20,15,3.25,3,0
536,protect_s,symmetric,21,81,213,2.6296,22,55,2.5,83,21,21,0,0,0,0,0,0,0,0,0,0,0,0,0,0,21,3,2,3,4,4,20,15,3.25,3,0
537,unified,off,21,209,321,1.5359,54,82,1.5185,0,8,8,0,11,2,13,0,0,0,16,0,0,0,0,2,0,19,3,3,3,4,4,20,12,3.4,10,6
537,protect_l,left,21,121,321,2.6529,32,82,2.5625,73,19,19,0,0,2,2,0,0,0,0,0,0,0,0,2,0,19,3,3,3,4,4,20,12,3.4,4,0
537,protect_s,symmetric,21,53,321,6.0566,15,82,5.4667,96,10,10,0,9,2,11,0,0,0,0,0,0,0,0,2,0,19,3,3,3,4,4,20,12,3.4,4,0
538,unified,off,21,161,221,1.3727,42,57,1.3571,0,21,21,0,0,0,0,0,0,0,2,0,0,0,0,0,0,21,1,2,2,4,4,20,8,3.7,14,4
538,protect_l,left,21,105,221,2.1048,28,57,2.0357,67,20,20,0,1,0,1,0,0,0,0,0,0,0,0,0,0,21,1,2,2,4,4,20,8,3.7,8,0
538,protect_s,symmetric,21,41,221,5.3902,12,57,4.75,67,12,12,0,9,0,9,0,0,0,0,0,0,0,0,0,0,21,1,2,2,4,4,20,8,3.7,5,0
540,unified,off,21,153,221,1.4444,40,57,1.425,0,21,21,0,0,0,0,0,0,0,3,0,0,0,0,0,0,21,1,2,3,4,4,20,10,3.8,12,6
540,protect_l,left,21,81,221,2.7284,22,57,2.5909,40,21,21,0,0,0,0,0,0,0,0,0,0,0,0,0,0,21,1,2,3,4,4,20,10,3.8,5,0
540,protect_s,symmetric,21,21,221,10.5238,7,57,8.1429,41,6,6,0,15,0,15,0,0,0,0,0,0,0,0,0,0,21,1,2,3,4,4,20,10,3.8,2,0
541,unified,off,21,149,169,1.1342,39,44,1.1282,0,5,5,0,1,15,16,0,0,0,4,0,0,0,0,15,0,6,2,2,3,4,4,20,11,3.45,11,6
541,protect_l,left,21,85,169,1.9882,23,44,1.913,32,6,6,0,0,15,15,0,0,0,0,0,0,0,0,15,0,6,2,2,3,4,4,20,11,3.45,5,0
541,protect_s,symmetric,21,45,169,3.7556,13,44,3.3846,46,6,6,0,0,15,15,0,0,0,0,0,0,0,0,15,0,6,2,2,3,4,4,20,11,3.45,5,0
542,unified,off,21,121,277,2.2893,32,71,2.2188,0,4,4,0,17,0,0,0,0,17,33,0,0,0,0,0,0,21,1,2,3,4,4,20,6,3.6,15,3
542,protect_l,left,21,65,277,4.2615,18,71,3.9444,46,21,21,0,0,0,0,0,0,0,0,0,0,0,0,0,0,21,1,2,3,4,4,20,6,3.6,8,0
542,protect_s,symmetric,21,29,277,9.5517,9,71,7.8889,48,8,8,0,13,0,13,0,0,0,0,0,0,0,0,0,0,21,1,2,3,4,4,20,6,3.6,3,0
543,unified,off,21,213,441,2.0704,55,112,2.0364,0,2,2,0,19,0,0,0,0,19,54,0,0,0,0,0,0,21,2,2,4,4,4,20,13,3.3,14,8
543,protect_l,left,21,105,441,4.2,28,112,4.0,76,16,16,0,5,0,5,0,0,0,0,0,0,0,0,0,0,21,2,2,4,4,4,20,13,3.3,6,0
543,protect_s,symmetric,21,53,441,8.3208,15,112,7.4667,73,14,14,0,7,0,7,0,0,0,0,0,0,0,0,0,0,21,2,2,4,4,4,20,13,3.3,5,0
544,unified,off,21,201,321,1.597,52,82,1.5769,0,21,21,0,0,0,0,0,0,0,0,0,0,0,0,0,0,21,2,2,2,4,4,20,10,3.75,13,5
544,protect_l,left,21,117,321,2.7436,31,82,2.6452,49,21,21,0,0,0,0,0,0,0,0,0,0,0,0,0,0,21,2,2,2,4,4,20,10,3.75,7,0
544,protect_s,symmetric,21,49,321,6.551,14,82,5.8571,62,12,12,0,9,0,9,0,0,0,0,0,0,0,0,0,0,21,2,2,2,4,4,20,10,3.75,3,0
545,unified,off,21,165,209,1.2667,43,54,1.2558,0,17,17,0,1,3,4,0,0,0,8,0,0,0,0,3,0,18,1,2,2,4,4,20,9,4.1,13,6
545,protect_l,left,21,77,209,2.7143,21,54,2.5714,52,18,18,0,0,3,3,0,0,0,0,0,0,0,0,3,0,18,1,2,2,4,4,20,9,4.1,7,0
545,protect_s,symmetric,21,49,209,4.2653,14,54,3.8571,71,11,11,0,7,3,10,0,0,0,0,0,0,0,0,3,0,18,1,2,2,4,4,20,9,4.1,5,0
546,unified,off,21,381,505,1.3255,97,128,1.3196,0,21,21,0,0,0,0,0,0,0,4,0,0,0,0,0,0,21,2,3,4,4,4,20,10,3.6,14,6
546,protect_l,left,21,117,505,4.3162,31,128,4.129,68,17,17,0,4,0,4,0,0,0,0,0,0,0,0,0,0,21,2,3,4,4,4,20,10,3.6,6,0
546,protect_s,symmetric,21,37,505,13.6486,11,128,11.6364,58,4,4,0,17,0,17,0,0,0,0,0,0,0,0,0,0,21,2,3,4,4,4,20,10,3.6,4,0
547,unified,off,21,125,137,1.096,33,36,1.0909,0,1,1,0,20,0,0,0,0,20,41,0,0,0,0,0,0,21,1,2,3,4,4,20,6,4.15,12,3
547,protect_l,left,21,77,137,1.7792,21,36,1.7143,32,9,9,0,12,0,12,0,0,0,0,0,0,0,0,0,0,21,1,2,3,4,4,20,6,4.15,6,0
547,protect_s,symmetric,21,17,137,8.0588,6,36,6.0,36,7,7,0,14,0,14,0,0,0,0,0,0,0,0,0,0,21,1,2,3,4,4,20,6,4.15,1,0
548,unified,off,19,221,265,1.1991,57,68,1.193,0,17,17,0,0,2,2,0,0,0,2,0,0,0,0,2,0,17,2,3,4,4,4,20,13,4.2,13,9
548,protect_l,left,19,97,265,2.732,26,68,2.6154,33,16,16,0,1,2,3,0,0,0,0,0,0,0,0,2,0,17,2,3,4,4,4,20,13,4.2,3,0
548,protect_s,symmetric,19,33,265,8.0303,10,68,6.8,37,4,4,0,13,2,15,0,0,0,0,0,0,0,0,2,0,17,2,3,4,4,4,20,13,4.2,1,0
549,unified,off,20,97,157,1.6186,26,41,1.5769,0,20,20,0,0,0,0,0,0,0,5,0,0,0,0,0,0,20,1,2,3,4,4,20,6,3.4,10,3
549,protect_l,left,20,69,157,2.2754,19,41,2.1579,56,20,20,0,0,0,0,0,0,0,0,0,0,0,0,0,0,20,1,2,3,4,4,20,6,3.4,7,0
549,protect_s,symmetric,20,45,157,3.4889,13,41,3.1538,70,15,15,0,5,0,5,0,0,0,0,0,0,0,0,0,0,20,1,2,3,4,4,20,6,3.4,5,0
550,unified,off,21,129,197,1.5271,34,51,1.5,0,14,14,0,7,0,0,0,0,7,13,0,0,0,0,0,0,21,1,2,2,4,4,20,7,4.05,12,2
550,protect_l,left,21,77,197,2.5584,21,51,2.4286,26,21,21,0,0,0,0,0,0,0,0,0,0,0,0,0,0,21,1,2,2,4,4,20,7,4.05,9,0
550,protect_s,symmetric,21,49,197,4.0204,14,51,3.6429,47,17,17,0,4,0,4,0,0,0,0,0,0,0,0,0,0,21,1,2,2,4,4,20,7,4.05,4,0
551,unified,off,21,185,229,1.2378,48,59,1.2292,0,4,4,0,16,1,4,0,0,13,25,0,0,0,0,1,0,20,1,3,4,4,4,20,8,3.95,14,6
551,protect_l,left,21,53,229,4.3208,15,59,3.9333,24,16,16,0,4,1,5,0,0,0,0,0,0,0,0,1,0,20,1,3,4,4,4,20,8,3.95,5,0
551,protect_s,symmetric,21,33,229,6.9394,10,59,5.9,42,16,16,0,4,1,5,0,0,0,0,0,0,0,0,1,0,20,1,3,4,4,4,20,8,3.95,2,0
552,unified,off,21,133,193,1.4511,35,50,1.4286,0,21,21,0,0,0,0,0,0,0,8,0,0,0,0,0,0,21,1,3,3,4,4,20,5,3.95,10,2
552,protect_l,left,21,89,193,2.1685,24,50,2.0833,46,20,20,0,1,0,1,0,0,0,0,0,0,0,0,0,0,21,1,3,3,4,4,20,5,3.95,7,0
552,protect_s,symmetric,21,25,193,7.72,8,50,6.25,52,7,7,0,14,0,14,0,0,0,0,0,0,0,0,0,0,21,1,3,3,4,4,20,5,3.95,2,0
553,unified,off,21,85,197,2.3176,23,51,2.2174,0,5,5,0,16,0,0,0,0,16,38,0,0,0,0,0,0,21,2,2,3,4,4,20,9,3.65,9,3
553,protect_l,left,21,77,197,2.5584,21,51,2.4286,50,21,21,0,0,0,0,0,0,0,0,0,0,0,0,0,0,21,2,2,3,4,4,20,9,3.65,9,0
553,protect_s,symmetric,21,41,197,4.8049,12,51,4.25,53,8,8,0,13,0,13,0,0,0,0,0,0,0,0,0,0,21,2,2,3,4,4,20,9,3.65,6,0
554,unified,off,20,185,245,1.3243,48,63,1.3125,0,20,20,0,0,0,0,0,0,0,0,0,0,0,0,0,0,20,4,2,3,4,4,20,12,3.85,12,6
554,protect_l,left,20,121,245,2.0248,32,63,1.9688,82,20,20,0,0,0,0,0,0,0,0,0,0,0,0,0,0,20,4,2,3,4,4,20,12,3.85,6,0
554,protect_s,symmetric,20,57,245,4.2982,16,63,3.9375,92,11,11,0,9,0,9,0,0,0,0,0,0,0,0,0,0,20,4,2,3,4,4,20,12,3.85,3,0
555,unified,off,21,349,433,1.2407,89,110,1.236,0,21,21,0,0,0,0,0,0,0,10,0,0,0,0,0,0,21,1,4,5,4,4,20,8,3.75,16,6
555,protect_l,left,21,149,433,2.906,39,110,2.8205,34,11,11,0,10,0,10,0,0,0,0,0,0,0,0,0,0,21,1,4,5,4,4,20,8,3.75,10,0
555,protect_s,symmetric,21,29,433,14.931,9,110,12.2222,42,7,7,0,14,0,14,0,0,0,0,0,0,0,0,0,0,21,1,4,5,4,4,20,8,3.75,4,0
556,unified,off,21,101,145,1.4356,27,38,1.4074,0,21,21,0,0,0,0,0,0,0,2,0,0,0,0,0,0,21,1,2,3,4,4,20,8,3.65,12,3
556,protect_l,left,21,81,145,1.7901,22,38,1.7273,36,21,21,0,0,0,0,0,0,0,0,0,0,0,0,0,0,21,1,2,3,4,4,20,8,3.65,8,0
556,protect_s,symmetric,21,41,145,3.5366,12,38,3.1667,59,13,13,0,8,0,8,0,0,0,0,0,0,0,0,0,0,21,1,2,3,4,4,20,8,3.65,5,0
557,unified,off,21,237,273,1.1519,61,70,1.1475,0,21,21,0,0,0,0,0,0,0,0,0,0,0,0,0,0,21,1,2,4,4,4,20,5,3.7,15,4
557,protect_l,left,21,149,273,1.8322,39,70,1.7949,69,19,19,0,2,0,2,0,0,0,0,0,0,0,0,0,0,21,1,2,4,4,4,20,5,3.7,11,0
557,protect_s,symmetric,21,45,273,6.0667,13,70,5.3846,61,10,10,0,11,0,11,0,0,0,0,0,0,0,0,0,0,21,1,2,4,4,4,20,5,3.7,5,0
558,unified,off,21,97,217,2.2371,26,56,2.1538,0,2,2,0,19,0,0,0,0,19,38,0,0,0,0,0,0,21,3,2,2,4,4,20,14,3.85,8,5
558,protect_l,left,21,73,217,2.9726,20,56,2.8,28,14,14,0,7,0,7,0,0,0,0,0,0,0,0,0,0,21,3,2,2,4,4,20,14,3.85,4,0
558,protect_s,symmetric,21,17,217,12.7647,6,56,9.3333,33,3,3,0,18,0,18,0,0,0,0,0,0,0,0,0,0,21,3,2,2,4,4,20,14,3.85,1,0
559,unified,off,20,177,293,1.6554,46,75,1.6304,0,19,19,0,0,1,1,0,0,0,0,0,0,0,0,1,0,19,2,2,2,4,4,20,12,3.85,13,8
559,protect_l,left,20,93,293,3.1505,25,75,3.0,53,19,19,0,0,1,1,0,0,0,0,0,0,0,0,1,0,19,2,2,2,4,4,20,12,3.85,6,0
559,protect_s,symmetric,20,33,293,8.8788,10,75,7.5,56,5,5,0,14,1,15,0,0,0,0,0,0,0,0,1,0,19,2,2,2,4,4,20,12,3.85,3,0
560,unified,off,21,305,385,1.2623,78,98,1.2564,0,21,21,0,0,0,0,0,0,0,0,0,0,0,0,0,0,21,1,4,3,4,4,20,8,3.65,18,6
560,protect_l,left,21,217,385,1.7742,56,98,1.75,90,5,5,0,16,0,16,0,0,0,0,0,0,0,0,0,0,21,1,4,3,4,4,20,8,3.65,12,0
560,protect_s,symmetric,21,49,385,7.8571,14,98,7.0,71,5,5,0,16,0,16,0,0,0,0,0,0,0,0,0,0,21,1,4,3,4,4,20,8,3.65,6,0
561,unified,off,21,129,149,1.155,34,39,1.1471,0,1,1,0,20,0,0,0,0,20,41,0,0,0,0,0,0,21,2,4,4,4,4,20,13,3.7,10,6
561,protect_l,left,21,77,149,1.9351,21,39,1.8571,28,5,5,0,16,0,16,0,0,0,0,0,0,0,0,0,0,21,2,4,4,4,4,20,13,3.7,4,0
561,protect_s,symmetric,21,17,149,8.7647,6,39,6.5,35,5,5,0,16,0,16,0,0,0,0,0,0,0,0,0,0,21,2,4,4,4,4,20,13,3.7,1,0
562,unified,off,20,213,333,1.5634,55,85,1.5455,0,1,1,0,19,0,0,0,0,19,50,0,0,0,0,0,0,20,2,3,4,4,4,20,11,3.7,13,6
562,protect_l,left,20,89,333,3.7416,24,85,3.5417,50,19,19,0,1,0,1,0,0,0,0,0,0,0,0,0,0,20,2,3,4,4,4,20,11,3.7,5,0
562,protect_s,symmetric,20,21,333,15.8571,7,85,12.1429,48,7,7,0,13,0,13,0,0,0,0,0,0,0,0,0,0,20,2,3,4,4,4,20,11,3.7,2,0
564,unified,off,21,145,145,1.0,38,38,1.0,0,21,21,0,0,0,0,0,0,0,18,0,0,0,0,0,0,21,2,3,4,4,4,20,12,3.65,16,10
564,protect_l,left,21,65,145,2.2308,18,38,2.1111,30,5,5,0,16,0,16,0,0,0,0,0,0,0,0,0,0,21,2,3,4,4,4,20,12,3.65,6,0
564,protect_s,symmetric,21,13,145,11.1538,5,38,7.6,26,2,2,0,19,0,19,0,0,0,0,0,0,0,0,0,0,21,2,3,4,4,4,20,12,3.65,0,0
565,unified,off,21,213,393,1.8451,55,100,1.8182,0,21,21,0,0,0,0,0,0,0,1,0,0,0,0,0,0,21,1,3,3,4,4,20,9,3.85,15,5
565,protect_l,left,21,145,393,2.7103,38,100,2.6316,57,21,21,0,0,0,0,0,0,0,0,0,0,0,0,0,0,21,1,3,3,4,4,20,9,3.85,10,0
565,protect_s,symmetric,21,53,393,7.4151,15,100,6.6667,83,17,17,0,4,0,4,0,0,0,0,0,0,0,0,0,0,21,1,3,3,4,4,20,9,3.85,5,0
566,unified,off,21,245,409,1.6694,63,104,1.6508,0,20,20,0,1,0,1,0,0,0,5,0,0,0,0,0,0,21,2,2,2,4,4,20,11,3.6,17,9
566,protect_l,left,21,149,409,2.745,39,104,2.6667,86,21,21,0,0,0,0,0,0,0,0,0,0,0,0,0,0,21,2,2,2,4,4,20,11,3.6,7,0
566,protect_s,symmetric,21,33,409,12.3939,10,104,10.4,71,10,10,0,11,0,11,0,0,0,0,0,0,0,0,0,0,21,2,2,2,4,4,20,11,3.6,2,0
567,unified,off,21,133,205,1.5414,35,53,1.5143,0,21,21,0,0,0,0,0,0,0,1,0,0,0,0,0,0,21,1,2,2,4,4,20,6,4.05,12,5
567,protect_l,left,21,117,205,1.7521,31,53,1.7097,54,21,21,0,0,0,0,0,0,0,0,0,0,0,0,0,0,21,1,2,2,4,4,20,6,4.05,9,0
567,protect_s,symmetric,21,61,205,3.3607,17,53,3.1176,75,18,18,0,3,0,3,0,0,0,0,0,0,0,0,0,0,21,1,2,2,4,4,20,6,4.05,7,0
568,unified,off,21,189,229,1.2116,49,59,1.2041,0,21,21,0,0,0,0,0,0,0,0,0,0,0,0,0,0,21,3,2,3,4,4,20,16,3.8,13,9
568,protect_l,left,21,97,229,2.3608,26,59,2.2692,54,21,21,0,0,0,0,0,0,0,0,0,0,0,0,0,0,21,3,2,3,4,4,20,16,3.8,3,0
568,protect_s,symmetric,21,25,229,9.16,8,59,7.375,51,10,10,0,11,0,11,0,0,0,0,0,0,0,0,0,0,21,3,2,3,4,4,20,16,3.8,1,0
570,unified,off,21,189,313,1.6561,49,80,1.6327,0,17,17,0,4,0,4,0,0,0,6,0,0,0,0,0,0,21,1,3,3,4,4,20,5,3.7,15,3
570,protect_l,left,21,133,313,2.3534,35,80,2.2857,59,21,21,0,0,0,0,0,0,0,0,0,0,0,0,0,0,21,1,3,3,4,4,20,5,3.7,10,0
570,protect_s,symmetric,21,21,313,14.9048,7,80,11.4286,51,7,7,0,14,0,14,0,0,0,0,0,0,0,0,0,0,21,1,3,3,4,4,20,5,3.7,2,0
572,unified,off,21,129,297,2.3023,34,76,2.2353,0,6,6,0,15,0,0,0,0,15,30,0,0,0,0,0,0,21,2,2,2,4,4,20,7,3.5,12,2
572,protect_l,left,21,93,297,3.1935,25,76,3.04,40,6,6,0,15,0,15,0,0,0,0,0,0,0,0,0,0,21,2,2,2,4,4,20,7,3.5,7,0
572,protect_s,symmetric,21,45,297,6.6,13,76,5.8462,62,9,9,0,12,0,12,0,0,0,0,0,0,0,0,0,0,21,2,2,2,4,4,20,7,3.5,7,0
573,unified,off,21,325,409,1.2585,83,104,1.253,0,21,21,0,0,0,0,0,0,0,0,0,0,0,0,0,0,21,1,3,4,4,4,20,7,3.45,14,5
573,protect_l,left,21,201,409,2.0348,52,104,2.0,162,21,21,0,0,0,0,0,0,0,0,0,0,0,0,0,0,21,1,3,4,4,4,20,7,3.45,9,0
573,protect_s,symmetric,21,81,409,5.0494,22,104,4.7273,129,9,9,0,12,0,12,0,0,0,0,0,0,0,0,0,0,21,1,3,4,4,4,20,7,3.45,6,0
574,unified,off,21,109,173,1.5872,29,45,1.5517,0,21,21,0,0,0,0,0,0,0,24,0,0,0,0,0,0,21,1,2,4,4,4,20,9,3.75,12,6
574,protect_l,left,21,81,173,2.1358,22,45,2.0455,59,21,21,0,0,0,0,0,0,0,0,0,0,0,0,0,0,21,1,2,4,4,4,20,9,3.75,5,0
574,protect_s,symmetric,21,45,173,3.8444,13,45,3.4615,57,7,7,0,14,0,14,0,0,0,0,0,0,0,0,0,0,21,1,2,4,4,4,20,9,3.75,4,0
575,unified,off,21,169,317,1.8757,44,81,1.8409,0,1,1,0,20,0,0,0,0,20,43,0,0,0,0,0,0,21,2,2,2,4,4,20,12,4.15,10,4
575,protect_l,left,21,137,317,2.3139,36,81,2.25,76,20,20,0,1,0,1,0,0,0,0,0,0,0,0,0,0,21,2,2,2,4,4,20,12,4.15,7,0
575,protect_s,symmetric,21,33,317,9.6061,10,81,8.1,62,5,5,0,16,0,16,0,0,0,0,0,0,0,0,0,0,21,2,2,2,4,4,20,12,4.15,4,0
576,unified,off,21,185,261,1.4108,48,67,1.3958,0,21,21,0,0,0,0,0,0,0,16,0,0,0,0,0,0,21,4,2,3,4,4,20,16,3.75,11,7
576,protect_l,left,21,97,261,2.6907,26,67,2.5769,88,21,21,0,0,0,0,0,0,0,0,0,0,0,0,0,0,21,4,2,3,4,4,20,16,3.75,4,0
576,protect_s,symmetric,21,77,261,3.3896,21,67,3.1905,79,19,19,0,2,0,2,0,0,0,0,0,0,0,0,0,0,21,4,2,3,4,4,20,16,3.75,3,0
577,unified,off,21,441,469,1.0635,112,119,1.0625,0,3,3,0,18,0,0,0,0,18,35,0,0,0,0,0,0,21,1,4,4,4,4,20,9,3.75,17,6
577,protect_l,left,21,181,469,2.5912,47,119,2.5319,35,17,17,0,4,0,4,0,0,0,0,0,0,0,0,0,0,21,1,4,4,4,4,20,9,3.75,11,0
577,protect_s,symmetric,21,13,469,36.0769,5,119,23.8,34,4,4,0,17,0,17,0,0,0,0,0,0,0,0,0,0,21,1,4,4,4,4,20,9,3.75,0,0
578,unified,off,19,133,189,1.4211,35,49,1.4,0,4,4,0,15,0,0,0,0,15,29,0,0,0,0,0,0,19,2,3,3,4,4,20,9,3.4,8,3
578,protect_l,left,19,85,189,2.2235,23,49,2.1304,60,19,19,0,0,0,0,0,0,0,0,0,0,0,0,0,0,19,2,3,3,4,4,20,9,3.4,6,0
578,protect_s,symmetric,19,81,189,2.3333,22,49,2.2273,107,17,17,0,2,0,2,0,0,0,0,0,0,0,0,0,0,19,2,3,3,4,4,20,9,3.4,5,0
579,unified,off,21,425,477,1.1224,108,121,1.1204,0,17,17,0,3,1,4,0,0,0,2,0,0,0,0,1,0,20,2,3,4,4,4,20,9,3.2,19,8
579,protect_l,left,21,181,477,2.6354,47,121,2.5745,74,10,10,0,10,1,11,0,0,0,0,0,0,0,0,1,0,20,2,3,4,4,4,20,9,3.2,9,0
579,protect_s,symmetric,21,41,477,11.6341,12,121,10.0833,71,9,9,0,11,1,12,0,0,0,0,0,0,0,0,1,0,20,2,3,4,4,4,20,9,3.2,5,0
581,unified,off,20,277,449,1.6209,71,114,1.6056,0,8,8,0,12,0,0,0,0,12,29,0,0,0,0,0,0,20,2,2,3,4,4,20,11,3.85,15,8
581,protect_l,left,20,129,449,3.4806,34,114,3.3529,49,18,18,0,2,0,2,0,0,0,0,0,0,0,0,0,0,20,2,2,3,4,4,20,11,3.85,6,0
581,protect_s,symmetric,20,25,449,17.96,8,114,14.25,48,5,5,0,15,0,15,0,0,0,0,0,0,0,0,0,0,20,2,2,3,4,4,20,11,3.85,1,0
582,unified,off,21,185,329,1.7784,48,84,1.75,0,1,1,0,20,0,0,0,0,20,53,0,0,0,0,0,0,21,1,3,3,4,4,20,11,3.65,10,7
582,protect_l,left,21,109,329,3.0183,29,84,2.8966,57,17,17,0,4,0,4,0,0,0,0,0,0,0,0,0,0,21,1,3,3,4,4,20,11,3.65,3,0
582,protect_s,symmetric,21,45,329,7.3111,13,84,6.4615,67,10,10,0,11,0,11,0,0,0,0,0,0,0,0,0,0,21,1,3,3,4,4,20,11,3.65,2,0
585,unified,off,21,329,541,1.6444,84,137,1.631,0,4,4,0,17,0,0,0,0,17,33,0,0,0,0,0,0,21,1,2,4,4,4,20,8,3.75,16,7
585,protect_l,left,21,137,541,3.9489,36,137,3.8056,81,20,20,0,1,0,1,0,0,0,0,0,0,0,0,0,0,21,1,2,4,4,4,20,8,3.75,6,0
585,protect_s,symmetric,21,57,541,9.4912,16,137,8.5625,79,9,9,0,12,0,12,0,0,0,0,0,0,0,0,0,0,21,1,2,4,4,4,20,8,3.75,5,0
587,unified,off,21,249,317,1.2731,64,81,1.2656,0,20,20,0,1,0,1,0,0,0,2,0,0,0,0,0,0,21,2,2,4,4,4,20,11,3.5,18,10
587,protect_l,left,21,85,317,3.7294,23,81,3.5217,49,11,11,0,10,0,10,0,0,0,0,0,0,0,0,0,0,21,2,2,4,4,4,20,11,3.5,7,0
587,protect_s,symmetric,21,49,317,6.4694,14,81,5.7857,54,8,8,0,13,0,13,0,0,0,0,0,0,0,0,0,0,21,2,2,4,4,4,20,11,3.5,4,0
588,unified,off,21,221,221,1.0,57,57,1.0,0,1,1,0,20,0,0,0,0,20,40,0,0,0,0,0,0,21,4,2,3,4,4,20,17,3.4,10,8
588,protect_l,left,21,133,221,1.6617,35,57,1.6286,44,21,21,0,0,0,0,0,0,0,0,0,0,0,0,0,0,21,4,2,3,4,4,20,17,3.4,3,0
588,protect_s,symmetric,21,25,221,8.84,8,57,7.125,43,4,4,0,17,0,17,0,0,0,0,0,0,0,0,0,0,21,4,2,3,4,4,20,17,3.4,2,0
589,unified,off,20,161,281,1.7453,42,72,1.7143,0,17,17,0,0,3,3,0,0,0,0,0,0,0,0,3,0,17,1,3,4,4,4,20,6,3.5,13,2
589,protect_l,left,20,81,281,3.4691,22,72,3.2727,44,17,17,0,0,3,3,0,0,0,0,0,0,0,0,3,0,17,1,3,4,4,4,20,6,3.5,7,0
589,protect_s,symmetric,20,37,281,7.5946,11,72,6.5455,62,9,9,0,8,3,11,0,0,0,0,0,0,0,0,3,0,17,1,3,4,4,4,20,6,3.5,5,0
590,unified,off,21,353,601,1.7025,90,152,1.6889,0,2,2,0,18,1,1,0,0,18,39,0,0,0,0,1,0,20,3,2,3,4,4,20,13,3.4,15,9
590,protect_l,left,21,145,601,4.1448,38,152,4.0,57,15,15,0,5,1,6,0,0,0,0,0,0,0,0,1,0,20,3,2,3,4,4,20,13,3.4,5,0
590,protect_s,symmetric,21,33,601,18.2121,10,152,15.2,47,4,4,0,16,1,17,0,0,0,0,0,0,0,0,1,0,20,3,2,3,4,4,20,13,3.4,3,0
591,unified,off,21,237,329,1.3882,61,84,1.377,0,19,19,0,0,2,2,0,0,0,0,0,0,0,0,2,0,19,3,3,3,4,4,20,12,3.4,17,11
591,protect_l,left,21,121,329,2.719,32,84,2.625,69,19,19,0,0,2,2,0,0,0,0,0,0,0,0,2,0,19,3,3,3,4,4,20,12,3.4,7,0
591,protect_s,symmetric,21,21,329,15.6667,7,84,12.0,50,4,4,0,15,2,17,0,0,0,0,0,0,0,0,2,0,19,3,3,3,4,4,20,12,3.4,2,0
593,unified,off,21,93,157,1.6882,25,41,1.64,0,21,21,0,0,0,0,0,0,0,10,0,0,0,0,0,0,21,3,3,4,4,4,20,15,3.4,6,3
593,protect_l,left,21,53,157,2.9623,15,41,2.7333,54,18,18,0,3,0,3,0,0,0,0,0,0,0,0,0,0,21,3,3,4,4,4,20,15,3.4,2,0
593,protect_s,symmetric,21,33,157,4.7576,10,41,4.1,69,5,5,0,16,0,16,0,0,0,0,0,0,0,0,0,0,21,3,3,4,4,4,20,15,3.4,1,0
594,unified,off,21,205,261,1.2732,53,67,1.2642,0,12,12,0,5,4,9,0,0,0,9,0,0,0,0,4,0,17,1,2,4,4,4,20,8,4.1,12,5
594,protect_l,left,21,141,261,1.8511,37,67,1.8108,63,17,17,0,0,4,4,0,0,0,0,0,0,0,0,4,0,17,1,2,4,4,4,20,8,4.1,8,0
594,protect_s,symmetric,21,57,261,4.5789,16,67,4.1875,58,9,9,0,8,4,12,0,0,0,0,0,0,0,0,4,0,17,1,2,4,4,4,20,8,4.1,5,0
595,unified,off,21,281,461,1.6406,72,117,1.625,0,3,3,0,16,2,2,0,0,16,35,0,0,0,0,2,0,19,2,2,4,4,4,20,13,3.55,13,8
595,protect_l,left,21,105,461,4.3905,28,117,4.1786,49,16,16,0,3,2,5,0,0,0,0,0,0,0,0,2,0,19,2,2,4,4,4,20,13,3.55,2,0
595,protect_s,symmetric,21,25,461,18.44,8,117,14.625,47,6,6,0,13,2,15,0,0,0,0,0,0,0,0,2,0,19,2,2,4,4,4,20,13,3.55,1,0
596,unified,off,21,237,433,1.827,61,110,1.8033,0,21,21,0,0,0,0,0,0,0,6,0,0,0,0,0,0,21,3,2,2,4,4,20,14,3.65,16,10
596,protect_l,left,21,77,433,5.6234,21,110,5.2381,67,16,16,0,5,0,5,0,0,0,0,0,0,0,0,0,0,21,3,2,2,4,4,20,14,3.65,4,0
596,protect_s,symmetric,21,33,433,13.1212,10,110,11.0,63,6,6,0,15,0,15,0,0,0,0,0,0,0,0,0,0,21,3,2,2,4,4,20,14,3.65,3,0
598,unified,off,21,141,189,1.3404,37,49,1.3243,0,2,2,0,19,0,0,0,0,19,37,0,0,0,0,0,0,21,1,2,3,4,4,20,9,3.7,15,6
598,protect_l,left,21,93,189,2.0323,25,49,1.96,63,21,21,0,0,0,0,0,0,0,0,0,0,0,0,0,0,21,1,2,3,4,4,20,9,3.7,9,0
598,protect_s,symmetric,21,29,189,6.5172,9,49,5.4444,57,8,8,0,13,0,13,0,0,0,0,0,0,0,0,0,0,21,1,2,3,4,4,20,9,3.7,2,0
600,unified,off,19,305,285,0.9344,78,73,0.9359,0,2,2,0,17,0,0,0,0,17,32,0,0,0,0,0,0,19,2,3,3,4,4,20,14,4.0,15,10
600,protect_l,left,19,117,285,2.4359,31,73,2.3548,53,9,9,0,10,0,10,0,0,0,0,0,0,0,0,0,0,19,2,3,3,4,4,20,14,4.0,4,0
600,protect_s,symmetric,19,21,285,13.5714,7,73,10.4286,35,4,4,0,15,0,15,0,0,0,0,0,0,0,0,0,0,19,2,3,3,4,4,20,14,4.0,2,0
601,unified,off,20,185,241,1.3027,48,62,1.2917,0,17,17,0,0,3,3,0,0,0,0,0,0,0,0,3,0,17,1,3,3,4,4,20,5,3.5,15,2
601,protect_l,left,20,113,241,2.1327,30,62,2.0667,22,14,14,0,3,3,6,0,0,0,0,0,0,0,0,3,0,17,1,3,3,4,4,20,5,3.5,12,0
601,protect_s,symmetric,20,21,241,11.4762,7,62,8.8571,39,8,8,0,9,3,12,0,0,0,0,0,0,0,0,3,0,17,1,3,3,4,4,20,5,3.5,2,0
602,unified,off,21,161,185,1.1491,42,48,1.1429,0,4,4,0,17,0,1,0,0,16,32,0,0,0,0,0,0,21,1,3,3,4,4,20,8,4.0,13,3
602,protect_l,left,21,81,185,2.284,22,48,2.1818,37,11,11,0,10,0,10,0,0,0,0,0,0,0,0,0,0,21,1,3,3,4,4,20,8,4.0,8,0
602,protect_s,symmetric,21,41,185,4.5122,12,48,4.0,45,9,9,0,12,0,12,0,0,0,0,0,0,0,0,0,0,21,1,3,3,4,4,20,8,4.0,4,0
604,unified,off,21,149,301,2.0201,39,77,1.9744,0,21,21,0,0,0,0,0,0,0,1,0,0,0,0,0,0,21,3,2,3,4,4,20,15,3.35,13,10
604,protect_l,left,21,113,301,2.6637,30,77,2.5667,59,20,20,0,1,0,1,0,0,0,0,0,0,0,0,0,0,21,3,2,3,4,4,20,15,3.35,4,0
604,protect_s,symmetric,21,17,301,17.7059,6,77,12.8333,42,3,3,0,18,0,18,0,0,0,0,0,0,0,0,0,0,21,3,2,3,4,4,20,15,3.35,1,0
605,unified,off,21,293,361,1.2321,75,92,1.2267,0,17,17,0,0,4,4,0,0,0,0,0,0,0,0,4,0,17,1,3,4,4,4,20,9,4.45,14,5
605,protect_l,left,21,93,361,3.8817,25,92,3.68,17,12,12,0,5,4,9,0,0,0,0,0,0,0,0,4,0,17,1,3,4,4,4,20,9,4.45,6,0
605,protect_s,symmetric,21,21,361,17.1905,7,92,13.1429,26,7,7,0,10,4,14,0,0,0,0,0,0,0,0,4,0,17,1,3,4,4,4,20,9,4.45,2,0
606,unified,off,21,137,25,0.1825,36,8,0.2222,0,21,21,0,0,0,0,0,0,0,1,0,0,0,0,0,0,21,3,2,3,4,4,20,19,3.85,14,13
606,protect_l,left,21,29,25,0.8621,9,8,0.8889,46,21,21,0,0,0,0,0,0,0,0,0,0,0,0,0,0,21,3,2,3,4,4,20,19,3.85,1,0
606,protect_s,symmetric,21,13,25,1.9231,5,8,1.6,33,2,2,0,19,0,19,0,0,0,0,0,0,0,0,0,0,21,3,2,3,4,4,20,19,3.85,0,0
607,unified,off,20,153,221,1.4444,40,57,1.425,0,18,18,0,0,2,2,0,0,0,0,0,0,0,0,2,0,18,2,2,2,4,4,20,15,3.55,16,11
607,protect_l,left,20,69,221,3.2029,19,57,3.0,45,18,18,0,0,2,2,0,0,0,0,0,0,0,0,2,0,18,2,2,2,4,4,20,15,3.55,5,0
607,protect_s,symmetric,20,21,221,10.5238,7,57,8.1429,39,5,5,0,13,2,15,0,0,0,0,0,0,0,0,2,0,18,2,2,2,4,4,20,15,3.55,1,0
608,unified,off,21,289,421,1.4567,74,107,1.4459,0,20,20,0,0,1,1,0,0,0,0,0,0,0,0,1,0,20,1,2,3,4,4,20,7,4.6,17,6
608,protect_l,left,21,133,421,3.1654,35,107,3.0571,28,4,4,0,16,1,17,0,0,0,0,0,0,0,0,1,0,20,1,2,3,4,4,20,7,4.6,9,0
608,protect_s,symmetric,21,29,421,14.5172,9,107,11.8889,34,7,7,0,13,1,14,0,0,0,0,0,0,0,0,1,0,20,1,2,3,4,4,20,7,4.6,3,0
609,unified,off,21,205,269,1.3122,53,69,1.3019,0,21,21,0,0,0,0,0,0,0,0,0,0,0,0,0,0,21,2,2,2,4,4,20,9,3.35,11,2
609,protect_l,left,21,161,269,1.6708,42,69,1.6429,91,21,21,0,0,0,0,0,0,0,0,0,0,0,0,0,0,21,2,2,2,4,4,20,9,3.35,9,0
609,protect_s,symmetric,21,101,269,2.6634,27,69,2.5556,128,20,20,0,1,0,1,0,0,0,0,0,0,0,0,0,0,21,2,2,2,4,4,20,9,3.35,7,0
610,unified,off,21,185,177,0.9568,48,46,0.9583,0,21,21,0,0,0,0,0,0,0,2,0,0,0,0,0,0,21,1,2,3,4,4,20,8,3.6,12,6
610,protect_l,left,21,85,177,2.0824,23,46,2.0,54,21,21,0,0,0,0,0,0,0,0,0,0,0,0,0,0,21,1,2,3,4,4,20,8,3.6,6,0
610,protect_s,symmetric,21,49,177,3.6122,14,46,3.2857,79,18,18,0,3,0,3,0,0,0,0,0,0,0,0,0,0,21,1,2,3,4,4,20,8,3.6,3,0
612,unified,off,21,245,409,1.6694,63,104,1.6508,0,15,15,0,5,1,6,0,0,0,8,0,0,0,0,1,0,20,2,2,2,4,4,20,11,3.65,13,6
612,protect_l,left,21,133,409,3.0752,35,104,2.9714,45,18,18,0,2,1,3,0,0,0,0,0,0,0,0,1,0,20,2,2,2,4,4,20,11,3.65,5,0
612,protect_s,symmetric,21,29,409,14.1034,9,104,11.5556,52,2,2,0,18,1,19,0,0,0,0,0,0,0,0,1,0,20,2,2,2,4,4,20,11,3.65,3,0
613,unified,off,21,169,297,1.7574,44,76,1.7273,0,21,21,0,0,0,0,0,0,0,10,0,0,0,0,0,0,21,1,2,3,4,4,20,9,3.5,18,7
613,protect_l,left,21,73,297,4.0685,20,76,3.8,68,10,10,0,11,0,11,0,0,0,0,0,0,0,0,0,0,21,1,2,3,4,4,20,9,3.5,8,0
613,protect_s,symmetric,21,57,297,5.2105,16,76,4.75,97,15,15,0,6,0,6,0,0,0,0,0,0,0,0,0,0,21,1,2,3,4,4,20,9,3.5,5,0
614,unified,off,21,305,529,1.7344,78,134,1.7179,0,17,17,0,0,4,4,0,0,0,10,0,0,0,0,4,0,17,4,2,2,4,4,20,14,3.8,15,9
614,protect_l,left,21,165,529,3.2061,43,134,3.1163,49,11,11,0,6,4,10,0,0,0,0,0,0,0,0,4,0,17,4,2,2,4,4,20,14,3.8,5,0
614,protect_s,symmetric,21,41,529,12.9024,12,134,11.1667,55,6,6,0,11,4,15,0,0,0,0,0,0,0,0,4,0,17,4,2,2,4,4,20,14,3.8,5,0
615,unified,off,21,189,361,1.9101,49,92,1.8776,0,11,11,0,10,0,0,0,0,10,21,0,0,0,0,0,0,21,1,2,3,4,4,20,4,3.5,13,2
615,protect_l,left,21,141,361,2.5603,37,92,2.4865,68,20,20,0,1,0,1,0,0,0,0,0,0,0,0,0,0,21,1,2,3,4,4,20,4,3.5,11,0
615,protect_s,symmetric,21,57,361,6.3333,16,92,5.75,87,11,11,0,10,0,10,0,0,0,0,0,0,0,0,0,0,21,1,2,3,4,4,20,4,3.5,6,0
618,unified,off,21,225,361,1.6044,58,92,1.5862,0,16,16,0,1,4,5,0,0,0,3,0,0,0,0,4,0,17,1,2,3,4,4,20,5,3.65,17,5
618,protect_l,left,21,117,361,3.0855,31,92,2.9677,49,16,16,0,1,4,5,0,0,0,0,0,0,0,0,4,0,17,1,2,3,4,4,20,5,3.65,8,0
618,protect_s,symmetric,21,37,361,9.7568,11,92,8.3636,67,14,14,0,3,4,7,0,0,0,0,0,0,0,0,4,0,17,1,2,3,4,4,20,5,3.65,6,0
619,unified,off,21,249,345,1.3855,64,88,1.375,0,3,3,0,18,0,0,0,0,18,51,0,0,0,0,0,0,21,2,2,4,4,4,20,13,3.55,17,11
619,protect_l,left,21,97,345,3.5567,26,88,3.3846,54,4,4,0,17,0,17,0,0,0,0,0,0,0,0,0,0,21,2,2,4,4,4,20,13,3.55,5,0
619,protect_s,symmetric,21,17,345,20.2941,6,88,14.6667,43,4,4,0,17,0,17,0,0,0,0,0,0,0,0,0,0,21,2,2,4,4,4,20,13,3.55,1,0
620,unified,off,21,225,249,1.1067,58,64,1.1034,0,11,11,0,1,9,10,0,0,0,2,0,0,0,0,9,0,12,1,3,3,4,4,20,8,3.85,18,7
620,protect_l,left,21,77,249,3.2338,21,64,3.0476,30,11,11,0,1,9,10,0,0,0,0,0,0,0,0,9,0,12,1,3,3,4,4,20,8,3.85,9,0
620,protect_s,symmetric,21,21,249,11.8571,7,64,9.1429,37,5,5,0,7,9,16,0,0,0,0,0,0,0,0,9,0,12,1,3,3,4,4,20,8,3.85,1,0
621,unified,off,21,265,289,1.0906,68,74,1.0882,0,2,2,0,19,0,0,0,0,19,38,0,0,0,0,0,0,21,1,3,4,4,4,20,9,3.8,15,7
621,protect_l,left,21,121,289,2.3884,32,74,2.3125,48,11,11,0,10,0,10,0,0,0,0,0,0,0,0,0,0,21,1,3,4,4,4,20,9,3.8,6,0
621,protect_s,symmetric,21,41,289,7.0488,12,74,6.1667,50,8,8,0,13,0,13,0,0,0,0,0,0,0,0,0,0,21,1,3,4,4,4,20,9,3.8,4,0
623,unified,off,21,201,205,1.0199,52,53,1.0192,0,21,21,0,0,0,0,0,0,0,3,0,0,0,0,0,0,21,2,3,3,4,4,20,10,3.75,12,5
623,protect_l,left,21,137,205,1.4964,36,53,1.4722,68,21,21,0,0,0,0,0,0,0,0,0,0,0,0,0,0,21,2,3,3,4,4,20,10,3.75,7,0
623,protect_s,symmetric,21,65,205,3.1538,18,53,2.9444,80,14,14,0,7,0,7,0,0,0,0,0,0,0,0,0,0,21,2,3,3,4,4,20,10,3.75,3,0
624,unified,off,21,165,201,1.2182,43,52,1.2093,0,21,21,0,0,0,0,0,0,0,8,0,0,0,0,0,0,21,3,2,3,4,4,20,15,4.05,9,7
624,protect_l,left,21,113,201,1.7788,30,52,1.7333,48,19,19,0,2,0,2,0,0,0,0,0,0,0,0,0,0,21,3,2,3,4,4,20,15,4.05,5,0
624,protect_s,symmetric,21,29,201,6.931,9,52,5.7778,42,2,2,0,19,0,19,0,0,0,0,0,0,0,0,0,0,21,3,2,3,4,4,20,15,4.05,2,0
625,unified,off,20,193,237,1.228,50,61,1.22,0,20,20,0,0,0,0,0,0,0,0,0,0,0,0,0,0,20,1,3,4,4,4,20,8,3.55,13,5
625,protect_l,left,20,89,237,2.6629,24,61,2.5417,54,19,19,0,1,0,1,0,0,0,0,0,0,0,0,0,0,20,1,3,4,4,4,20,8,3.55,6,0
625,protect_s,symmetric,20,53,237,4.4717,15,61,4.0667,62,11,11,0,9,0,9,0,0,0,0,0,0,0,0,0,0,20,1,3,4,4,4,20,8,3.55,5,0
626,unified,off,21,209,313,1.4976,54,80,1.4815,0,17,17,0,4,0,0,4,0,0,10,0,0,0,0,0,0,21,1,2,3,4,4,20,6,4.0,14,4
626,protect_l,left,21,141,313,2.2199,37,80,2.1622,45,16,16,0,5,0,5,0,0,0,0,0,0,0,0,0,0,21,1,2,3,4,4,20,6,4.0,10,0
626,protect_s,symmetric,21,73,313,4.2877,20,80,4.0,51,8,8,0,13,0,13,0,0,0,0,0,0,0,0,0,0,21,1,2,3,4,4,20,6,4.0,6,0
628,unified,off,21,185,357,1.9297,48,91,1.8958,0,20,20,0,0,1,1,0,0,0,18,0,0,0,0,1,0,20,1,2,3,4,4,20,6,3.75,12,4
628,protect_l,left,21,125,357,2.856,33,91,2.7576,33,17,17,0,3,1,4,0,0,0,0,0,0,0,0,1,0,20,1,2,3,4,4,20,6,3.75,8,0
628,protect_s,symmetric,21,21,357,17.0,7,91,13.0,40,7,7,0,13,1,14,0,0,0,0,0,0,0,0,1,0,20,1,2,3,4,4,20,6,3.75,2,0
629,unified,off,21,189,241,1.2751,49,62,1.2653,0,10,10,0,0,11,11,0,0,0,2,0,0,0,0,11,0,10,3,2,2,4,4,20,14,3.95,13,8
629,protect_l,left,21,81,241,2.9753,22,62,2.8182,56,10,10,0,0,11,11,0,0,0,0,0,0,0,0,11,0,10,3,2,2,4,4,20,14,3.95,4,0
629,protect_s,symmetric,21,25,241,9.64,8,62,7.75,51,7,7,0,3,11,14,0,0,0,0,0,0,0,0,11,0,10,3,2,2,4,4,20,14,3.95,2,0
630,unified,off,21,301,329,1.093,77,84,1.0909,0,7,7,0,10,4,14,0,0,0,22,0,0,0,0,4,0,17,1,2,3,4,4,20,6,4.05,19,6
630,protect_l,left,21,113,329,2.9115,30,84,2.8,39,17,17,0,0,4,4,0,0,0,0,0,0,0,0,4,0,17,1,2,3,4,4,20,6,4.05,9,0
630,protect_s,symmetric,21,21,329,15.6667,7,84,12.0,39,8,8,0,9,4,13,0,0,0,0,0,0,0,0,4,0,17,1,2,3,4,4,20,6,4.05,2,0
633,unified,off,20,117,233,1.9915,31,60,1.9355,0,2,2,0,18,0,0,0,0,18,36,0,0,0,0,0,0,20,4,2,3,4,4,20,17,3.7,9,7
633,protect_l,left,20,69,233,3.3768,19,60,3.1579,50,14,14,0,6,0,6,0,0,0,0,0,0,0,0,0,0,20,4,2,3,4,4,20,17,3.7,3,0
633,protect_s,symmetric,20,49,233,4.7551,14,60,4.2857,59,12,12,0,8,0,8,0,0,0,0,0,0,0,0,0,0,20,4,2,3,4,4,20,17,3.7,2,0
635,unified,off,21,237,197,0.8312,61,51,0.8361,0,20,20,0,0,1,1,0,0,0,0,0,0,0,0,1,0,20,2,3,4,4,4,20,12,4.05,15,8
635,protect_l,left,21,113,197,1.7434,30,51,1.7,56,17,17,0,3,1,4,0,0,0,0,0,0,0,0,1,0,20,2,3,4,4,4,20,12,4.05,6,0
635,protect_s,symmetric,21,29,197,6.7931,9,51,5.6667,34,3,3,0,17,1,18,0,0,0,0,0,0,0,0,1,0,20,2,3,4,4,4,20,12,4.05,1,0
638,unified,off,20,261,281,1.0766,67,72,1.0746,0,15,15,0,2,3,5,0,0,0,8,0,0,0,0,3,0,17,2,3,3,4,4,20,14,4.1,17,12
638,protect_l,left,20,97,281,2.8969,26,72,2.7692,48,11,11,0,6,3,9,0,0,0,0,0,0,0,0,3,0,17,2,3,3,4,4,20,14,4.1,2,0
638,protect_s,symmetric,20,17,281,16.5294,6,72,12.0,38,4,4,0,13,3,16,0,0,0,0,0,0,0,0,3,0,17,2,3,3,4,4,20,14,4.1,1,0
639,unified,off,21,185,329,1.7784,48,84,1.75,0,11,11,0,5,5,10,0,0,0,7,0,0,0,0,5,0,16,1,2,3,4,4,20,8,3.75,15,8
639,protect_l,left,21,117,329,2.812,31,84,2.7097,64,10,10,0,6,5,11,0,0,0,0,0,0,0,0,5,0,16,1,2,3,4,4,20,8,3.75,7,0
639,protect_s,symmetric,21,57,329,5.7719,16,84,5.25,80,9,9,0,7,5,12,0,0,0,0,0,0,0,0,5,0,16,1,2,3,4,4,20,8,3.75,5,0
640,unified,off,21,177,237,1.339,46,61,1.3261,0,21,21,0,0,0,0,0,0,0,6,0,0,0,0,0,0,21,2,2,2,4,4,20,11,4.15,11,6
640,protect_l,left,21,81,237,2.9259,22,61,2.7727,42,18,18,0,3,0,3,0,0,0,0,0,0,0,0,0,0,21,2,2,2,4,4,20,11,4.15,7,0
640,protect_s,symmetric,21,13,237,18.2308,5,61,12.2,33,3,3,0,18,0,18,0,0,0,0,0,0,0,0,0,0,21,2,2,2,4,4,20,11,4.15,0,0
641,unified,off,20,357,437,1.2241,91,111,1.2198,0,18,18,0,0,2,2,0,0,0,1,0,0,0,0,2,0,18,2,3,3,4,4,20,12,4.1,16,9
641,protect_l,left,20,185,437,2.3622,48,111,2.3125,66,17,17,0,1,2,3,0,0,0,0,0,0,0,0,2,0,18,2,3,3,4,4,20,12,4.1,8,0
641,protect_s,symmetric,20,81,437,5.3951,22,111,5.0455,67,8,8,0,10,2,12,0,0,0,0,0,0,0,0,2,0,18,2,3,3,4,4,20,12,4.1,6,0
643,unified,off,21,297,353,1.1886,76,90,1.1842,0,21,21,0,0,0,0,0,0,0,2,0,0,0,0,0,0,21,4,3,3,4,4,20,17,3.2,15,12
643,protect_l,left,21,137,353,2.5766,36,90,2.5,49,21,21,0,0,0,0,0,0,0,0,0,0,0,0,0,0,21,4,3,3,4,4,20,17,3.2,3,0
643,protect_s,symmetric,21,21,353,16.8095,7,90,12.8571,48,4,4,0,17,0,17,0,0,0,0,0,0,0,0,0,0,21,4,3,3,4,4,20,17,3.2,2,0
644,unified,off,21,257,485,1.8872,66,123,1.8636,0,19,19,0,0,2,2,0,0,0,7,0,0,0,0,2,0,19,2,2,2,4,4,20,13,3.85,17,11
644,protect_l,left,21,133,485,3.6466,35,123,3.5143,57,13,13,0,6,2,8,0,0,0,0,0,0,0,0,2,0,19,2,2,2,4,4,20,13,3.85,7,0
644,protect_s,symmetric,21,37,485,13.1081,11,123,11.1818,56,7,7,0,12,2,14,0,0,0,0,0,0,0,0,2,0,19,2,2,2,4,4,20,13,3.85,4,0
646,unified,off,21,233,221,0.9485,60,57,0.95,0,11,11,0,10,0,0,0,0,10,21,0,0,0,0,0,0,21,2,2,4,4,4,20,13,3.75,15,9
646,protect_l,left,21,117,221,1.8889,31,57,1.8387,55,21,21,0,0,0,0,0,0,0,0,0,0,0,0,0,0,21,2,2,4,4,4,20,13,3.75,5,0
646,protect_s,symmetric,21,25,221,8.84,8,57,7.125,43,4,4,0,17,0,17,0,0,0,0,0,0,0,0,0,0,21,2,2,4,4,4,20,13,3.75,3,0
647,unified,off,20,105,197,1.8762,28,51,1.8214,0,20,20,0,0,0,0,0,0,0,3,0,0,0,0,0,0,20,2,2,2,4,4,20,9,3.4,11,5
647,protect_l,left,20,65,197,3.0308,18,51,2.8333,40,20,20,0,0,0,0,0,0,0,0,0,0,0,0,0,0,20,2,2,2,4,4,20,9,3.4,4,0
647,protect_s,symmetric,20,45,197,4.3778,13,51,3.9231,60,6,6,0,14,0,14,0,0,0,0,0,0,0,0,0,0,20,2,2,2,4,4,20,9,3.4,5,0
648,unified,off,21,313,397,1.2684,80,101,1.2625,0,1,1,0,16,4,20,0,0,0,16,0,0,0,0,4,0,17,1,3,3,4,4,20,8,3.95,16,5
648,protect_l,left,21,137,397,2.8978,36,101,2.8056,39,13,13,0,4,4,8,0,0,0,0,0,0,0,0,4,0,17,1,3,3,4,4,20,8,3.95,10,0
648,protect_s,symmetric,21,37,397,10.7297,11,101,9.1818,45,10,10,0,7,4,11,0,0,0,0,0,0,0,0,4,0,17,1,3,3,4,4,20,8,3.95,5,0
649,unified,off,20,241,377,1.5643,62,96,1.5484,0,15,15,0,0,5,5,0,0,0,0,0,0,0,0,5,0,15,2,2,2,4,4,20,11,3.4,18,11
649,protect_l,left,20,113,377,3.3363,30,96,3.2,47,12,12,0,3,5,8,0,0,0,0,0,0,0,0,5,0,15,2,2,2,4,4,20,11,3.4,7,0
649,protect_s,symmetric,20,61,377,6.1803,17,96,5.6471,57,6,6,0,9,5,14,0,0,0,0,0,0,0,0,5,0,15,2,2,2,4,4,20,11,3.4,4,0
650,unified,off,21,141,241,1.7092,37,62,1.6757,0,18,18,0,3,0,0,0,0,3,6,0,0,0,0,0,0,21,2,2,3,4,4,20,11,3.45,10,5
650,protect_l,left,21,85,241,2.8353,23,62,2.6957,50,21,21,0,0,0,0,0,0,0,0,0,0,0,0,0,0,21,2,2,3,4,4,20,11,3.45,6,0
650,protect_s,symmetric,21,33,241,7.303,10,62,6.2,56,7,7,0,14,0,14,0,0,0,0,0,0,0,0,0,0,21,2,2,3,4,4,20,11,3.45,3,0
651,unified,off,21,137,317,2.3139,36,81,2.25,0,2,2,0,19,0,0,0,0,19,39,0,0,0,0,0,0,21,2,2,2,4,4,20,10,3.95,8,5
651,protect_l,left,21,153,317,2.0719,40,81,2.025,60,2,2,0,19,0,19,0,0,0,0,0,0,0,0,0,0,21,2,2,2,4,4,20,10,3.95,9,0
651,protect_s,symmetric,21,69,317,4.5942,19,81,4.2632,85,15,15,0,6,0,6,0,0,0,0,0,0,0,0,0,0,21,2,2,2,4,4,20,10,3.95,4,0
654,unified,off,21,261,237,0.908,67,61,0.9104,0,4,4,0,17,0,0,0,0,17,34,0,0,0,0,0,0,21,1,3,4,4,4,20,7,3.75,16,5
654,protect_l,left,21,117,237,2.0256,31,61,1.9677,49,19,19,0,2,0,2,0,0,0,0,0,0,0,0,0,0,21,1,3,4,4,4,20,7,3.75,9,0
654,protect_s,symmetric,21,33,237,7.1818,10,61,6.1,61,6,6,0,15,0,15,0,0,0,0,0,0,0,0,0,0,21,1,3,4,4,4,20,7,3.75,5,0
655,unified,off,21,121,149,1.2314,32,39,1.2188,0,2,2,0,19,0,0,0,0,19,38,0,0,0,0,0,0,21,2,3,5,4,4,20,12,3.85,13,6
655,protect_l,left,21,57,149,2.614,16,39,2.4375,32,19,19,0,2,0,2,0,0,0,0,0,0,0,0,0,0,21,2,3,5,4,4,20,12,3.85,7,0
655,protect_s,symmetric,21,17,149,8.7647,6,39,6.5,32,3,3,0,18,0,18,0,0,0,0,0,0,0,0,0,0,21,2,3,5,4,4,20,12,3.85,1,0
657,unified,off,20,217,293,1.3502,56,75,1.3393,0,20,20,0,0,0,0,0,0,0,0,0,0,0,0,0,0,20,1,2,3,4,4,20,6,3.85,14,3
657,protect_l,left,20,149,293,1.9664,39,75,1.9231,84,20,20,0,0,0,0,0,0,0,0,0,0,0,0,0,0,20,1,2,3,4,4,20,6,3.85,11,0
657,protect_s,symmetric,20,77,293,3.8052,21,75,3.5714,97,15,15,0,5,0,5,0,0,0,0,0,0,0,0,0,0,20,1,2,3,4,4,20,6,3.85,9,0
658,unified,off,20,237,329,1.3882,61,84,1.377,0,20,20,0,0,0,0,0,0,0,0,0,0,0,0,0,0,20,1,2,3,4,4,20,6,3.75,15,3
658,protect_l,left,20,165,329,1.9939,43,84,1.9535,77,20,20,0,0,0,0,0,0,0,0,0,0,0,0,0,0,20,1,2,3,4,4,20,6,3.75,11,0
658,protect_s,symmetric,20,89,329,3.6966,24,84,3.5,88,12,12,0,8,0,8,0,0,0,0,0,0,0,0,0,0,20,1,2,3,4,4,20,6,3.75,6,0
659,unified,off,21,249,353,1.4177,64,90,1.4062,0,1,1,0,17,3,14,0,0,6,27,0,0,0,0,3,0,18,2,3,3,4,4,20,11,4.0,19,10
659,protect_l,left,21,101,353,3.495,27,90,3.3333,40,15,15,0,3,3,6,0,0,0,0,0,0,0,0,3,0,18,2,3,3,4,4,20,11,4.0,5,0
659,protect_s,symmetric,21,17,353,20.7647,6,90,15.0,39,4,4,0,14,3,17,0,0,0,0,0,0,0,0,3,0,18,2,3,3,4,4,20,11,4.0,1,0
660,unified,off,21,253,473,1.8696,65,120,1.8462,0,19,19,0,0,2,2,0,0,0,5,0,0,0,0,2,0,19,3,2,2,4,4,20,13,3.75,16,9
660,protect_l,left,21,129,473,3.6667,34,120,3.5294,53,19,19,0,0,2,2,0,0,0,0,0,0,0,0,2,0,19,3,2,2,4,4,20,13,3.75,7,0
660,protect_s,symmetric,21,45,473,10.5111,13,120,9.2308,61,9,9,0,10,2,12,0,0,0,0,0,0,0,0,2,0,19,3,2,2,4,4,20,13,3.75,6,0
661,unified,off,21,121,101,0.8347,32,27,0.8438,0,1,1,0,20,0,0,0,0,20,41,0,0,0,0,0,0,21,2,3,4,4,4,20,12,3.6,9,4
661,protect_l,left,21,53,101,1.9057,15,27,1.8,39,12,12,0,9,0,9,0,0,0,0,0,0,0,0,0,0,21,2,3,4,4,4,20,12,3.6,4,0
661,protect_s,symmetric,21,29,101,3.4828,9,27,3.0,40,5,5,0,16,0,16,0,0,0,0,0,0,0,0,0,0,21,2,3,4,4,4,20,12,3.6,2,0
662,unified,off,21,217,337,1.553,56,86,1.5357,0,2,2,0,19,0,0,0,0,19,38,0,0,0,0,0,0,21,2,2,3,4,4,20,11,4.1,14,7
662,protect_l,left,21,141,337,2.3901,37,86,2.3243,49,21,21,0,0,0,0,0,0,0,0,0,0,0,0,0,0,21,2,2,3,4,4,20,11,4.1,7,0
662,protect_s,symmetric,21,61,337,5.5246,17,86,5.0588,51,7,7,0,14,0,14,0,0,0,0,0,0,0,0,0,0,21,2,2,3,4,4,20,11,4.1,5,0
664,unified,off,21,181,253,1.3978,47,65,1.383,0,17,17,0,1,3,4,0,0,0,8,0,0,0,0,3,0,18,1,2,3,4,4,20,4,3.7,14,3
664,protect_l,left,21,121,253,2.0909,32,65,2.0312,41,14,14,0,4,3,7,0,0,0,0,0,0,0,0,3,0,18,1,2,3,4,4,20,4,3.7,10,0
664,protect_s,symmetric,21,65,253,3.8923,18,65,3.6111,70,14,14,0,4,3,7,0,0,0,0,0,0,0,0,3,0,18,1,2,3,4,4,20,4,3.7,7,0
665,unified,off,21,121,225,1.8595,32,58,1.8125,0,17,17,0,0,4,4,0,0,0,5,0,0,0,0,4,0,17,2,2,2,4,4,20,10,3.9,10,3
665,protect_l,left,21,77,225,2.9221,21,58,2.7619,36,16,16,0,1,4,5,0,0,0,0,0,0,0,0,4,0,17,2,2,2,4,4,20,10,3.9,4,0
665,protect_s,symmetric,21,29,225,7.7586,9,58,6.4444,53,9,9,0,8,4,12,0,0,0,0,0,0,0,0,4,0,17,2,2,2,4,4,20,10,3.9,3,0
666,unified,off,20,209,321,1.5359,54,82,1.5185,0,19,19,0,0,1,1,0,0,0,0,0,0,0,0,1,0,19,1,2,4,4,4,20,6,3.1,16,3
666,protect_l,left,20,133,321,2.4135,35,82,2.3429,63,18,18,0,1,1,2,0,0,0,0,0,0,0,0,1,0,19,1,2,4,4,4,20,6,3.1,9,0
666,protect_s,symmetric,20,61,321,5.2623,17,82,4.8235,93,11,11,0,8,1,9,0,0,0,0,0,0,0,0,1,0,19,1,2,4,4,4,20,6,3.1,5,0
667,unified,off,21,173,221,1.2775,45,57,1.2667,0,3,3,0,18,0,0,0,0,18,50,0,0,0,0,0,0,21,2,2,3,4,4,20,14,3.5,15,11
667,protect_l,left,21,97,221,2.2784,26,57,2.1923,48,5,5,0,16,0,16,0,0,0,0,0,0,0,0,0,0,21,2,2,3,4,4,20,14,3.5,4,0
667,protect_s,symmetric,21,61,221,3.623,17,57,3.3529,57,9,9,0,12,0,12,0,0,0,0,0,0,0,0,0,0,21,2,2,3,4,4,20,14,3.5,4,0
669,unified,off,20,297,453,1.5253,76,115,1.5132,0,20,20,0,0,0,0,0,0,0,3,0,0,0,0,0,0,20,2,2,3,4,4,20,12,3.55,14,9
669,protect_l,left,20,133,453,3.406,35,115,3.2857,51,19,19,0,1,0,1,0,0,0,0,0,0,0,0,0,0,20,2,2,3,4,4,20,12,3.55,3,0
669,protect_s,symmetric,20,17,453,26.6471,6,115,19.1667,50,3,3,0,17,0,17,0,0,0,0,0,0,0,0,0,0,20,2,2,3,4,4,20,12,3.55,1,0
670,unified,off,21,217,297,1.3687,56,76,1.3571,0,2,2,0,19,0,0,0,0,19,40,0,0,0,0,0,0,21,3,2,2,4,4,20,13,3.15,12,7
670,protect_l,left,21,149,297,1.9933,39,76,1.9487,96,21,21,0,0,0,0,0,0,0,0,0,0,0,0,0,0,21,3,2,2,4,4,20,13,3.15,6,0
670,protect_s,symmetric,21,33,297,9.0,10,76,7.6,63,5,5,0,16,0,16,0,0,0,0,0,0,0,0,0,0,21,3,2,2,4,4,20,13,3.15,3,0
671,unified,off,21,117,249,2.1282,31,64,2.0645,0,21,21,0,0,0,0,0,0,0,4,0,0,0,0,0,0,21,1,2,2,4,4,20,6,3.9,11,4
671,protect_l,left,21,81,249,3.0741,22,64,2.9091,54,19,19,0,2,0,2,0,0,0,0,0,0,0,0,0,0,21,1,2,2,4,4,20,6,3.9,7,0
671,protect_s,symmetric,21,37,249,6.7297,11,64,5.8182,81,10,10,0,11,0,11,0,0,0,0,0,0,0,0,0,0,21,1,2,2,4,4,20,6,3.9,4,0
672,unified,off,21,245,317,1.2939,63,81,1.2857,0,21,21,0,0,0,0,0,0,0,0,0,0,0,0,0,0,21,1,3,4,4,4,20,8,4.0,13,4
672,protect_l,left,21,113,317,2.8053,30,81,2.7,39,17,17,0,4,0,4,0,0,0,0,0,0,0,0,0,0,21,1,3,4,4,4,20,8,4.0,6,0
672,protect_s,symmetric,21,33,317,9.6061,10,81,8.1,46,9,9,0,12,0,12,0,0,0,0,0,0,0,0,0,0,21,1,3,4,4,4,20,8,4.0,2,0
674,unified,off,21,161,233,1.4472,42,60,1.4286,0,12,12,0,1,8,3,0,0,6,20,0,0,0,0,8,0,13,1,2,2,4,4,20,6,3.6,12,4
674,protect_l,left,21,97,233,2.4021,26,60,2.3077,29,12,12,0,1,8,9,0,0,0,0,0,0,0,0,8,0,13,1,2,2,4,4,20,6,3.6,9,0
674,protect_s,symmetric,21,21,233,11.0952,7,60,8.5714,38,8,8,0,5,8,13,0,0,0,0,0,0,0,0,8,0,13,1,2,2,4,4,20,6,3.6,2,0
675,unified,off,21,265,433,1.634,68,110,1.6176,0,3,3,0,16,2,0,0,0,18,35,0,0,0,0,2,0,19,1,2,3,4,4,20,9,3.45,14,6
675,protect_l,left,21,101,433,4.2871,27,110,4.0741,39,4,4,0,15,2,17,0,0,0,0,0,0,0,0,2,0,19,1,2,3,4,4,20,9,3.45,7,0
675,protect_s,symmetric,21,33,433,13.1212,10,110,11.0,53,7,7,0,12,2,14,0,0,0,0,0,0,0,0,2,0,19,1,2,3,4,4,20,9,3.45,2,0
677,unified,off,21,177,121,0.6836,46,32,0.6957,0,21,21,0,0,0,0,0,0,0,0,0,0,0,0,0,0,21,3,3,4,4,4,20,16,3.85,10,8
677,protect_l,left,21,73,121,1.6575,20,32,1.6,54,21,21,0,0,0,0,0,0,0,0,0,0,0,0,0,0,21,3,3,4,4,4,20,16,3.85,4,0
677,protect_s,symmetric,21,33,121,3.6667,10,32,3.2,49,13,13,0,8,0,8,0,0,0,0,0,0,0,0,0,0,21,3,3,4,4,4,20,16,3.85,1,0
678,unified,off,21,293,329,1.1229,75,84,1.12,0,6,6,0,13,2,11,0,0,4,14,0,0,0,0,2,0,19,1,3,4,4,4,20,6,4.0,15,3
678,protect_l,left,21,165,329,1.9939,43,84,1.9535,42,8,8,0,11,2,13,0,0,0,0,0,0,0,0,2,0,19,1,3,4,4,4,20,6,4.0,12,0
678,protect_s,symmetric,21,25,329,13.16,8,84,10.5,44,9,9,0,10,2,12,0,0,0,0,0,0,0,0,2,0,19,1,3,4,4,4,20,6,4.0,3,0
679,unified,off,21,173,313,1.8092,45,80,1.7778,0,21,21,0,0,0,0,0,0,0,3,0,0,0,0,0,0,21,2,3,4,4,4,20,8,3.35,13,6
679,protect_l,left,21,125,313,2.504,33,80,2.4242,58,21,21,0,0,0,0,0,0,0,0,0,0,0,0,0,0,21,2,3,4,4,4,20,8,3.35,6,0
679,protect_s,symmetric,21,45,313,6.9556,13,80,6.1538,67,13,13,0,8,0,8,0,0,0,0,0,0,0,0,0,0,21,2,3,4,4,4,20,8,3.35,3,0
680,unified,off,21,121,217,1.7934,32,56,1.75,0,21,21,0,0,0,0,0,0,0,0,0,0,0,0,0,0,21,4,2,3,4,4,20,17,4.3,5,3
680,protect_l,left,21,81,217,2.679,22,56,2.5455,20,21,21,0,0,0,0,0,0,0,0,0,0,0,0,0,0,21,4,2,3,4,4,20,17,4.3,1,0
680,protect_s,symmetric,21,29,217,7.4828,9,56,6.2222,27,5,5,0,16,0,16,0,0,0,0,0,0,0,0,0,0,21,4,2,3,4,4,20,17,4.3,1,0
681,unified,off,21,253,377,1.4901,65,96,1.4769,0,20,20,0,0,1,1,0,0,0,0,0,0,0,0,1,0,20,3,2,3,4,4,20,14,4.15,11,5
681,protect_l,left,21,157,377,2.4013,41,96,2.3415,65,20,20,0,0,1,1,0,0,0,0,0,0,0,0,1,0,20,3,2,3,4,4,20,14,4.15,6,0
681,protect_s,symmetric,21,25,377,15.08,8,96,12.0,51,5,5,0,15,1,16,0,0,0,0,0,0,0,0,1,0,20,3,2,3,4,4,20,14,4.15,2,0
682,unified,off,21,97,229,2.3608,26,59,2.2692,0,21,21,0,0,0,0,0,0,0,1,0,0,0,0,0,0,21,1,3,3,4,4,20,6,2.95,8,1
682,protect_l,left,21,69,229,3.3188,19,59,3.1053,27,21,21,0,0,0,0,0,0,0,0,0,0,0,0,0,0,21,1,3,3,4,4,20,6,2.95,3,0
682,protect_s,symmetric,21,105,229,2.181,28,59,2.1071,124,16,16,0,5,0,5,0,0,0,0,0,0,0,0,0,0,21,1,3,3,4,4,20,6,2.95,6,0
683,unified,off,21,241,293,1.2158,62,75,1.2097,0,21,21,0,0,0,0,0,0,0,13,0,0,0,0,0,0,21,2,3,3,4,4,20,7,3.45,16,7
683,protect_l,left,21,129,293,2.2713,34,75,2.2059,61,21,21,0,0,0,0,0,0,0,0,0,0,0,0,0,0,21,2,3,3,4,4,20,7,3.45,10,0
683,protect_s,symmetric,21,41,293,7.1463,12,75,6.25,57,8,8,0,13,0,13,0,0,0,0,0,0,0,0,0,0,21,2,3,3,4,4,20,7,3.45,2,0
684,unified,off,21,169,289,1.7101,44,74,1.6818,0,1,1,0,20,0,0,0,0,20,41,0,0,0,0,0,0,21,3,2,2,4,4,20,14,3.8,12,8
684,protect_l,left,21,113,289,2.5575,30,74,2.4667,37,21,21,0,0,0,0,0,0,0,0,0,0,0,0,0,0,21,3,2,2,4,4,20,14,3.8,3,0
684,protect_s,symmetric,21,25,289,11.56,8,74,9.25,44,6,6,0,15,0,15,0,0,0,0,0,0,0,0,0,0,21,3,2,2,4,4,20,14,3.8,1,0
686,unified,off,21,141,333,2.3617,37,85,2.2973,0,21,21,0,0,0,0,0,0,0,1,0,0,0,0,0,0,21,1,2,2,4,4,20,7,3.6,15,3
686,protect_l,left,21,137,333,2.4307,36,85,2.3611,68,21,21,0,0,0,0,0,0,0,0,0,0,0,0,0,0,21,1,2,2,4,4,20,7,3.6,12,0
686,protect_s,symmetric,21,49,333,6.7959,14,85,6.0714,61,11,11,0,10,0,10,0,0,0,0,0,0,0,0,0,0,21,1,2,2,4,4,20,7,3.6,6,0
687,unified,off,21,193,313,1.6218,50,80,1.6,0,21,21,0,0,0,0,0,0,0,0,0,0,0,0,0,0,21,3,2,2,4,4,20,12,3.5,9,6
687,protect_l,left,21,109,313,2.8716,29,80,2.7586,49,21,21,0,0,0,0,0,0,0,0,0,0,0,0,0,0,21,3,2,2,4,4,20,12,3.5,2,0
687,protect_s,symmetric,21,69,313,4.5362,19,80,4.2105,86,19,19,0,2,0,2,0,0,0,0,0,0,0,0,0,0,21,3,2,2,4,4,20,12,3.5,2,0
688,unified,off,20,81,141,1.7407,22,37,1.6818,0,20,20,0,0,0,0,0,0,0,0,0,0,0,0,0,0,20,1,3,3,4,4,20,5,3.5,9,1
688,protect_l,left,20,65,141,2.1692,18,37,2.0556,52,20,20,0,0,0,0,0,0,0,0,0,0,0,0,0,0,20,1,3,3,4,4,20,5,3.5,6,0
688,protect_s,symmetric,20,77,141,1.8312,21,37,1.7619,103,16,16,0,4,0,4,0,0,0,0,0,0,0,0,0,0,20,1,3,3,4,4,20,5,3.5,5,0
691,unified,off,20,221,293,1.3258,57,75,1.3158,0,20,20,0,0,0,0,0,0,0,0,0,0,0,0,0,0,20,1,2,3,4,4,20,7,3.3,13,4
691,protect_l,left,20,105,293,2.7905,28,75,2.6786,70,17,17,0,3,0,3,0,0,0,0,0,0,0,0,0,0,20,1,2,3,4,4,20,7,3.3,9,0
691,protect_s,symmetric,20,77,293,3.8052,21,75,3.5714,107,19,19,0,1,0,1,0,0,0,0,0,0,0,0,0,0,20,1,2,3,4,4,20,7,3.3,6,0
692,unified,off,21,181,237,1.3094,47,61,1.2979,0,20,20,0,0,1,1,0,0,0,0,0,0,0,0,1,0,20,1,2,3,4,4,20,6,3.95,13,3
692,protect_l,left,21,125,237,1.896,33,61,1.8485,38,13,13,0,7,1,8,0,0,0,0,0,0,0,0,1,0,20,1,2,3,4,4,20,6,3.95,11,0
692,protect_s,symmetric,21,61,237,3.8852,17,61,3.5882,74,10,10,0,10,1,11,0,0,0,0,0,0,0,0,1,0,20,1,2,3,4,4,20,6,3.95,7,0
693,unified,off,21,237,389,1.6414,61,99,1.623,0,21,21,0,0,0,0,0,0,0,1,0,0,0,0,0,0,21,2,2,2,4,4,20,12,3.45,15,9
693,protect_l,left,21,145,389,2.6828,38,99,2.6053,58,20,20,0,1,0,1,0,0,0,0,0,0,0,0,0,0,21,2,2,2,4,4,20,12,3.45,6,0
693,protect_s,symmetric,21,25,389,15.56,8,99,12.375,54,6,6,0,15,0,15,0,0,0,0,0,0,0,0,0,0,21,2,2,2,4,4,20,12,3.45,3,0
694,unified,off,21,589,749,1.2716,149,189,1.2685,0,20,20,0,0,1,1,0,0,0,0,0,0,0,0,1,0,20,2,3,4,4,4,20,6,3.3,18,6
694,protect_l,left,21,341,749,2.1965,87,189,2.1724,66,20,20,0,0,1,1,0,0,0,0,0,0,0,0,1,0,20,2,3,4,4,4,20,6,3.3,11,0
694,protect_s,symmetric,21,81,749,9.2469,22,189,8.5909,61,7,7,0,13,1,14,0,0,0,0,0,0,0,0,1,0,20,2,3,4,4,4,20,6,3.3,5,0
695,unified,off,21,149,289,1.9396,39,74,1.8974,0,21,21,0,0,0,0,0,0,0,11,0,0,0,0,0,0,21,1,2,3,4,4,20,7,3.45,15,4
695,protect_l,left,21,109,289,2.6514,29,74,2.5517,45,21,21,0,0,0,0,0,0,0,0,0,0,0,0,0,0,21,1,2,3,4,4,20,7,3.45,12,0
695,protect_s,symmetric,21,37,289,7.8108,11,74,6.7273,51,13,13,0,8,0,8,0,0,0,0,0,0,0,0,0,0,21,1,2,3,4,4,20,7,3.45,5,0
696,unified,off,21,173,189,1.0925,45,49,1.0889,0,21,21,0,0,0,0,0,0,0,0,0,0,0,0,0,0,21,1,2,3,4,4,20,9,4.1,10,2
696,protect_l,left,21,145,189,1.3034,38,49,1.2895,88,21,21,0,0,0,0,0,0,0,0,0,0,0,0,0,0,21,1,2,3,4,4,20,9,4.1,8,0
696,protect_s,symmetric,21,89,189,2.1236,24,49,2.0417,85,16,16,0,5,0,5,0,0,0,0,0,0,0,0,0,0,21,1,2,3,4,4,20,9,4.1,5,0
698,unified,off,21,125,109,0.872,33,29,0.8788,0,21,21,0,0,0,0,0,0,0,2,0,0,0,0,0,0,21,1,2,3,4,4,20,7,4.05,12,4
698,protect_l,left,21,81,109,1.3457,22,29,1.3182,30,10,10,0,11,0,11,0,0,0,0,0,0,0,0,0,0,21,1,2,3,4,4,20,7,4.05,7,0
698,protect_s,symmetric,21,29,109,3.7586,9,29,3.2222,55,7,7,0,14,0,14,0,0,0,0,0,0,0,0,0,0,21,1,2,3,4,4,20,7,4.05,3,0
699,unified,off,21,329,517,1.5714,84,131,1.5595,0,4,4,0,17,0,0,0,0,17,44,0,0,0,0,0,0,21,1,2,3,4,4,20,7,3.65,17,7
699,protect_l,left,21,157,517,3.293,41,131,3.1951,52,5,5,0,16,0,16,0,0,0,0,0,0,0,0,0,0,21,1,2,3,4,4,20,7,3.65,11,0
699,protect_s,symmetric,21,29,517,17.8276,9,131,14.5556,39,7,7,0,14,0,14,0,0,0,0,0,0,0,0,0,0,21,1,2,3,4,4,20,7,3.65,4,0
700,unified,off,21,253,325,1.2846,65,83,1.2769,0,21,21,0,0,0,0,0,0,0,0,0,0,0,0,0,0,21,1,3,4,4,4,20,8,3.6,15,5
700,protect_l,left,21,145,325,2.2414,38,83,2.1842,83,20,20,0,1,0,1,0,0,0,0,0,0,0,0,0,0,21,1,3,4,4,4,20,8,3.6,10,0
700,protect_s,symmetric,21,25,325,13.0,8,83,10.375,55,7,7,0,14,0,14,0,0,0,0,0,0,0,0,0,0,21,1,3,4,4,4,20,8,3.6,2,0
702,unified,off,21,133,149,1.1203,35,39,1.1143,0,21,21,0,0,0,0,0,0,0,4,0,0,0,0,0,0,21,2,2,4,4,4,20,14,4.05,14,10
702,protect_l,left,21,61,149,2.4426,17,39,2.2941,43,19,19,0,2,0,2,0,0,0,0,0,0,0,0,0,0,21,2,2,4,4,4,20,14,4.05,4,0
702,protect_s,symmetric,21,21,149,7.0952,7,39,5.5714,39,4,4,0,17,0,17,0,0,0,0,0,0,0,0,0,0,21,2,2,4,4,4,20,14,4.05,2,0
703,unified,off,21,93,113,1.2151,25,30,1.2,0,21,21,0,0,0,0,0,0,0,0,0,0,0,0,0,0,21,1,3,5,4,4,20,5,4.05,11,2
703,protect_l,left,21,57,113,1.9825,16,30,1.875,22,21,21,0,0,0,0,0,0,0,0,0,0,0,0,0,0,21,1,3,5,4,4,20,5,4.05,7,0
703,protect_s,symmetric,21,25,113,4.52,8,30,3.75,35,9,9,0,12,0,12,0,0,0,0,0,0,0,0,0,0,21,1,3,5,4,4,20,5,4.05,2,0
704,unified,off,21,293,381,1.3003,75,97,1.2933,0,20,20,0,0,1,1,0,0,0,12,0,0,0,0,1,0,20,1,3,3,4,4,20,9,3.85,18,7
704,protect_l,left,21,133,381,2.8647,35,97,2.7714,58,15,15,0,5,1,6,0,0,0,0,0,0,0,0,1,0,20,1,3,3,4,4,20,9,3.85,9,0
704,protect_s,symmetric,21,21,381,18.1429,7,97,13.8571,40,5,5,0,15,1,16,0,0,0,0,0,0,0,0,1,0,20,1,3,3,4,4,20,9,3.85,2,0
705,unified,off,21,69,145,2.1014,19,38,2.0,0,16,16,0,5,0,0,0,0,5,24,0,0,0,0,0,0,21,1,2,3,4,4,20,7,3.95,8,3
705,protect_l,left,21,101,145,1.4356,27,38,1.4074,56,21,21,0,0,0,0,0,0,0,0,0,0,0,0,0,0,21,1,2,3,4,4,20,7,3.95,8,0
705,protect_s,symmetric,21,81,145,1.7901,22,38,1.7273,88,15,15,0,6,0,6,0,0,0,0,0,0,0,0,0,0,21,1,2,3,4,4,20,7,3.95,7,0
706,unified,off,19,373,441,1.1823,95,112,1.1789,0,17,17,0,0,2,2,0,0,0,0,0,0,0,0,2,0,17,1,3,4,4,4,20,5,3.2,17,3
706,protect_l,left,19,185,441,2.3838,48,112,2.3333,97,17,17,0,0,2,2,0,0,0,0,0,0,0,0,2,0,17,1,3,4,4,4,20,5,3.2,15,0
706,protect_s,symmetric,19,77,441,5.7273,21,112,5.3333,111,14,14,0,3,2,5,0,0,0,0,0,0,0,0,2,0,17,1,3,4,4,4,20,5,3.2,6,0
707,unified,off,21,109,285,2.6147,29,73,2.5172,0,12,12,0,9,0,0,0,0,9,21,0,0,0,0,0,0,21,3,2,3,4,4,20,14,4.35,8,4
707,protect_l,left,21,73,285,3.9041,20,73,3.65,49,20,20,0,1,0,1,0,0,0,0,0,0,0,0,0,0,21,3,2,3,4,4,20,14,4.35,4,0
707,protect_s,symmetric,21,17,285,16.7647,6,73,12.1667,37,2,2,0,19,0,19,0,0,0,0,0,0,0,0,0,0,21,3,2,3,4,4,20,14,4.35,1,0
708,unified,off,21,105,197,1.8762,28,51,1.8214,0,21,21,0,0,0,0,0,0,0,1,0,0,0,0,0,0,21,1,2,2,4,4,20,4,3.15,10,3
708,protect_l,left,21,113,197,1.7434,30,51,1.7,41,20,20,0,1,0,1,0,0,0,0,0,0,0,0,0,0,21,1,2,2,4,4,20,4,3.15,9,0
708,protect_s,symmetric,21,89,197,2.2135,24,51,2.125,75,19,19,0,2,0,2,0,0,0,0,0,0,0,0,0,0,21,1,2,2,4,4,20,4,3.15,8,0
709,unified,off,21,173,285,1.6474,45,73,1.6222,0,15,15,0,6,0,0,0,0,6,13,0,0,0,0,0,0,21,1,2,3,4,4,20,4,4.15,11,1
709,protect_l,left,21,121,285,2.3554,32,73,2.2812,28,14,14,0,7,0,7,0,0,0,0,0,0,0,0,0,0,21,1,2,3,4,4,20,4,4.15,10,0
709,protect_s,symmetric,21,33,285,8.6364,10,73,7.3,44,7,7,0,14,0,14,0,0,0,0,0,0,0,0,0,0,21,1,2,3,4,4,20,4,4.15,3,0
711,unified,off,21,229,297,1.2969,59,76,1.2881,0,8,8,0,12,1,1,0,0,12,26,0,0,0,0,1,0,20,1,2,3,4,4,20,7,3.85,17,7
711,protect_l,left,21,89,297,3.3371,24,76,3.1667,44,18,18,0,2,1,3,0,0,0,0,0,0,0,0,1,0,20,1,2,3,4,4,20,7,3.85,7,0
711,protect_s,symmetric,21,21,297,14.1429,7,76,10.8571,48,11,11,0,9,1,10,0,0,0,0,0,0,0,0,1,0,20,1,2,3,4,4,20,7,3.85,2,0
712,unified,off,21,249,405,1.6265,64,103,1.6094,0,4,4,0,17,0,0,0,0,17,33,0,0,0,0,0,0,21,1,3,3,4,4,20,10,3.8,13,7
712,protect_l,left,21,93,405,4.3548,25,103,4.12,55,17,17,0,4,0,4,0,0,0,0,0,0,0,0,0,0,21,1,3,3,4,4,20,10,3.8,7,0
712,protect_s,symmetric,21,29,405,13.9655,9,103,11.4444,44,8,8,0,13,0,13,0,0,0,0,0,0,0,0,0,0,21,1,3,3,4,4,20,10,3.8,2,0
713,unified,off,21,93,117,1.2581,25,31,1.24,0,10,10,0,10,1,1,10,0,0,36,0,0,0,0,1,0,20,1,2,2,4,4,20,5,3.45,10,2
713,protect_l,left,21,73,117,1.6027,20,31,1.55,29,20,20,0,0,1,1,0,0,0,0,0,0,0,0,1,0,20,1,2,2,4,4,20,5,3.45,7,0
713,protect_s,symmetric,21,33,117,3.5455,10,31,3.1,47,16,16,0,4,1,5,0,0,0,0,0,0,0,0,1,0,20,1,2,2,4,4,20,5,3.45,3,0
714,unified,off,21,373,497,1.3324,95,126,1.3263,0,21,21,0,0,0,0,0,0,0,11,0,0,0,0,0,0,21,1,3,3,4,4,20,7,3.35,16,4
714,protect_l,left,21,157,497,3.1656,41,126,3.0732,64,20,20,0,1,0,1,0,0,0,0,0,0,0,0,0,0,21,1,3,3,4,4,20,7,3.35,12,0
714,protect_s,symmetric,21,41,497,12.122,12,126,10.5,53,13,13,0,8,0,8,0,0,0,0,0,0,0,0,0,0,21,1,3,3,4,4,20,7,3.35,3,0
715,unified,off,21,101,189,1.8713,27,49,1.8148,0,21,21,0,0,0,0,0,0,0,10,0,0,0,0,0,0,21,1,2,3,4,4,20,5,3.75,10,3
715,protect_l,left,21,85,189,2.2235,23,49,2.1304,44,17,17,0,4,0,4,0,0,0,0,0,0,0,0,0,0,21,1,2,3,4,4,20,5,3.75,8,0
715,protect_s,symmetric,21,25,189,7.56,8,49,6.125,46,7,7,0,14,0,14,0,0,0,0,0,0,0,0,0,0,21,1,2,3,4,4,20,5,3.75,3,0
716,unified,off,20,141,277,1.9645,37,71,1.9189,0,20,20,0,0,0,0,0,0,0,0,0,0,0,0,0,0,20,1,3,3,4,4,20,7,3.75,14,6
716,protect_l,left,20,101,277,2.7426,27,71,2.6296,28,16,16,0,4,0,4,0,0,0,0,0,0,0,0,0,0,20,1,3,3,4,4,20,7,3.75,8,0
716,protect_s,symmetric,20,21,277,13.1905,7,71,10.1429,35,10,10,0,10,0,10,0,0,0,0,0,0,0,0,0,0,20,1,3,3,4,4,20,7,3.75,2,0
717,unified,off,20,149,177,1.1879,39,46,1.1795,0,20,20,0,0,0,0,0,0,0,0,0,0,0,0,0,0,20,1,3,4,4,4,20,6,3.4,11,2
717,protect_l,left,20,101,177,1.7525,27,46,1.7037,60,20,20,0,0,0,0,0,0,0,0,0,0,0,0,0,0,20,1,3,4,4,4,20,6,3.4,7,0
717,protect_s,symmetric,20,77,177,2.2987,21,46,2.1905,94,20,20,0,0,0,0,0,0,0,0,0,0,0,0,0,0,20,1,3,4,4,4,20,6,3.4,4,0
718,unified,off,21,201,325,1.6169,52,83,1.5962,0,18,18,0,1,2,3,0,0,0,13,0,0,0,0,2,0,19,4,2,2,4,4,20,15,3.35,14,10
718,protect_l,left,21,93,325,3.4946,25,83,3.32,55,9,9,0,10,2,12,0,0,0,0,0,0,0,0,2,0,19,4,2,2,4,4,20,15,3.35,5,0
718,protect_s,symmetric,21,29,325,11.2069,9,83,9.2222,58,2,2,0,17,2,19,0,0,0,0,0,0,0,0,2,0,19,4,2,2,4,4,20,15,3.35,2,0
719,unified,off,21,281,113,0.4021,72,30,0.4167,0,21,21,0,0,0,0,0,0,0,5,0,0,0,0,0,0,21,2,2,3,4,4,20,15,4.1,11,10
719,protect_l,left,21,101,113,1.1188,27,30,1.1111,34,17,17,0,4,0,4,0,0,0,0,0,0,0,0,0,0,21,2,2,3,4,4,20,15,4.1,1,0
719,protect_s,symmetric,21,13,113,8.6923,5,30,6.0,33,3,3,0,18,0,18,0,0,0,0,0,0,0,0,0,0,21,2,2,3,4,4,20,15,4.1,0,0
722,unified,off,21,73,101,1.3836,20,27,1.35,0,8,8,0,13,0,0,0,0,13,27,0,0,0,0,0,0,21,3,2,3,4,4,20,12,3.8,4,2
722,protect_l,left,21,73,101,1.3836,20,27,1.35,31,21,21,0,0,0,0,0,0,0,0,0,0,0,0,0,0,21,3,2,3,4,4,20,12,3.8,3,0
722,protect_s,symmetric,21,57,101,1.7719,16,27,1.6875,76,19,19,0,2,0,2,0,0,0,0,0,0,0,0,0,0,21,3,2,3,4,4,20,12,3.8,3,0
723,unified,off,21,285,433,1.5193,73,110,1.5068,0,16,16,0,0,5,5,0,0,0,2,0,0,0,0,5,0,16,3,2,2,4,4,20,13,3.5,15,10
723,protect_l,left,21,113,433,3.8319,30,110,3.6667,48,15,15,0,1,5,6,0,0,0,0,0,0,0,0,5,0,16,3,2,2,4,4,20,13,3.5,4,0
723,protect_s,symmetric,21,53,433,8.1698,15,110,7.3333,62,8,8,0,8,5,13,0,0,0,0,0,0,0,0,5,0,16,3,2,2,4,4,20,13,3.5,4,0
724,unified,off,21,229,397,1.7336,59,101,1.7119,0,21,21,0,0,0,0,0,0,0,0,0,0,0,0,0,0,21,1,2,3,4,4,20,6,3.15,15,3
724,protect_l,left,21,181,397,2.1934,47,101,2.1489,107,21,21,0,0,0,0,0,0,0,0,0,0,0,0,0,0,21,1,2,3,4,4,20,6,3.15,9,0
724,protect_s,symmetric,21,137,397,2.8978,36,101,2.8056,167,19,19,0,2,0,2,0,0,0,0,0,0,0,0,0,0,21,1,2,3,4,4,20,6,3.15,8,0
725,unified,off,21,253,433,1.7115,65,110,1.6923,0,21,21,0,0,0,0,0,0,0,2,0,0,0,0,0,0,21,1,2,4,4,4,20,6,3.9,13,4
725,protect_l,left,21,181,433,2.3923,47,110,2.3404,86,17,17,0,4,0,4,0,0,0,0,0,0,0,0,0,0,21,1,2,4,4,4,20,6,3.9,9,0
725,protect_s,symmetric,21,73,433,5.9315,20,110,5.5,74,6,6,0,15,0,15,0,0,0,0,0,0,0,0,0,0,21,1,2,4,4,4,20,6,3.9,6,0
727,unified,off,21,153,193,1.2614,40,50,1.25,0,21,21,0,0,0,0,0,0,0,3,0,0,0,0,0,0,21,1,2,3,4,4,20,9,3.95,17,7
727,protect_l,left,21,89,193,2.1685,24,50,2.0833,54,21,21,0,0,0,0,0,0,0,0,0,0,0,0,0,0,21,1,2,3,4,4,20,9,3.95,9,0
727,protect_s,symmetric,21,41,193,4.7073,12,50,4.1667,54,7,7,0,14,0,14,0,0,0,0,0,0,0,0,0,0,21,1,2,3,4,4,20,9,3.95,5,0
728,unified,off,21,65,85,1.3077,18,23,1.2778,0,21,21,0,0,0,0,0,0,0,0,0,0,0,0,0,0,21,1,3,4,4,4,20,7,3.8,6,1
728,protect_l,left,21,45,85,1.8889,13,23,1.7692,26,17,17,0,4,0,4,0,0,0,0,0,0,0,0,0,0,21,1,3,4,4,4,20,7,3.8,4,0
728,protect_s,symmetric,21,33,85,2.5758,10,23,2.3,38,11,11,0,10,0,10,0,0,0,0,0,0,0,0,0,0,21,1,3,4,4,4,20,7,3.8,4,0
729,unified,off,21,213,301,1.4131,55,77,1.4,0,2,2,0,19,0,0,19,0,0,57,0,0,0,0,0,0,21,2,3,3,4,4,20,9,3.6,10,6
729,protect_l,left,21,133,301,2.2632,35,77,2.2,53,21,21,0,0,0,0,0,0,0,0,0,0,0,0,0,0,21,2,3,3,4,4,20,9,3.6,7,0
729,protect_s,symmetric,21,17,301,17.7059,6,77,12.8333,45,6,6,0,15,0,15,0,0,0,0,0,0,0,0,0,0,21,2,3,3,4,4,20,9,3.6,1,0
732,unified,off,21,337,397,1.178,86,101,1.1744,0,21,21,0,0,0,0,0,0,0,3,0,0,0,0,0,0,21,2,3,4,4,4,20,10,3.4,17,8
732,protect_l,left,21,149,397,2.6644,39,101,2.5897,67,7,7,0,14,0,14,0,0,0,0,0,0,0,0,0,0,21,2,3,4,4,4,20,10,3.4,8,0
732,protect_s,symmetric,21,13,397,30.5385,5,101,20.2,40,3,3,0,18,0,18,0,0,0,0,0,0,0,0,0,0,21,2,3,4,4,4,20,10,3.4,0,0
733,unified,off,21,149,277,1.8591,39,71,1.8205,0,21,21,0,0,0,0,0,0,0,3,0,0,0,0,0,0,21,1,3,4,4,4,20,7,3.35,13,4
733,protect_l,left,21,101,277,2.7426,27,71,2.6296,47,17,17,0,4,0,4,0,0,0,0,0,0,0,0,0,0,21,1,3,4,4,4,20,7,3.35,8,0
733,protect_s,symmetric,21,61,277,4.541,17,71,4.1765,61,10,10,0,11,0,11,0,0,0,0,0,0,0,0,0,0,21,1,3,4,4,4,20,7,3.35,5,0
734,unified,off,21,109,173,1.5872,29,45,1.5517,0,21,21,0,0,0,0,0,0,0,11,0,0,0,0,0,0,21,1,2,3,4,4,20,11,4.4,10,5
734,protect_l,left,21,53,173,3.2642,15,45,3.0,45,19,19,0,2,0,2,0,0,0,0,0,0,0,0,0,0,21,1,2,3,4,4,20,11,4.4,4,0
734,protect_s,symmetric,21,29,173,5.9655,9,45,5.0,55,14,14,0,7,0,7,0,0,0,0,0,0,0,0,0,0,21,1,2,3,4,4,20,11,4.4,1,0
735,unified,off,21,177,141,0.7966,46,37,0.8043,0,21,21,0,0,0,0,0,0,0,0,0,0,0,0,0,0,21,1,4,5,4,4,20,10,3.95,15,7
735,protect_l,left,21,61,141,2.3115,17,37,2.1765,49,20,20,0,1,0,1,0,0,0,0,0,0,0,0,0,0,21,1,4,5,4,4,20,10,3.95,5,0
735,protect_s,symmetric,21,13,141,10.8462,5,37,7.4,33,4,4,0,17,0,17,0,0,0,0,0,0,0,0,0,0,21,1,4,5,4,4,20,10,3.95,0,0
736,unified,off,21,345,441,1.2783,88,112,1.2727,0,18,18,0,0,3,3,0,0,0,0,0,0,0,0,3,0,18,3,2,4,4,4,20,14,3.8,14,8
736,protect_l,left,21,133,441,3.3158,35,112,3.2,49,15,15,0,3,3,6,0,0,0,0,0,0,0,0,3,0,18,3,2,4,4,4,20,14,3.8,4,0
736,protect_s,symmetric,21,21,441,21.0,7,112,16.0,36,4,4,0,14,3,17,0,0,0,0,0,0,0,0,3,0,18,3,2,4,4,4,20,14,3.8,2,0
738,unified,off,21,193,257,1.3316,50,66,1.32,0,1,1,0,20,0,0,0,0,20,44,0,0,0,0,0,0,21,1,3,4,4,4,20,4,4.0,13,3
738,protect_l,left,21,141,257,1.8227,37,66,1.7838,66,8,8,0,13,0,13,0,0,0,0,0,0,0,0,0,0,21,1,3,4,4,4,20,4,4.0,10,0
738,protect_s,symmetric,21,33,257,7.7879,10,66,6.6,62,5,5,0,16,0,16,0,0,0,0,0,0,0,0,0,0,21,1,3,4,4,4,20,4,4.0,2,0
740,unified,off,21,285,421,1.4772,73,107,1.4658,0,18,18,0,0,3,3,0,0,0,0,0,0,0,0,3,0,18,2,2,3,4,4,20,9,3.75,16,7
740,protect_l,left,21,113,421,3.7257,30,107,3.5667,47,6,6,0,12,3,15,0,0,0,0,0,0,0,0,3,0,18,2,2,3,4,4,20,9,3.75,7,0
740,protect_s,symmetric,21,33,421,12.7576,10,107,10.7,51,5,5,0,13,3,16,0,0,0,0,0,0,0,0,3,0,18,2,2,3,4,4,20,9,3.75,3,0
743,unified,off,21,217,165,0.7604,56,43,0.7679,0,1,1,0,14,6,20,0,0,0,16,0,0,0,0,6,0,15,2,3,3,4,4,20,12,4.4,12,8
743,protect_l,left,21,109,165,1.5138,29,43,1.4828,39,12,12,0,3,6,9,0,0,0,0,0,0,0,0,6,0,15,2,3,3,4,4,20,12,4.4,4,0
743,protect_s,symmetric,21,21,165,7.8571,7,43,6.1429,38,4,4,0,11,6,17,0,0,0,0,0,0,0,0,6,0,15,2,3,3,4,4,20,12,4.4,1,0
744,unified,off,21,93,101,1.086,25,27,1.08,0,21,21,0,0,0,0,0,0,0,10,0,0,0,0,0,0,21,1,2,2,4,4,20,7,3.85,10,5
744,protect_l,left,21,65,101,1.5538,18,27,1.5,36,20,20,0,1,0,1,0,0,0,0,0,0,0,0,0,0,21,1,2,2,4,4,20,7,3.85,4,0
744,protect_s,symmetric,21,61,101,1.6557,17,27,1.5882,71,19,19,0,2,0,2,0,0,0,0,0,0,0,0,0,0,21,1,2,2,4,4,20,7,3.85,4,0
745,unified,off,21,177,229,1.2938,46,59,1.2826,0,21,21,0,0,0,0,0,0,0,7,0,0,0,0,0,0,21,1,2,3,4,4,20,7,3.7,14,5
745,protect_l,left,21,121,229,1.8926,32,59,1.8438,45,21,21,0,0,0,0,0,0,0,0,0,0,0,0,0,0,21,1,2,3,4,4,20,7,3.7,11,0
745,protect_s,symmetric,21,29,229,7.8966,9,59,6.5556,41,11,11,0,10,0,10,0,0,0,0,0,0,0,0,0,0,21,1,2,3,4,4,20,7,3.7,4,0
746,unified,off,21,97,161,1.6598,26,42,1.6154,0,21,21,0,0,0,0,0,0,0,0,0,0,0,0,0,0,21,1,2,3,4,4,20,4,3.7,8,2
746,protect_l,left,21,145,161,1.1103,38,42,1.1053,43,19,19,0,2,0,2,0,0,0,0,0,0,0,0,0,0,21,1,2,3,4,4,20,4,3.7,14,0
746,protect_s,symmetric,21,57,161,2.8246,16,42,2.625,71,16,16,0,5,0,5,0,0,0,0,0,0,0,0,0,0,21,1,2,3,4,4,20,4,3.7,6,0
748,unified,off,21,221,305,1.3801,57,78,1.3684,0,20,20,0,1,0,1,0,0,0,3,0,0,0,0,0,0,21,1,3,3,4,4,20,9,3.75,15,8
748,protect_l,left,21,109,305,2.7982,29,78,2.6897,70,20,20,0,1,0,1,0,0,0,0,0,0,0,0,0,0,21,1,3,3,4,4,20,9,3.75,7,0
748,protect_s,symmetric,21,45,305,6.7778,13,78,6.0,64,5,5,0,16,0,16,0,0,0,0,0,0,0,0,0,0,21,1,3,3,4,4,20,9,3.75,4,0
750,unified,off,21,145,169,1.1655,38,44,1.1579,0,21,21,0,0,0,0,0,0,0,6,0,0,0,0,0,0,21,2,2,2,4,4,20,13,3.75,13,9
750,protect_l,left,21,93,169,1.8172,25,44,1.76,63,21,21,0,0,0,0,0,0,0,0,0,0,0,0,0,0,21,2,2,2,4,4,20,13,3.75,5,0
750,protect_s,symmetric,21,45,169,3.7556,13,44,3.3846,64,13,13,0,8,0,8,0,0,0,0,0,0,0,0,0,0,21,2,2,2,4,4,20,13,3.75,3,0
752,unified,off,21,185,257,1.3892,48,66,1.375,0,21,21,0,0,0,0,0,0,0,0,0,0,0,0,0,0,21,1,2,2,4,4,20,5,3.75,15,2
752,protect_l,left,21,117,257,2.1966,31,66,2.129,69,17,17,0,4,0,4,0,0,0,0,0,0,0,0,0,0,21,1,2,2,4,4,20,5,3.75,9,0
752,protect_s,symmetric,21,69,257,3.7246,19,66,3.4737,93,11,11,0,10,0,10,0,0,0,0,0,0,0,0,0,0,21,1,2,2,4,4,20,5,3.75,7,0
753,unified,off,21,125,177,1.416,33,46,1.3939,0,7,7,0,14,0,0,0,0,14,27,0,0,0,0,0,0,21,2,2,3,4,4,20,11,4.2,13,6
753,protect_l,left,21,85,177,2.0824,23,46,2.0,48,20,20,0,1,0,1,0,0,0,0,0,0,0,0,0,0,21,2,2,3,4,4,20,11,4.2,8,0
753,protect_s,symmetric,21,29,177,6.1034,9,46,5.1111,47,5,5,0,16,0,16,0,0,0,0,0,0,0,0,0,0,21,2,2,3,4,4,20,11,4.2,2,0
754,unified,off,21,173,301,1.7399,45,77,1.7111,0,20,20,0,0,1,1,0,0,0,15,0,0,0,0,1,0,20,3,2,2,4,4,20,14,3.65,14,10
754,protect_l,left,21,93,301,3.2366,25,77,3.08,59,20,20,0,0,1,1,0,0,0,0,0,0,0,0,1,0,20,3,2,2,4,4,20,14,3.65,4,0
754,protect_s,symmetric,21,25,301,12.04,8,77,9.625,51,7,7,0,13,1,14,0,0,0,0,0,0,0,0,1,0,20,3,2,2,4,4,20,14,3.65,1,0
755,unified,off,21,65,129,1.9846,18,34,1.8889,0,8,8,0,13,0,0,0,0,13,38,0,0,0,0,0,0,21,1,2,3,4,4,20,6,3.85,8,1
755,protect_l,left,21,65,129,1.9846,18,34,1.8889,37,21,21,0,0,0,0,0,0,0,0,0,0,0,0,0,0,21,1,2,3,4,4,20,6,3.85,5,0
755,protect_s,symmetric,21,65,129,1.9846,18,34,1.8889,59,21,21,0,0,0,0,0,0,0,0,0,0,0,0,0,0,21,1,2,3,4,4,20,6,3.85,5,0
756,unified,off,20,105,153,1.4571,28,40,1.4286,0,20,20,0,0,0,0,0,0,0,0,0,0,0,0,0,0,20,1,2,3,4,4,20,9,3.95,13,8
756,protect_l,left,20,49,153,3.1224,14,40,2.8571,31,20,20,0,0,0,0,0,0,0,0,0,0,0,0,0,0,20,1,2,3,4,4,20,9,3.95,4,0
756,protect_s,symmetric,20,25,153,6.12,8,40,5.0,40,5,5,0,15,0,15,0,0,0,0,0,0,0,0,0,0,20,1,2,3,4,4,20,9,3.95,3,0
757,unified,off,20,97,69,0.7113,26,19,0.7308,0,20,20,0,0,0,0,0,0,0,0,0,0,0,0,0,0,20,2,3,3,4,4,20,15,4.6,8,5
757,protect_l,left,20,77,69,0.8961,21,19,0.9048,69,15,15,0,5,0,5,0,0,0,0,0,0,0,0,0,0,20,2,3,3,4,4,20,15,4.6,4,0
757,protect_s,symmetric,20,53,69,1.3019,15,19,1.2667,69,15,15,0,5,0,5,0,0,0,0,0,0,0,0,0,0,20,2,3,3,4,4,20,15,4.6,3,0
758,unified,off,21,141,149,1.0567,37,39,1.0541,0,21,21,0,0,0,0,0,0,0,9,0,0,0,0,0,0,21,2,2,4,4,4,20,10,4.1,12,5
758,protect_l,left,21,101,149,1.4752,27,39,1.4444,63,21,21,0,0,0,0,0,0,0,0,0,0,0,0,0,0,21,2,2,4,4,4,20,10,4.1,7,0
758,protect_s,symmetric,21,33,149,4.5152,10,39,3.9,59,8,8,0,13,0,13,0,0,0,0,0,0,0,0,0,0,21,2,2,4,4,4,20,10,4.1,3,0
759,unified,off,20,157,289,1.8408,41,74,1.8049,0,11,11,0,8,1,1,0,0,8,18,0,0,0,0,1,0,19,2,2,3,4,4,20,11,3.55,11,5
759,protect_l,left,20,97,289,2.9794,26,74,2.8462,51,19,19,0,0,1,1,0,0,0,0,0,0,0,0,1,0,19,2,2,3,4,4,20,11,3.55,6,0
759,protect_s,symmetric,20,29,289,9.9655,9,74,8.2222,39,8,8,0,11,1,12,0,0,0,0,0,0,0,0,1,0,19,2,2,3,4,4,20,11,3.55,3,0
760,unified,off,21,277,329,1.1877,71,84,1.1831,0,6,6,0,12,3,15,0,0,0,0,0,0,0,0,3,0,18,2,4,3,4,4,20,9,3.85,15,9
760,protect_l,left,21,153,329,2.1503,40,84,2.1,31,9,9,0,9,3,12,0,0,0,0,0,0,0,0,3,0,18,2,4,3,4,4,20,9,3.85,6,0
760,protect_s,symmetric,21,21,329,15.6667,7,84,12.0,41,2,2,0,16,3,19,0,0,0,0,0,0,0,0,3,0,18,2,4,3,4,4,20,9,3.85,2,0
761,unified,off,21,189,209,1.1058,49,54,1.102,0,21,21,0,0,0,0,0,0,0,8,0,0,0,0,0,0,21,2,2,2,4,4,20,11,3.75,12,5
761,protect_l,left,21,117,209,1.7863,31,54,1.7419,70,21,21,0,0,0,0,0,0,0,0,0,0,0,0,0,0,21,2,2,2,4,4,20,11,3.75,7,0
761,protect_s,symmetric,21,81,209,2.5802,22,54,2.4545,84,14,14,0,7,0,7,0,0,0,0,0,0,0,0,0,0,21,2,2,2,4,4,20,11,3.75,6,0
763,unified,off,21,173,245,1.4162,45,63,1.4,0,18,18,0,0,3,3,0,0,0,8,0,0,0,0,3,0,18,1,3,3,4,4,20,6,3.75,14,4
763,protect_l,left,21,81,245,3.0247,22,63,2.8636,36,14,14,0,4,3,7,0,0,0,0,0,0,0,0,3,0,18,1,3,3,4,4,20,6,3.75,8,0
763,protect_s,symmetric,21,29,245,8.4483,9,63,7.0,45,7,7,0,11,3,14,0,0,0,0,0,0,0,0,3,0,18,1,3,3,4,4,20,6,3.75,3,0
764,unified,off,21,177,165,0.9322,46,43,0.9348,0,21,21,0,0,0,0,0,0,0,0,0,0,0,0,0,0,21,2,3,4,4,4,20,11,3.9,14,7
764,protect_l,left,21,129,165,1.2791,34,43,1.2647,49,8,8,0,13,0,13,0,0,0,0,0,0,0,0,0,0,21,2,3,4,4,4,20,11,3.9,8,0
764,protect_s,symmetric,21,33,165,5.0,10,43,4.3,52,5,5,0,16,0,16,0,0,0,0,0,0,0,0,0,0,21,2,3,4,4,4,20,11,3.9,5,0
765,unified,off,20,73,161,2.2055,20,42,2.1,0,20,20,0,0,0,0,0,0,0,7,0,0,0,0,0,0,20,2,2,3,4,4,20,11,3.8,9,4
765,protect_l,left,20,41,161,3.9268,12,42,3.5,38,20,20,0,0,0,0,0,0,0,0,0,0,0,0,0,0,20,2,2,3,4,4,20,11,3.8,4,0
765,protect_s,symmetric,20,25,161,6.44,8,42,5.25,44,5,5,0,15,0,15,0,0,0,0,0,0,0,0,0,0,20,2,2,3,4,4,20,11,3.8,3,0
766,unified,off,21,293,505,1.7235,75,128,1.7067,0,21,21,0,0,0,0,0,0,0,11,0,0,0,0,0,0,21,2,2,3,4,4,20,10,3.75,16,9
766,protect_l,left,21,161,505,3.1366,42,128,3.0476,41,15,15,0,6,0,6,0,0,0,0,0,0,0,0,0,0,21,2,2,3,4,4,20,10,3.75,8,0
766,protect_s,symmetric,21,29,505,17.4138,9,128,14.2222,48,3,3,0,18,0,18,0,0,0,0,0,0,0,0,0,0,21,2,2,3,4,4,20,10,3.75,3,0
767,unified,off,21,121,193,1.595,32,50,1.5625,0,21,21,0,0,0,0,0,0,0,7,0,0,0,0,0,0,21,2,2,2,4,4,20,12,3.75,10,6
767,protect_l,left,21,81,193,2.3827,22,50,2.2727,51,19,19,0,2,0,2,0,0,0,0,0,0,0,0,0,0,21,2,2,2,4,4,20,12,3.75,3,0
767,protect_s,symmetric,21,45,193,4.2889,13,50,3.8462,63,15,15,0,6,0,6,0,0,0,0,0,0,0,0,0,0,21,2,2,2,4,4,20,12,3.75,3,0
769,unified,off,20,201,349,1.7363,52,89,1.7115,0,10,10,0,10,0,0,0,0,10,19,0,0,0,0,0,0,20,1,2,2,4,4,20,5,3.2,14,3
769,protect_l,left,20,169,349,2.0651,44,89,2.0227,60,20,20,0,0,0,0,0,0,0,0,0,0,0,0,0,0,20,1,2,2,4,4,20,5,3.2,12,0
769,protect_s,symmetric,20,97,349,3.5979,26,89,3.4231,85,18,18,0,2,0,2,0,0,0,0,0,0,0,0,0,0,20,1,2,2,4,4,20,5,3.2,9,0
770,unified,off,20,85,77,0.9059,23,21,0.913,0,2,2,0,18,0,0,0,0,18,37,0,0,0,0,0,0,20,2,2,2,4,4,20,13,3.85,7,5
770,protect_l,left,20,29,77,2.6552,9,21,2.3333,22,3,3,0,17,0,17,0,0,0,0,0,0,0,0,0,0,20,2,2,2,4,4,20,13,3.85,2,0
770,protect_s,symmetric,20,13,77,5.9231,5,21,4.2,32,4,4,0,16,0,16,0,0,0,0,0,0,0,0,0,0,20,2,2,2,4,4,20,13,3.85,0,0
771,unified,off,21,97,109,1.1237,26,29,1.1154,0,21,21,0,0,0,0,0,0,0,1,0,0,0,0,0,0,21,1,2,2,4,4,20,5,4.0,7,1
771,protect_l,left,21,93,109,1.172,25,29,1.16,41,21,21,0,0,0,0,0,0,0,0,0,0,0,0,0,0,21,1,2,2,4,4,20,5,4.0,7,0
771,protect_s,symmetric,21,49,109,2.2245,14,29,2.0714,63,17,17,0,4,0,4,0,0,0,0,0,0,0,0,0,0,21,1,2,2,4,4,20,5,4.0,3,0
774,unified,off,21,169,261,1.5444,44,67,1.5227,0,21,21,0,0,0,0,0,0,0,0,0,0,0,0,0,0,21,1,3,4,4,4,20,8,3.55,13,5
774,protect_l,left,21,113,261,2.3097,30,67,2.2333,59,18,18,0,3,0,3,0,0,0,0,0,0,0,0,0,0,21,1,3,4,4,4,20,8,3.55,9,0
774,protect_s,symmetric,21,21,261,12.4286,7,67,9.5714,39,6,6,0,15,0,15,0,0,0,0,0,0,0,0,0,0,21,1,3,4,4,4,20,8,3.55,2,0
776,unified,off,21,205,253,1.2341,53,65,1.2264,0,21,21,0,0,0,0,0,0,0,1,0,0,0,0,0,0,21,1,2,3,4,4,20,9,3.9,14,6
776,protect_l,left,21,113,253,2.2389,30,65,2.1667,93,20,20,0,1,0,1,0,0,0,0,0,0,0,0,0,0,21,1,2,3,4,4,20,9,3.9,7,0
776,protect_s,symmetric,21,49,253,5.1633,14,65,4.6429,91,17,17,0,4,0,4,0,0,0,0,0,0,0,0,0,0,21,1,2,3,4,4,20,9,3.9,4,0
778,unified,off,21,77,69,0.8961,21,19,0.9048,0,21,21,0,0,0,0,0,0,0,17,0,0,0,0,0,0,21,2,2,4,4,4,20,13,3.5,9,5
778,protect_l,left,21,41,69,1.6829,12,19,1.5833,21,21,21,0,0,0,0,0,0,0,0,0,0,0,0,0,0,21,2,2,4,4,4,20,13,3.5,2,0
778,protect_s,symmetric,21,17,69,4.0588,6,19,3.1667,32,3,3,0,18,0,18,0,0,0,0,0,0,0,0,0,0,21,2,2,4,4,4,20,13,3.5,1,0
779,unified,off,20,81,149,1.8395,22,39,1.7727,0,12,12,0,8,0,0,0,0,8,25,0,0,0,0,0,0,20,2,2,3,4,4,20,10,3.8,11,5
779,protect_l,left,20,61,149,2.4426,17,39,2.2941,39,12,12,0,8,0,8,0,0,0,0,0,0,0,0,0,0,20,2,2,3,4,4,20,10,3.8,5,0
779,protect_s,symmetric,20,29,149,5.1379,9,39,4.3333,46,6,6,0,14,0,14,0,0,0,0,0,0,0,0,0,0,20,2,2,3,4,4,20,10,3.8,2,0
780,unified,off,21,281,433,1.5409,72,110,1.5278,0,19,19,0,0,2,2,0,0,0,3,0,0,0,0,2,0,19,1,3,3,4,4,20,7,3.95,15,3
780,protect_l,left,21,141,433,3.0709,37,110,2.973,82,19,19,0,0,2,2,0,0,0,0,0,0,0,0,2,0,19,1,3,3,4,4,20,7,3.95,9,0
780,protect_s,symmetric,21,77,433,5.6234,21,110,5.2381,103,14,14,0,5,2,7,0,0,0,0,0,0,0,0,2,0,19,1,3,3,4,4,20,7,3.95,5,0
781,unified,off,21,217,337,1.553,56,86,1.5357,0,21,21,0,0,0,0,0,0,0,2,0,0,0,0,0,0,21,1,2,3,4,4,20,4,3.7,14,3
781,protect_l,left,21,173,337,1.948,45,86,1.9111,50,21,21,0,0,0,0,0,0,0,0,0,0,0,0,0,0,21,1,2,3,4,4,20,4,3.7,11,0
781,protect_s,symmetric,21,65,337,5.1846,18,86,4.7778,59,17,17,0,4,0,4,0,0,0,0,0,0,0,0,0,0,21,1,2,3,4,4,20,4,3.7,5,0
782,unified,off,21,297,509,1.7138,76,129,1.6974,0,21,21,0,0,0,0,0,0,0,0,0,0,0,0,0,0,21,1,3,3,4,4,20,4,3.35,18,3
782,protect_l,left,21,189,509,2.6931,49,129,2.6327,76,21,21,0,0,0,0,0,0,0,0,0,0,0,0,0,0,21,1,3,3,4,4,20,4,3.35,12,0
782,protect_s,symmetric,21,65,509,7.8308,18,129,7.1667,84,8,8,0,13,0,13,0,0,0,0,0,0,0,0,0,0,21,1,3,3,4,4,20,4,3.35,6,0
783,unified,off,20,161,249,1.5466,42,64,1.5238,0,20,20,0,0,0,0,0,0,0,13,0,0,0,0,0,0,20,2,2,4,4,4,20,12,3.65,15,10
783,protect_l,left,20,89,249,2.7978,24,64,2.6667,46,13,13,0,7,0,7,0,0,0,0,0,0,0,0,0,0,20,2,2,4,4,4,20,12,3.65,6,0
783,protect_s,symmetric,20,25,249,9.96,8,64,8.0,41,4,4,0,16,0,16,0,0,0,0,0,0,0,0,0,0,20,2,2,4,4,4,20,12,3.65,3,0
786,unified,off,21,245,317,1.2939,63,81,1.2857,0,16,16,0,2,3,5,0,0,0,3,0,0,0,0,3,0,18,1,3,3,4,4,20,10,4.05,16,7
786,protect_l,left,21,85,317,3.7294,23,81,3.5217,49,16,16,0,2,3,5,0,0,0,0,0,0,0,0,3,0,18,1,3,3,4,4,20,10,4.05,7,0
786,protect_s,symmetric,21,25,317,12.68,8,81,10.125,44,8,8,0,10,3,13,0,0,0,0,0,0,0,0,3,0,18,1,3,3,4,4,20,10,4.05,3,0
787,unified,off,21,209,357,1.7081,54,91,1.6852,0,21,21,0,0,0,0,0,0,0,0,0,0,0,0,0,0,21,3,2,2,4,4,20,14,3.3,11,9
787,protect_l,left,21,117,357,3.0513,31,91,2.9355,37,21,21,0,0,0,0,0,0,0,0,0,0,0,0,0,0,21,3,2,2,4,4,20,14,3.3,4,0
787,protect_s,symmetric,21,21,357,17.0,7,91,13.0,45,4,4,0,17,0,17,0,0,0,0,0,0,0,0,0,0,21,3,2,2,4,4,20,14,3.3,2,0
788,unified,off,21,173,201,1.1618,45,52,1.1556,0,21,21,0,0,0,0,0,0,0,3,0,0,0,0,0,0,21,1,2,3,4,4,20,8,3.8,15,5
788,protect_l,left,21,129,201,1.5581,34,52,1.5294,45,18,18,0,3,0,3,0,0,0,0,0,0,0,0,0,0,21,1,2,3,4,4,20,8,3.8,9,0
788,protect_s,symmetric,21,17,201,11.8235,6,52,8.6667,36,7,7,0,14,0,14,0,0,0,0,0,0,0,0,0,0,21,1,2,3,4,4,20,8,3.8,1,0
789,unified,off,21,121,153,1.2645,32,40,1.25,0,5,5,0,16,0,0,0,0,16,39,0,0,0,0,0,0,21,4,2,3,4,4,20,16,4.2,12,8
789,protect_l,left,21,73,153,2.0959,20,40,2.0,41,21,21,0,0,0,0,0,0,0,0,0,0,0,0,0,0,21,4,2,3,4,4,20,16,4.2,4,0
789,protect_s,symmetric,21,25,153,6.12,8,40,5.0,34,2,2,0,19,0,19,0,0,0,0,0,0,0,0,0,0,21,4,2,3,4,4,20,16,4.2,2,0
790,unified,off,21,69,93,1.3478,19,25,1.3158,0,1,1,0,20,0,0,0,0,20,40,0,0,0,0,0,0,21,1,4,4,4,4,20,8,3.75,10,3
790,protect_l,left,21,37,93,2.5135,11,25,2.2727,21,3,3,0,18,0,18,0,0,0,0,0,0,0,0,0,0,21,1,4,4,4,4,20,8,3.75,5,0
790,protect_s,symmetric,21,21,93,4.4286,7,25,3.5714,39,5,5,0,16,0,16,0,0,0,0,0,0,0,0,0,0,21,1,4,4,4,4,20,8,3.75,2,0
791,unified,off,21,217,293,1.3502,56,75,1.3393,0,21,21,0,0,0,0,0,0,0,0,0,0,0,0,0,0,21,2,3,4,4,4,20,9,3.65,13,4
791,protect_l,left,21,97,293,3.0206,26,75,2.8846,57,21,21,0,0,0,0,0,0,0,0,0,0,0,0,0,0,21,2,3,4,4,4,20,9,3.65,8,0
791,protect_s,symmetric,21,25,293,11.72,8,75,9.375,51,6,6,0,15,0,15,0,0,0,0,0,0,0,0,0,0,21,2,3,4,4,4,20,9,3.65,3,0
792,unified,off,21,189,297,1.5714,49,76,1.551,0,1,1,0,19,1,1,0,0,19,43,0,0,0,0,1,0,20,2,2,4,4,4,20,11,3.25,11,5
792,protect_l,left,21,93,297,3.1935,25,76,3.04,53,17,17,0,3,1,4,0,0,0,0,0,0,0,0,1,0,20,2,2,4,4,4,20,11,3.25,6,0
792,protect_s,symmetric,21,21,297,14.1429,7,76,10.8571,44,4,4,0,16,1,17,0,0,0,0,0,0,0,0,1,0,20,2,2,4,4,4,20,11,3.25,1,0
793,unified,off,21,113,153,1.354,30,40,1.3333,0,21,21,0,0,0,0,0,0,0,0,0,0,0,0,0,0,21,1,2,4,4,4,20,11,3.9,10,4
793,protect_l,left,21,65,153,2.3538,18,40,2.2222,58,2,2,0,19,0,19,0,0,0,0,0,0,0,0,0,0,21,1,2,4,4,4,20,11,3.9,5,0
793,protect_s,symmetric,21,29,153,5.2759,9,40,4.4444,61,5,5,0,16,0,16,0,0,0,0,0,0,0,0,0,0,21,1,2,4,4,4,20,11,3.9,1,0
794,unified,off,21,97,121,1.2474,26,32,1.2308,0,21,21,0,0,0,0,0,0,0,0,0,0,0,0,0,0,21,1,2,2,4,4,20,10,3.85,11,5
794,protect_l,left,21,57,121,2.1228,16,32,2.0,39,20,20,0,1,0,1,0,0,0,0,0,0,0,0,0,0,21,1,2,2,4,4,20,10,3.85,6,0
794,protect_s,symmetric,21,41,121,2.9512,12,32,2.6667,59,8,8,0,13,0,13,0,0,0,0,0,0,0,0,0,0,21,1,2,2,4,4,20,10,3.85,4,0
795,unified,off,21,193,229,1.1865,50,59,1.18,0,17,17,0,0,4,4,0,0,0,0,0,0,0,0,4,0,17,2,3,4,4,4,20,9,2.9,13,4
795,protect_l,left,21,125,229,1.832,33,59,1.7879,57,17,17,0,0,4,4,0,0,0,0,0,0,0,0,4,0,17,2,3,4,4,4,20,9,2.9,7,0
795,protect_s,symmetric,21,53,229,4.3208,15,59,3.9333,68,11,11,0,6,4,10,0,0,0,0,0,0,0,0,4,0,17,2,3,4,4,4,20,9,2.9,6,0
796,unified,off,21,153,173,1.1307,40,45,1.125,0,14,14,0,3,4,4,0,0,3,5,0,0,0,0,4,0,17,1,2,3,4,4,20,10,3.8,13,4
796,protect_l,left,21,73,173,2.3699,20,45,2.25,55,7,7,0,10,4,14,0,0,0,0,0,0,0,0,4,0,17,1,2,3,4,4,20,10,3.8,6,0
796,protect_s,symmetric,21,37,173,4.6757,11,45,4.0909,73,14,14,0,3,4,7,0,0,0,0,0,0,0,0,4,0,17,1,2,3,4,4,20,10,3.8,3,0
797,unified,off,20,145,245,1.6897,38,63,1.6579,0,15,15,0,5,0,0,0,0,5,15,0,0,0,0,0,0,20,1,2,3,4,4,20,5,3.65,13,2
797,protect_l,left,20,129,245,1.8992,34,63,1.8529,65,20,20,0,0,0,0,0,0,0,0,0,0,0,0,0,0,20,1,2,3,4,4,20,5,3.65,9,0
797,protect_s,symmetric,20,73,245,3.3562,20,63,3.15,83,12,12,0,8,0,8,0,0,0,0,0,0,0,0,0,0,20,1,2,3,4,4,20,5,3.65,6,0
798,unified,off,21,193,177,0.9171,50,46,0.92,0,16,16,0,5,0,0,0,0,5,15,0,0,0,0,0,0,21,2,2,3,4,4,20,12,3.5,16,9
798,protect_l,left,21,65,177,2.7231,18,46,2.5556,48,16,16,0,5,0,5,0,0,0,0,0,0,0,0,0,0,21,2,2,3,4,4,20,12,3.5,5,0
798,protect_s,symmetric,21,33,177,5.3636,10,46,4.6,42,4,4,0,17,0,17,0,0,0,0,0,0,0,0,0,0,21,2,2,3,4,4,20,12,3.5,3,0
799,unified,off,21,101,93,0.9208,27,25,0.9259,0,21,21,0,0,0,0,0,0,0,11,0,0,0,0,0,0,21,2,4,3,4,4,20,10,3.55,7,4
799,protect_l,left,21,53,93,1.7547,15,25,1.6667,29,19,19,0,2,0,2,0,0,0,0,0,0,0,0,0,0,21,2,4,3,4,4,20,10,3.55,3,0
799,protect_s,symmetric,21,25,93,3.72,8,25,3.125,43,8,8,0,13,0,13,0,0,0,0,0,0,0,0,0,0,21,2,4,3,4,4,20,10,3.55,2,0
800,unified,off,21,37,25,0.6757,11,8,0.7273,0,21,21,0,0,0,0,0,0,0,0,0,0,0,0,0,0,21,1,3,4,4,4,20,6,3.85,3,1
800,protect_l,left,21,33,25,0.7576,10,8,0.8,12,21,21,0,0,0,0,0,0,0,0,0,0,0,0,0,0,21,1,3,4,4,4,20,6,3.85,1,0
800,protect_s,symmetric,21,33,25,0.7576,10,8,0.8,23,21,21,0,0,0,0,0,0,0,0,0,0,0,0,0,0,21,1,3,4,4,4,20,6,3.85,1,0
801,unified,off,21,229,349,1.524,59,89,1.5085,0,20,20,0,0,1,1,0,0,0,10,0,0,0,0,1,0,20,2,2,2,4,4,20,12,3.6,12,7
801,protect_l,left,21,105,349,3.3238,28,89,3.1786,46,14,14,0,6,1,7,0,0,0,0,0,0,0,0,1,0,20,2,2,2,4,4,20,12,3.6,4,0
801,protect_s,symmetric,21,49,349,7.1224,14,89,6.3571,63,14,14,0,6,1,7,0,0,0,0,0,0,0,0,1,0,20,2,2,2,4,4,20,12,3.6,3,0
803,unified,off,21,309,553,1.7896,79,140,1.7722,0,3,3,0,18,0,0,0,0,18,39,0,0,0,0,0,0,21,1,3,5,4,4,20,7,3.65,16,6
803,protect_l,left,21,145,553,3.8138,38,140,3.6842,62,14,14,0,7,0,7,0,0,0,0,0,0,0,0,0,0,21,1,3,5,4,4,20,7,3.65,10,0
803,protect_s,symmetric,21,21,553,26.3333,7,140,20.0,46,9,9,0,12,0,12,0,0,0,0,0,0,0,0,0,0,21,1,3,5,4,4,20,7,3.65,2,0
804,unified,off,21,101,197,1.9505,27,51,1.8889,0,21,21,0,0,0,0,0,0,0,0,0,0,0,0,0,0,21,1,3,3,4,4,20,4,4.05,8,3
804,protect_l,left,21,69,197,2.8551,19,51,2.6842,20,21,21,0,0,0,0,0,0,0,0,0,0,0,0,0,0,21,1,3,3,4,4,20,4,4.05,4,0
804,protect_s,symmetric,21,33,197,5.9697,10,51,5.1,42,15,15,0,6,0,6,0,0,0,0,0,0,0,0,0,0,21,1,3,3,4,4,20,4,4.05,3,0
806,unified,off,21,273,281,1.0293,70,72,1.0286,0,21,21,0,0,0,0,0,0,0,2,0,0,0,0,0,0,21,1,3,4,4,4,20,8,3.75,17,6
806,protect_l,left,21,109,281,2.578,29,72,2.4828,63,11,11,0,10,0,10,0,0,0,0,0,0,0,0,0,0,21,1,3,4,4,4,20,8,3.75,9,0
806,protect_s,symmetric,21,25,281,11.24,8,72,9.0,43,5,5,0,16,0,16,0,0,0,0,0,0,0,0,0,0,21,1,3,4,4,4,20,8,3.75,1,0
807,unified,off,21,201,309,1.5373,52,79,1.5192,0,2,2,0,19,0,0,0,0,19,40,0,0,0,0,0,0,21,3,2,3,4,4,20,12,4.15,12,6
807,protect_l,left,21,97,309,3.1856,26,79,3.0385,21,15,15,0,6,0,6,0,0,0,0,0,0,0,0,0,0,21,3,2,3,4,4,20,12,4.15,2,0
807,protect_s,symmetric,21,13,309,23.7692,5,79,15.8,31,4,4,0,17,0,17,0,0,0,0,0,0,0,0,0,0,21,3,2,3,4,4,20,12,4.15,0,0
808,unified,off,20,201,289,1.4378,52,74,1.4231,0,20,20,0,0,0,0,0,0,0,0,0,0,0,0,0,0,20,1,3,4,4,4,20,8,3.9,13,6
808,protect_l,left,20,121,289,2.3884,32,74,2.3125,55,6,6,0,14,0,14,0,0,0,0,0,0,0,0,0,0,20,1,3,4,4,4,20,8,3.9,9,0
808,protect_s,symmetric,20,53,289,5.4528,15,74,4.9333,74,13,13,0,7,0,7,0,0,0,0,0,0,0,0,0,0,20,1,3,4,4,4,20,8,3.9,3,0
810,unified,off,21,253,433,1.7115,65,110,1.6923,0,21,21,0,0,0,0,0,0,0,0,0,0,0,0,0,0,21,1,2,3,4,4,20,8,3.65,18,6
810,protect_l,left,21,125,433,3.464,33,110,3.3333,47,21,21,0,0,0,0,0,0,0,0,0,0,0,0,0,0,21,1,2,3,4,4,20,8,3.65,12,0
810,protect_s,symmetric,21,77,433,5.6234,21,110,5.2381,60,14,14,0,7,0,7,0,0,0,0,0,0,0,0,0,0,21,1,2,3,4,4,20,8,3.65,6,0
811,unified,off,21,205,181,0.8829,53,47,0.8868,0,14,14,0,3,4,7,0,0,0,3,0,0,0,0,4,0,17,1,2,2,4,4,20,10,3.8,17,9
811,protect_l,left,21,81,181,2.2346,22,47,2.1364,30,13,13,0,4,4,8,0,0,0,0,0,0,0,0,4,0,17,1,2,2,4,4,20,10,3.8,4,0
811,protect_s,symmetric,21,21,181,8.619,7,47,6.7143,41,6,6,0,11,4,15,0,0,0,0,0,0,0,0,4,0,17,1,2,2,4,4,20,10,3.8,2,0
812,unified,off,21,261,365,1.3985,67,93,1.3881,0,20,20,0,0,1,1,0,0,0,0,0,0,0,0,1,0,20,1,2,4,4,4,20,8,3.6,14,5
812,protect_l,left,21,121,365,3.0165,32,93,2.9062,54,11,11,0,9,1,10,0,0,0,0,0,0,0,0,1,0,20,1,2,4,4,4,20,8,3.6,7,0
812,protect_s,symmetric,21,25,365,14.6,8,93,11.625,45,5,5,0,15,1,16,0,0,0,0,0,0,0,0,1,0,20,1,2,4,4,4,20,8,3.6,2,0
814,unified,off,21,137,185,1.3504,36,48,1.3333,0,2,2,0,19,0,0,0,0,19,43,0,0,0,0,0,0,21,1,2,3,4,4,20,7,3.75,13,3
814,protect_l,left,21,73,185,2.5342,20,48,2.4,46,21,21,0,0,0,0,0,0,0,0,0,0,0,0,0,0,21,1,2,3,4,4,20,7,3.75,8,0
814,protect_s,symmetric,21,41,185,4.5122,12,48,4.0,55,21,21,0,0,0,0,0,0,0,0,0,0,0,0,0,0,21,1,2,3,4,4,20,7,3.75,3,0
815,unified,off,21,141,157,1.1135,37,41,1.1081,0,4,4,0,17,0,0,0,0,17,35,0,0,0,0,0,0,21,1,3,4,4,4,20,9,3.9,9,5
815,protect_l,left,21,77,157,2.039,21,41,1.9524,31,19,19,0,2,0,2,0,0,0,0,0,0,0,0,0,0,21,1,3,4,4,4,20,9,3.9,5,0
815,protect_s,symmetric,21,33,157,4.7576,10,41,4.1,55,12,12,0,9,0,9,0,0,0,0,0,0,0,0,0,0,21,1,3,4,4,4,20,9,3.9,2,0
816,unified,off,20,189,429,2.2698,49,109,2.2245,0,20,20,0,0,0,0,0,0,0,0,0,0,0,0,0,0,20,3,2,2,4,4,20,11,3.5,13,6
816,protect_l,left,20,161,429,2.6646,42,109,2.5952,80,19,19,0,1,0,1,0,0,0,0,0,0,0,0,0,0,20,3,2,2,4,4,20,11,3.5,8,0
816,protect_s,symmetric,20,29,429,14.7931,9,109,12.1111,63,5,5,0,15,0,15,0,0,0,0,0,0,0,0,0,0,20,3,2,2,4,4,20,11,3.5,2,0
817,unified,off,21,121,169,1.3967,32,44,1.375,0,21,21,0,0,0,0,0,0,0,0,0,0,0,0,0,0,21,1,2,3,4,4,20,6,3.55,13,2
817,protect_l,left,21,89,169,1.8989,24,44,1.8333,54,21,21,0,0,0,0,0,0,0,0,0,0,0,0,0,0,21,1,2,3,4,4,20,6,3.55,9,0
817,protect_s,symmetric,21,77,169,2.1948,21,44,2.0952,72,21,21,0,0,0,0,0,0,0,0,0,0,0,0,0,0,21,1,2,3,4,4,20,6,3.55,6,0
818,unified,off,21,209,169,0.8086,54,44,0.8148,0,3,3,0,18,0,0,0,0,18,36,0,0,0,0,0,0,21,2,3,3,4,4,20,11,3.6,12,6
818,protect_l,left,21,105,169,1.6095,28,44,1.5714,62,21,21,0,0,0,0,0,0,0,0,0,0,0,0,0,0,21,2,3,3,4,4,20,11,3.6,6,0
818,protect_s,symmetric,21,41,169,4.122,12,44,3.6667,62,8,8,0,13,0,13,0,0,0,0,0,0,0,0,0,0,21,2,3,3,4,4,20,11,3.6,3,0
819,unified,off,21,129,341,2.6434,34,87,2.5588,0,13,13,0,8,0,0,0,0,8,18,0,0,0,0,0,0,21,2,2,3,4,4,20,10,3.7,11,6
819,protect_l,left,21,105,341,3.2476,28,87,3.1071,36,13,13,0,8,0,8,0,0,0,0,0,0,0,0,0,0,21,2,2,3,4,4,20,10,3.7,8,0
819,protect_s,symmetric,21,41,341,8.3171,12,87,7.25,46,8,8,0,13,0,13,0,0,0,0,0,0,0,0,0,0,21,2,2,3,4,4,20,10,3.7,4,0
820,unified,off,21,205,265,1.2927,53,68,1.283,0,21,21,0,0,0,0,0,0,0,0,0,0,0,0,0,0,21,2,3,3,4,4,20,11,3.5,14,7
820,protect_l,left,21,145,265,1.8276,38,68,1.7895,80,21,21,0,0,0,0,0,0,0,0,0,0,0,0,0,0,21,2,3,3,4,4,20,11,3.5,7,0
820,protect_s,symmetric,21,37,265,7.1622,11,68,6.1818,58,7,7,0,14,0,14,0,0,0,0,0,0,0,0,0,0,21,2,3,3,4,4,20,11,3.5,3,0
821,unified,off,21,257,485,1.8872,66,123,1.8636,0,9,9,0,11,1,1,0,0,11,23,0,0,0,0,1,0,20,1,2,3,4,4,20,7,3.6,18,6
821,protect_l,left,21,125,485,3.88,33,123,3.7273,49,16,16,0,4,1,5,0,0,0,0,0,0,0,0,1,0,20,1,2,3,4,4,20,7,3.6,8,0
821,protect_s,symmetric,21,57,485,8.5088,16,123,7.6875,55,10,10,0,10,1,11,0,0,0,0,0,0,0,0,1,0,20,1,2,3,4,4,20,7,3.6,5,0
822,unified,off,20,165,237,1.4364,43,61,1.4186,0,19,19,0,0,1,1,0,0,0,3,0,0,0,0,1,0,19,2,2,2,4,4,20,10,3.9,15,8
822,protect_l,left,20,105,237,2.2571,28,61,2.1786,55,19,19,0,0,1,1,0,0,0,0,0,0,0,0,1,0,19,2,2,2,4,4,20,10,3.9,7,0
822,protect_s,symmetric,20,29,237,8.1724,9,61,6.7778,41,5,5,0,14,1,15,0,0,0,0,0,0,0,0,1,0,19,2,2,2,4,4,20,10,3.9,4,0
823,unified,off,21,273,301,1.1026,70,77,1.1,0,20,20,0,0,1,1,0,0,0,0,0,0,0,0,1,0,20,3,2,4,4,4,20,14,3.5,16,11
823,protect_l,left,21,113,301,2.6637,30,77,2.5667,49,19,19,0,1,1,2,0,0,0,0,0,0,0,0,1,0,20,3,2,4,4,4,20,14,3.5,4,0
823,protect_s,symmetric,21,21,301,14.3333,7,77,11.0,40,5,5,0,15,1,16,0,0,0,0,0,0,0,0,1,0,20,3,2,4,4,4,20,14,3.5,2,0
824,unified,off,21,225,317,1.4089,58,81,1.3966,0,21,21,0,0,0,0,0,0,0,7,0,0,0,0,0,0,21,1,3,3,4,4,20,8,3.8,13,4
824,protect_l,left,21,141,317,2.2482,37,81,2.1892,54,21,21,0,0,0,0,0,0,0,0,0,0,0,0,0,0,21,1,3,3,4,4,20,8,3.8,10,0
824,protect_s,symmetric,21,33,317,9.6061,10,81,8.1,44,10,10,0,11,0,11,0,0,0,0,0,0,0,0,0,0,21,1,3,3,4,4,20,8,3.8,3,0
825,unified,off,21,381,625,1.6404,97,158,1.6289,0,1,1,0,20,0,0,0,0,20,40,0,0,0,0,0,0,21,3,3,3,4,4,20,12,3.4,15,8
825,protect_l,left,21,177,625,3.5311,46,158,3.4348,74,18,18,0,3,0,3,0,0,0,0,0,0,0,0,0,0,21,3,3,3,4,4,20,12,3.4,7,0
825,protect_s,symmetric,21,41,625,15.2439,12,158,13.1667,75,10,10,0,11,0,11,0,0,0,0,0,0,0,0,0,0,21,3,3,3,4,4,20,12,3.4,3,0
826,unified,off,21,217,337,1.553,56,86,1.5357,0,21,21,0,0,0,0,0,0,0,6,0,0,0,0,0,0,21,3,2,2,4,4,20,15,3.7,13,10
826,protect_l,left,21,105,337,3.2095,28,86,3.0714,44,16,16,0,5,0,5,0,0,0,0,0,0,0,0,0,0,21,3,2,2,4,4,20,15,3.7,2,0
826,protect_s,symmetric,21,13,337,25.9231,5,86,17.2,31,4,4,0,17,0,17,0,0,0,0,0,0,0,0,0,0,21,3,2,2,4,4,20,15,3.7,0,0
827,unified,off,21,157,217,1.3822,41,56,1.3659,0,1,1,0,20,0,0,0,0,20,40,0,0,0,0,0,0,21,2,3,4,4,4,20,12,3.8,14,8
827,protect_l,left,21,53,217,4.0943,15,56,3.7333,45,21,21,0,0,0,0,0,0,0,0,0,0,0,0,0,0,21,2,3,4,4,4,20,12,3.8,6,0
827,protect_s,symmetric,21,21,217,10.3333,7,56,8.0,39,3,3,0,18,0,18,0,0,0,0,0,0,0,0,0,0,21,2,3,4,4,4,20,12,3.8,2,0
828,unified,off,20,157,237,1.5096,41,61,1.4878,0,5,5,0,15,0,0,0,0,15,29,0,0,0,0,0,0,20,2,2,2,4,4,20,14,3.45,14,9
828,protect_l,left,20,89,237,2.6629,24,61,2.5417,67,20,20,0,0,0,0,0,0,0,0,0,0,0,0,0,0,20,2,2,2,4,4,20,14,3.45,5,0
828,protect_s,symmetric,20,37,237,6.4054,11,61,5.5455,66,4,4,0,16,0,16,0,0,0,0,0,0,0,0,0,0,20,2,2,2,4,4,20,14,3.45,3,0
832,unified,off,21,269,469,1.7435,69,119,1.7246,0,18,18,0,2,1,3,0,0,0,1,0,0,0,0,1,0,20,1,2,4,4,4,20,7,3.15,14,5
832,protect_l,left,21,113,469,4.1504,30,119,3.9667,66,17,17,0,3,1,4,0,0,0,0,0,0,0,0,1,0,20,1,2,4,4,4,20,7,3.15,9,0
832,protect_s,symmetric,21,53,469,8.8491,15,119,7.9333,80,15,15,0,5,1,6,0,0,0,0,0,0,0,0,1,0,20,1,2,4,4,4,20,7,3.15,6,0
834,unified,off,21,241,233,0.9668,62,60,0.9677,0,21,21,0,0,0,0,0,0,0,7,0,0,0,0,0,0,21,3,2,3,4,4,20,14,3.9,18,12
834,protect_l,left,21,81,233,2.8765,22,60,2.7273,39,16,16,0,5,0,5,0,0,0,0,0,0,0,0,0,0,21,3,2,3,4,4,20,14,3.9,4,0
834,protect_s,symmetric,21,21,233,11.0952,7,60,8.5714,47,5,5,0,16,0,16,0,0,0,0,0,0,0,0,0,0,21,3,2,3,4,4,20,14,3.9,2,0
835,unified,off,21,201,181,0.9005,52,47,0.9038,0,21,21,0,0,0,0,0,0,0,1,0,0,0,0,0,0,21,2,3,3,4,4,20,12,3.4,12,4
835,protect_l,left,21,109,181,1.6606,29,47,1.6207,58,20,20,0,1,0,1,0,0,0,0,0,0,0,0,0,0,21,2,3,3,4,4,20,12,3.4,7,0
835,protect_s,symmetric,21,53,181,3.4151,15,47,3.1333,81,8,8,0,13,0,13,0,0,0,0,0,0,0,0,0,0,21,2,3,3,4,4,20,12,3.4,4,0
836,unified,off,21,181,241,1.3315,47,62,1.3191,0,16,16,0,5,0,0,5,0,0,26,0,0,0,0,0,0,21,1,3,4,4,4,20,9,3.4,16,8
836,protect_l,left,21,69,241,3.4928,19,62,3.2632,45,3,3,0,18,0,18,0,0,0,0,0,0,0,0,0,0,21,1,3,4,4,4,20,9,3.4,6,0
836,protect_s,symmetric,21,13,241,18.5385,5,62,12.4,35,5,5,0,16,0,16,0,0,0,0,0,0,0,0,0,0,21,1,3,4,4,4,20,9,3.4,0,0
838,unified,off,21,309,377,1.2201,79,96,1.2152,0,21,21,0,0,0,0,0,0,0,12,0,0,0,0,0,0,21,1,3,4,4,4,20,9,3.6,14,6
838,protect_l,left,21,129,377,2.9225,34,96,2.8235,64,21,21,0,0,0,0,0,0,0,0,0,0,0,0,0,0,21,1,3,4,4,4,20,9,3.6,8,0
838,protect_s,symmetric,21,41,377,9.1951,12,96,8.0,62,7,7,0,14,0,14,0,0,0,0,0,0,0,0,0,0,21,1,3,4,4,4,20,9,3.6,5,0
839,unified,off,21,81,169,2.0864,22,44,2.0,0,21,21,0,0,0,0,0,0,0,7,0,0,0,0,0,0,21,3,2,2,4,4,20,13,3.9,6,4
839,protect_l,left,21,61,169,2.7705,17,44,2.5882,23,21,21,0,0,0,0,0,0,0,0,0,0,0,0,0,0,21,3,2,2,4,4,20,13,3.9,2,0
839,protect_s,symmetric,21,49,169,3.449,14,44,3.1429,48,13,13,0,8,0,8,0,0,0,0,0,0,0,0,0,0,21,3,2,2,4,4,20,13,3.9,2,0
840,unified,off,21,193,293,1.5181,50,75,1.5,0,20,20,0,0,1,1,0,0,0,0,0,0,0,0,1,0,20,3,2,2,4,4,20,12,3.3,13,9
840,protect_l,left,21,109,293,2.6881,29,75,2.5862,77,20,20,0,0,1,1,0,0,0,0,0,0,0,0,1,0,20,3,2,2,4,4,20,12,3.3,6,0
840,protect_s,symmetric,21,53,293,5.5283,15,75,5.0,76,14,14,0,6,1,7,0,0,0,0,0,0,0,0,1,0,20,3,2,2,4,4,20,12,3.3,5,0
841,unified,off,21,97,109,1.1237,26,29,1.1154,0,21,21,0,0,0,0,0,0,0,0,0,0,0,0,0,0,21,2,3,4,4,4,20,9,3.9,9,4
841,protect_l,left,21,73,109,1.4932,20,29,1.45,35,17,17,0,4,0,4,0,0,0,0,0,0,0,0,0,0,21,2,3,4,4,4,20,9,3.9,5,0
841,protect_s,symmetric,21,21,109,5.1905,7,29,4.1429,45,5,5,0,16,0,16,0,0,0,0,0,0,0,0,0,0,21,2,3,4,4,4,20,9,3.9,2,0
842,unified,off,21,149,177,1.1879,39,46,1.1795,0,12,12,0,4,5,9,0,0,0,1,0,0,0,0,5,0,16,1,2,2,4,4,20,9,3.9,10,3
842,protect_l,left,21,93,177,1.9032,25,46,1.84,36,12,12,0,4,5,9,0,0,0,0,0,0,0,0,5,0,16,1,2,2,4,4,20,9,3.9,8,0
842,protect_s,symmetric,21,57,177,3.1053,16,46,2.875,49,10,10,0,6,5,11,0,0,0,0,0,0,0,0,5,0,16,1,2,2,4,4,20,9,3.9,4,0
843,unified,off,21,149,329,2.2081,39,84,2.1538,0,21,21,0,0,0,0,0,0,0,4,0,0,0,0,0,0,21,1,2,2,4,4,20,7,3.85,11,6
843,protect_l,left,21,77,329,4.2727,21,84,4.0,50,20,20,0,1,0,1,0,0,0,0,0,0,0,0,0,0,21,1,2,2,4,4,20,7,3.85,5,0
843,protect_s,symmetric,21,33,329,9.9697,10,84,8.4,61,9,9,0,12,0,12,0,0,0,0,0,0,0,0,0,0,21,1,2,2,4,4,20,7,3.85,4,0
844,unified,off,21,197,245,1.2437,51,63,1.2353,0,1,1,0,20,0,0,0,0,20,40,0,0,0,0,0,0,21,1,3,3,4,4,20,7,3.7,14,6
844,protect_l,left,21,97,245,2.5258,26,63,2.4231,42,1,1,0,20,0,20,0,0,0,0,0,0,0,0,0,0,21,1,3,3,4,4,20,7,3.7,7,0
844,protect_s,symmetric,21,21,245,11.6667,7,63,9.0,34,4,4,0,17,0,17,0,0,0,0,0,0,0,0,0,0,21,1,3,3,4,4,20,7,3.7,2,0
845,unified,off,21,205,289,1.4098,53,74,1.3962,0,7,7,0,14,0,0,0,0,14,35,0,0,0,0,0,0,21,1,3,3,4,4,20,4,3.6,13,2
845,protect_l,left,21,149,289,1.9396,39,74,1.8974,59,21,21,0,0,0,0,0,0,0,0,0,0,0,0,0,0,21,1,3,3,4,4,20,4,3.6,11,0
845,protect_s,symmetric,21,49,289,5.898,14,74,5.2857,54,11,11,0,10,0,10,0,0,0,0,0,0,0,0,0,0,21,1,3,3,4,4,20,4,3.6,5,0
846,unified,off,21,73,77,1.0548,20,21,1.05,0,21,21,0,0,0,0,0,0,0,0,0,0,0,0,0,0,21,2,2,2,4,4,20,8,4.2,7,2
846,protect_l,left,21,53,77,1.4528,15,21,1.4,18,21,21,0,0,0,0,0,0,0,0,0,0,0,0,0,0,21,2,2,2,4,4,20,8,4.2,3,0
846,protect_s,symmetric,21,37,77,2.0811,11,21,1.9091,36,12,12,0,9,0,9,0,0,0,0,0,0,0,0,0,0,21,2,2,2,4,4,20,8,4.2,3,0
847,unified,off,21,61,97,1.5902,17,26,1.5294,0,21,21,0,0,0,0,0,0,0,1,0,0,0,0,0,0,21,1,2,2,4,4,20,8,4.0,6,1
847,protect_l,left,21,57,97,1.7018,16,26,1.625,56,21,21,0,0,0,0,0,0,0,0,0,0,0,0,0,0,21,1,2,2,4,4,20,8,4.0,5,0
847,protect_s,symmetric,21,53,97,1.8302,15,26,1.7333,87,11,11,0,10,0,10,0,0,0,0,0,0,0,0,0,0,21,1,2,2,4,4,20,8,4.0,6,0
848,unified,off,20,141,193,1.3688,37,50,1.3514,0,20,20,0,0,0,0,0,0,0,15,0,0,0,0,0,0,20,3,2,4,4,4,20,14,4.1,9,5
848,protect_l,left,20,109,193,1.7706,29,50,1.7241,77,6,6,0,14,0,14,0,0,0,0,0,0,0,0,0,0,20,3,2,4,4,4,20,14,4.1,4,0
848,protect_s,symmetric,20,37,193,5.2162,11,50,4.5455,58,2,2,0,18,0,18,0,0,0,0,0,0,0,0,0,0,20,3,2,4,4,4,20,14,4.1,2,0
850,unified,off,20,257,345,1.3424,66,88,1.3333,0,20,20,0,0,0,0,0,0,0,0,0,0,0,0,0,0,20,2,2,3,4,4,20,11,3.65,18,10
850,protect_l,left,20,153,345,2.2549,40,88,2.2,61,19,19,0,1,0,1,0,0,0,0,0,0,0,0,0,0,20,2,2,3,4,4,20,11,3.65,8,0
850,protect_s,symmetric,20,25,345,13.8,8,88,11.0,53,4,4,0,16,0,16,0,0,0,0,0,0,0,0,0,0,20,2,2,3,4,4,20,11,3.65,3,0
851,unified,off,21,77,81,1.0519,21,22,1.0476,0,2,2,0,19,0,0,0,0,19,43,0,0,0,0,0,0,21,1,2,2,4,4,20,6,3.75,11,5
851,protect_l,left,21,61,81,1.3279,17,22,1.2941,29,21,21,0,0,0,0,0,0,0,0,0,0,0,0,0,0,21,1,2,2,4,4,20,6,3.75,7,0
851,protect_s,symmetric,21,49,81,1.6531,14,22,1.5714,67,12,12,0,9,0,9,0,0,0,0,0,0,0,0,0,0,21,1,2,2,4,4,20,6,3.75,5,0
852,unified,off,21,293,441,1.5051,75,112,1.4933,0,1,1,0,20,0,0,0,0,20,40,0,0,0,0,0,0,21,4,2,4,4,4,20,15,3.25,15,10
852,protect_l,left,21,133,441,3.3158,35,112,3.2,48,2,2,0,19,0,19,0,0,0,0,0,0,0,0,0,0,21,4,2,4,4,4,20,15,3.25,4,0
852,protect_s,symmetric,21,37,441,11.9189,11,112,10.1818,51,5,5,0,16,0,16,0,0,0,0,0,0,0,0,0,0,21,4,2,4,4,4,20,15,3.25,3,0
853,unified,off,21,181,425,2.3481,47,108,2.2979,0,5,5,0,14,2,4,0,0,12,23,0,0,0,0,2,0,19,1,2,2,4,4,20,7,3.9,15,4
853,protect_l,left,21,105,425,4.0476,28,108,3.8571,41,8,8,0,11,2,13,0,0,0,0,0,0,0,0,2,0,19,1,2,2,4,4,20,7,3.9,8,0
853,protect_s,symmetric,21,21,425,20.2381,7,108,15.4286,44,8,8,0,11,2,13,0,0,0,0,0,0,0,0,2,0,19,1,2,2,4,4,20,7,3.9,2,0
854,unified,off,21,85,113,1.3294,23,30,1.3043,0,21,21,0,0,0,0,0,0,0,0,0,0,0,0,0,0,21,1,2,3,4,4,20,10,3.8,9,3
854,protect_l,left,21,53,113,2.1321,15,30,2.0,39,21,21,0,0,0,0,0,0,0,0,0,0,0,0,0,0,21,1,2,3,4,4,20,10,3.8,5,0
854,protect_s,symmetric,21,45,113,2.5111,13,30,2.3077,53,9,9,0,12,0,12,0,0,0,0,0,0,0,0,0,0,21,1,2,3,4,4,20,10,3.8,4,0
855,unified,off,21,257,417,1.6226,66,106,1.6061,0,4,4,0,17,0,0,0,0,17,35,0,0,0,0,0,0,21,1,2,2,4,4,20,5,3.35,17,5
855,protect_l,left,21,165,417,2.5273,43,106,2.4651,67,20,20,0,1,0,1,0,0,0,0,0,0,0,0,0,0,21,1,2,2,4,4,20,5,3.35,11,0
855,protect_s,symmetric,21,65,417,6.4154,18,106,5.8889,78,12,12,0,9,0,9,0,0,0,0,0,0,0,0,0,0,21,1,2,2,4,4,20,5,3.35,7,0
856,unified,off,21,237,273,1.1519,61,70,1.1475,0,20,20,0,0,1,1,0,0,0,1,0,0,0,0,1,0,20,2,2,3,4,4,20,10,3.55,18,8
856,protect_l,left,21,129,273,2.1163,34,70,2.0588,60,20,20,0,0,1,1,0,0,0,0,0,0,0,0,1,0,20,2,2,3,4,4,20,10,3.55,8,0
856,protect_s,symmetric,21,29,273,9.4138,9,70,7.7778,59,6,6,0,14,1,15,0,0,0,0,0,0,0,0,1,0,20,2,2,3,4,4,20,10,3.55,3,0
857,unified,off,21,209,365,1.7464,54,93,1.7222,0,20,20,0,0,1,1,0,0,0,2,0,0,0,0,1,0,20,1,2,3,4,4,20,6,3.6,13,0
857,protect_l,left,21,141,365,2.5887,37,93,2.5135,56,19,19,0,1,1,2,0,0,0,0,0,0,0,0,1,0,20,1,2,3,4,4,20,6,3.6,13,0
857,protect_s,symmetric,21,49,365,7.449,14,93,6.6429,65,10,10,0,10,1,11,0,0,0,0,0,0,0,0,1,0,20,1,2,3,4,4,20,6,3.6,5,0
858,unified,off,21,89,89,1.0,24,24,1.0,0,4,4,0,11,6,6,0,0,11,21,0,0,0,0,6,0,15,2,2,3,4,4,20,9,3.6,7,3
858,protect_l,left,21,77,89,1.1558,21,24,1.1429,45,4,4,0,11,6,17,0,0,0,0,0,0,0,0,6,0,15,2,2,3,4,4,20,9,3.6,7,0
858,protect_s,symmetric,21,41,89,2.1707,12,24,2.0,77,10,10,0,5,6,11,0,0,0,0,0,0,0,0,6,0,15,2,2,3,4,4,20,9,3.6,2,0
859,unified,off,20,121,173,1.4298,32,45,1.4062,0,20,20,0,0,0,0,0,0,0,8,0,0,0,0,0,0,20,1,3,5,4,4,20,11,4.0,12,6
859,protect_l,left,20,57,173,3.0351,16,45,2.8125,42,20,20,0,0,0,0,0,0,0,0,0,0,0,0,0,0,20,1,3,5,4,4,20,11,4.0,4,0
859,protect_s,symmetric,20,33,173,5.2424,10,45,4.5,41,6,6,0,14,0,14,0,0,0,0,0,0,0,0,0,0,20,1,3,5,4,4,20,11,4.0,2,0
860,unified,off,21,137,269,1.9635,36,69,1.9167,0,4,4,0,17,0,0,0,0,17,33,0,0,0,0,0,0,21,2,2,2,4,4,20,13,3.9,13,10
860,protect_l,left,21,65,269,4.1385,18,69,3.8333,33,14,14,0,7,0,7,0,0,0,0,0,0,0,0,0,0,21,2,2,2,4,4,20,13,3.9,4,0
860,protect_s,symmetric,21,29,269,9.2759,9,69,7.6667,40,7,7,0,14,0,14,0,0,0,0,0,0,0,0,0,0,21,2,2,2,4,4,20,13,3.9,3,0
861,unified,off,21,141,201,1.4255,37,52,1.4054,0,21,21,0,0,0,0,0,0,0,10,0,0,0,0,0,0,21,1,3,3,4,4,20,7,4.15,11,4
861,protect_l,left,21,65,201,3.0923,18,52,2.8889,31,13,13,0,8,0,8,0,0,0,0,0,0,0,0,0,0,21,1,3,3,4,4,20,7,4.15,6,0
861,protect_s,symmetric,21,37,201,5.4324,11,52,4.7273,45,7,7,0,14,0,14,0,0,0,0,0,0,0,0,0,0,21,1,3,3,4,4,20,7,4.15,4,0
862,unified,off,21,453,421,0.9294,115,107,0.9304,0,21,21,0,0,0,0,0,0,0,6,0,0,0,0,0,0,21,2,3,3,4,4,20,11,3.6,18,10
862,protect_l,left,21,157,421,2.6815,41,107,2.6098,61,20,20,0,1,0,1,0,0,0,0,0,0,0,0,0,0,21,2,3,3,4,4,20,11,3.6,4,0
862,protect_s,symmetric,21,61,421,6.9016,17,107,6.2941,86,11,11,0,10,0,10,0,0,0,0,0,0,0,0,0,0,21,2,3,3,4,4,20,11,3.6,2,0
863,unified,off,21,297,449,1.5118,76,114,1.5,0,21,21,0,0,0,0,0,0,0,18,0,0,0,0,0,0,21,1,3,5,4,4,20,6,4.2,16,5
863,protect_l,left,21,133,449,3.3759,35,114,3.2571,39,1,1,0,20,0,20,0,0,0,0,0,0,0,0,0,0,21,1,3,5,4,4,20,6,4.2,12,0
863,protect_s,symmetric,21,13,449,34.5385,5,114,22.8,29,3,3,0,18,0,18,0,0,0,0,0,0,0,0,0,0,21,1,3,5,4,4,20,6,4.2,0,0
864,unified,off,21,221,345,1.5611,57,88,1.5439,0,19,19,0,0,2,2,0,0,0,10,0,0,0,0,2,0,19,1,2,3,4,4,20,6,4.0,17,5
864,protect_l,left,21,105,345,3.2857,28,88,3.1429,40,5,5,0,14,2,16,0,0,0,0,0,0,0,0,2,0,19,1,2,3,4,4,20,6,4.0,9,0
864,protect_s,symmetric,21,21,345,16.4286,7,88,12.5714,43,5,5,0,14,2,16,0,0,0,0,0,0,0,0,2,0,19,1,2,3,4,4,20,6,4.0,2,0
865,unified,off,20,265,357,1.3472,68,91,1.3382,0,20,20,0,0,0,0,0,0,0,1,0,0,0,0,0,0,20,1,3,3,4,4,20,6,3.9,14,5
865,protect_l,left,20,165,357,2.1636,43,91,2.1163,68,18,18,0,2,0,2,0,0,0,0,0,0,0,0,0,0,20,1,3,3,4,4,20,6,3.9,10,0
865,protect_s,symmetric,20,57,357,6.2632,16,91,5.6875,76,10,10,0,10,0,10,0,0,0,0,0,0,0,0,0,0,20,1,3,3,4,4,20,6,3.9,5,0
866,unified,off,21,145,217,1.4966,38,56,1.4737,0,2,2,0,19,0,0,0,0,19,42,0,0,0,0,0,0,21,2,3,3,4,4,20,11,3.3,12,6
866,protect_l,left,21,89,217,2.4382,24,56,2.3333,43,21,21,0,0,0,0,0,0,0,0,0,0,0,0,0,0,21,2,3,3,4,4,20,11,3.3,6,0
866,protect_s,symmetric,21,41,217,5.2927,12,56,4.6667,75,11,11,0,10,0,10,0,0,0,0,0,0,0,0,0,0,21,2,3,3,4,4,20,11,3.3,2,0
867,unified,off,20,189,281,1.4868,49,72,1.4694,0,7,7,0,13,0,0,0,0,13,28,0,0,0,0,0,0,20,1,2,3,4,4,20,6,3.85,16,6
867,protect_l,left,20,97,281,2.8969,26,72,2.7692,39,20,20,0,0,0,0,0,0,0,0,0,0,0,0,0,0,20,1,2,3,4,4,20,6,3.85,9,0
867,protect_s,symmetric,20,33,281,8.5152,10,72,7.2,54,11,11,0,9,0,9,0,0,0,0,0,0,0,0,0,0,20,1,2,3,4,4,20,6,3.85,3,0
868,unified,off,21,237,337,1.4219,61,86,1.4098,0,20,20,0,0,1,1,0,0,0,0,0,0,0,0,1,0,20,2,2,3,4,4,20,13,3.55,15,10
868,protect_l,left,21,133,337,2.5338,35,86,2.4571,49,20,20,0,0,1,1,0,0,0,0,0,0,0,0,1,0,20,2,2,3,4,4,20,13,3.55,4,0
868,protect_s,symmetric,21,41,337,8.2195,12,86,7.1667,54,6,6,0,14,1,15,0,0,0,0,0,0,0,0,1,0,20,2,2,3,4,4,20,13,3.55,3,0
869,unified,off,20,189,301,1.5926,49,77,1.5714,0,17,17,0,0,3,3,0,0,0,1,0,0,0,0,3,0,17,1,2,3,4,4,20,8,4.05,17,8
869,protect_l,left,20,93,301,3.2366,25,77,3.08,44,17,17,0,0,3,3,0,0,0,0,0,0,0,0,3,0,17,1,2,3,4,4,20,8,4.05,7,0
869,protect_s,symmetric,20,29,301,10.3793,9,77,8.5556,49,7,7,0,10,3,13,0,0,0,0,0,0,0,0,3,0,17,1,2,3,4,4,20,8,4.05,3,0
871,unified,off,21,333,437,1.3123,85,111,1.3059,0,18,18,0,0,3,3,0,0,0,0,0,0,0,0,3,0,18,1,3,4,4,4,20,4,3.95,14,3
871,protect_l,left,21,181,437,2.4144,47,111,2.3617,54,18,18,0,0,3,3,0,0,0,0,0,0,0,0,3,0,18,1,3,4,4,4,20,4,3.95,12,0
871,protect_s,symmetric,21,65,437,6.7231,18,111,6.1667,69,10,10,0,8,3,11,0,0,0,0,0,0,0,0,3,0,18,1,3,4,4,4,20,4,3.95,6,0
872,unified,off,19,173,285,1.6474,45,73,1.6222,0,15,15,0,4,0,0,0,0,4,10,0,0,0,0,0,0,19,3,2,3,4,4,20,13,3.9,11,5
872,protect_l,left,19,125,285,2.28,33,73,2.2121,48,18,18,0,1,0,1,0,0,0,0,0,0,0,0,0,0,19,3,2,3,4,4,20,13,3.9,5,0
872,protect_s,symmetric,19,41,285,6.9512,12,73,6.0833,68,9,9,0,10,0,10,0,0,0,0,0,0,0,0,0,0,19,3,2,3,4,4,20,13,3.9,4,0
873,unified,off,21,181,249,1.3757,47,64,1.3617,0,21,21,0,0,0,0,0,0,0,0,0,0,0,0,0,0,21,2,3,3,4,4,20,9,3.3,11,2
873,protect_l,left,21,129,249,1.9302,34,64,1.8824,71,21,21,0,0,0,0,0,0,0,0,0,0,0,0,0,0,21,2,3,3,4,4,20,9,3.3,9,0
873,protect_s,symmetric,21,61,249,4.082,17,64,3.7647,96,20,20,0,1,0,1,0,0,0,0,0,0,0,0,0,0,21,2,3,3,4,4,20,9,3.3,3,0
874,unified,off,21,253,381,1.5059,65,97,1.4923,0,20,20,0,0,1,1,0,0,0,0,0,0,0,0,1,0,20,2,2,2,4,4,20,9,3.55,14,5
874,protect_l,left,21,133,381,2.8647,35,97,2.7714,53,19,19,0,1,1,2,0,0,0,0,0,0,0,0,1,0,20,2,2,2,4,4,20,9,3.55,6,0
874,protect_s,symmetric,21,45,381,8.4667,13,97,7.4615,68,10,10,0,10,1,11,0,0,0,0,0,0,0,0,1,0,20,2,2,2,4,4,20,9,3.55,5,0
875,unified,off,19,197,309,1.5685,51,79,1.549,0,19,19,0,0,0,0,0,0,0,11,0,0,0,0,0,0,19,2,2,3,4,4,20,11,3.55,15,9
875,protect_l,left,19,77,309,4.013,21,79,3.7619,62,17,17,0,2,0,2,0,0,0,0,0,0,0,0,0,0,19,2,2,3,4,4,20,11,3.55,4,0
875,protect_s,symmetric,19,45,309,6.8667,13,79,6.0769,75,14,14,0,5,0,5,0,0,0,0,0,0,0,0,0,0,19,2,2,3,4,4,20,11,3.55,4,0
876,unified,off,21,81,101,1.2469,22,27,1.2273,0,18,18,0,3,0,0,0,0,3,14,0,0,0,0,0,0,21,1,2,3,4,4,20,8,4.25,13,4
876,protect_l,left,21,93,101,1.086,25,27,1.08,50,21,21,0,0,0,0,0,0,0,0,0,0,0,0,0,0,21,1,2,3,4,4,20,8,4.25,6,0
876,protect_s,symmetric,21,53,101,1.9057,15,27,1.8,57,7,7,0,14,0,14,0,0,0,0,0,0,0,0,0,0,21,1,2,3,4,4,20,8,4.25,5,0
878,unified,off,21,69,57,0.8261,19,16,0.8421,0,7,7,0,14,0,0,0,0,14,27,0,0,0,0,0,0,21,1,2,3,4,4,20,6,3.7,7,4
878,protect_l,left,21,49,57,1.1633,14,16,1.1429,25,21,21,0,0,0,0,0,0,0,0,0,0,0,0,0,0,21,1,2,3,4,4,20,6,3.7,2,0
878,protect_s,symmetric,21,33,57,1.7273,10,16,1.6,30,21,21,0,0,0,0,0,0,0,0,0,0,0,0,0,0,21,1,2,3,4,4,20,6,3.7,1,0
879,unified,off,21,253,273,1.0791,65,70,1.0769,0,21,21,0,0,0,0,0,0,0,13,0,0,0,0,0,0,21,1,3,3,4,4,20,6,4.15,14,4
879,protect_l,left,21,121,273,2.2562,32,70,2.1875,55,21,21,0,0,0,0,0,0,0,0,0,0,0,0,0,0,21,1,3,3,4,4,20,6,4.15,10,0
879,protect_s,symmetric,21,57,273,4.7895,16,70,4.375,62,7,7,0,14,0,14,0,0,0,0,0,0,0,0,0,0,21,1,3,3,4,4,20,6,4.15,4,0
881,unified,off,20,189,349,1.8466,49,89,1.8163,0,1,1,0,19,0,0,0,0,19,37,0,0,0,0,0,0,20,2,3,3,4,4,20,12,3.85,12,8
881,protect_l,left,20,81,349,4.3086,22,89,4.0455,33,11,11,0,9,0,9,0,0,0,0,0,0,0,0,0,0,20,2,3,3,4,4,20,12,3.85,3,0
881,protect_s,symmetric,20,17,349,20.5294,6,89,14.8333,26,4,4,0,16,0,16,0,0,0,0,0,0,0,0,0,0,20,2,3,3,4,4,20,12,3.85,1,0
884,unified,off,21,229,309,1.3493,59,79,1.339,0,19,19,0,0,2,2,0,0,0,15,0,0,0,0,2,0,19,3,2,2,4,4,20,14,3.9,15,11
884,protect_l,left,21,105,309,2.9429,28,79,2.8214,33,16,16,0,3,2,5,0,0,0,0,0,0,0,0,2,0,19,3,2,2,4,4,20,14,3.9,3,0
884,protect_s,symmetric,21,21,309,14.7143,7,79,11.2857,42,4,4,0,15,2,17,0,0,0,0,0,0,0,0,2,0,19,3,2,2,4,4,20,14,3.9,2,0
885,unified,off,20,145,181,1.2483,38,47,1.2368,0,16,16,0,1,3,4,0,0,0,11,0,0,0,0,3,0,17,2,2,2,4,4,20,13,3.5,14,9
885,protect_l,left,20,49,181,3.6939,14,47,3.3571,36,8,8,0,9,3,12,0,0,0,0,0,0,0,0,3,0,17,2,2,2,4,4,20,13,3.5,2,0
885,protect_s,symmetric,20,13,181,13.9231,5,47,9.4,38,3,3,0,14,3,17,0,0,0,0,0,0,0,0,3,0,17,2,2,2,4,4,20,13,3.5,0,0
887,unified,off,21,153,353,2.3072,40,90,2.25,0,5,5,0,16,0,0,0,0,16,35,0,0,0,0,0,0,21,1,2,3,4,4,20,7,3.5,15,6
887,protect_l,left,21,97,353,3.6392,26,90,3.4615,71,15,15,0,6,0,6,0,0,0,0,0,0,0,0,0,0,21,1,2,3,4,4,20,7,3.5,9,0
887,protect_s,symmetric,21,41,353,8.6098,12,90,7.5,64,9,9,0,12,0,12,0,0,0,0,0,0,0,0,0,0,21,1,2,3,4,4,20,7,3.5,6,0
888,unified,off,21,145,185,1.2759,38,48,1.2632,0,21,21,0,0,0,0,0,0,0,0,0,0,0,0,0,0,21,2,2,3,4,4,20,11,3.45,11,5
888,protect_l,left,21,105,185,1.7619,28,48,1.7143,73,19,19,0,2,0,2,0,0,0,0,0,0,0,0,0,0,21,2,2,3,4,4,20,11,3.45,9,0
888,protect_s,symmetric,21,21,185,8.8095,7,48,6.8571,46,10,10,0,11,0,11,0,0,0,0,0,0,0,0,0,0,21,2,2,3,4,4,20,11,3.45,2,0
889,unified,off,21,325,365,1.1231,83,93,1.1205,0,19,19,0,1,1,2,0,0,0,5,0,0,0,0,1,0,20,1,3,4,4,4,20,7,4.05,16,6
889,protect_l,left,21,165,365,2.2121,43,93,2.1628,99,2,2,0,18,1,19,0,0,0,0,0,0,0,0,1,0,20,1,3,4,4,4,20,7,4.05,10,0
889,protect_s,symmetric,21,25,365,14.6,8,93,11.625,49,3,3,0,17,1,18,0,0,0,0,0,0,0,0,1,0,20,1,3,4,4,4,20,7,4.05,1,0
890,unified,off,21,133,229,1.7218,35,59,1.6857,0,5,5,0,16,0,0,0,0,16,48,0,0,0,0,0,0,21,1,2,3,4,4,20,10,4.0,13,6
890,protect_l,left,21,101,229,2.2673,27,59,2.1852,69,18,18,0,3,0,3,0,0,0,0,0,0,0,0,0,0,21,1,2,3,4,4,20,10,4.0,10,0
890,protect_s,symmetric,21,25,229,9.16,8,59,7.375,42,6,6,0,15,0,15,0,0,0,0,0,0,0,0,0,0,21,1,2,3,4,4,20,10,4.0,3,0
892,unified,off,21,221,525,2.3756,57,133,2.3333,0,10,10,0,11,0,0,0,0,11,23,0,0,0,0,0,0,21,2,2,2,4,4,20,8,3.45,10,4
892,protect_l,left,21,157,525,3.3439,41,133,3.2439,48,21,21,0,0,0,0,0,0,0,0,0,0,0,0,0,0,21,2,2,2,4,4,20,8,3.45,6,0
892,protect_s,symmetric,21,33,525,15.9091,10,133,13.3,58,9,9,0,12,0,12,0,0,0,0,0,0,0,0,0,0,21,2,2,2,4,4,20,8,3.45,3,0
893,unified,off,21,277,329,1.1877,71,84,1.1831,0,19,19,0,0,2,2,0,0,0,1,0,0,0,0,2,0,19,1,3,4,4,4,20,7,3.45,14,5
893,protect_l,left,21,121,329,2.719,32,84,2.625,51,14,14,0,5,2,7,0,0,0,0,0,0,0,0,2,0,19,1,3,4,4,4,20,7,3.45,9,0
893,protect_s,symmetric,21,41,329,8.0244,12,84,7.0,63,10,10,0,9,2,11,0,0,0,0,0,0,0,0,2,0,19,1,3,4,4,4,20,7,3.45,4,0
894,unified,off,21,137,101,0.7372,36,27,0.75,0,21,21,0,0,0,0,0,0,0,6,0,0,0,0,0,0,21,2,2,3,4,4,20,12,3.9,15,8
894,protect_l,left,21,73,101,1.3836,20,27,1.35,35,21,21,0,0,0,0,0,0,0,0,0,0,0,0,0,0,21,2,2,3,4,4,20,12,3.9,7,0
894,protect_s,symmetric,21,21,101,4.8095,7,27,3.8571,39,7,7,0,14,0,14,0,0,0,0,0,0,0,0,0,0,21,2,2,3,4,4,20,12,3.9,2,0
895,unified,off,21,169,221,1.3077,44,57,1.2955,0,12,12,0,9,0,0,0,0,9,19,0,0,0,0,0,0,21,2,2,2,4,4,20,10,3.65,15,7
895,protect_l,left,21,117,221,1.8889,31,57,1.8387,60,21,21,0,0,0,0,0,0,0,0,0,0,0,0,0,0,21,2,2,2,4,4,20,10,3.65,9,0
895,protect_s,symmetric,21,41,221,5.3902,12,57,4.75,54,9,9,0,12,0,12,0,0,0,0,0,0,0,0,0,0,21,2,2,2,4,4,20,10,3.65,6,0
896,unified,off,19,157,225,1.4331,41,58,1.4146,0,2,2,0,17,0,0,0,0,17,38,0,0,0,0,0,0,19,2,2,3,4,4,20,12,3.7,13,8
896,protect_l,left,19,113,225,1.9912,30,58,1.9333,56,7,7,0,12,0,12,0,0,0,0,0,0,0,0,0,0,19,2,2,3,4,4,20,12,3.7,6,0
896,protect_s,symmetric,19,25,225,9.0,8,58,7.25,47,5,5,0,14,0,14,0,0,0,0,0,0,0,0,0,0,19,2,2,3,4,4,20,12,3.7,2,0
897,unified,off,21,181,245,1.3536,47,63,1.3404,0,20,20,0,0,1,1,0,0,0,0,0,0,0,0,1,0,20,1,3,3,4,4,20,7,3.3,11,2
897,protect_l,left,21,133,245,1.8421,35,63,1.8,59,20,20,0,0,1,1,0,0,0,0,0,0,0,0,1,0,20,1,3,3,4,4,20,7,3.3,9,0
897,protect_s,symmetric,21,69,245,3.5507,19,63,3.3158,101,19,19,0,1,1,2,0,0,0,0,0,0,0,0,1,0,20,1,3,3,4,4,20,7,3.3,3,0
898,unified,off,21,217,245,1.129,56,63,1.125,0,3,3,0,18,0,0,0,0,18,35,0,0,0,0,0,0,21,1,2,4,4,4,20,11,3.4,12,5
898,protect_l,left,21,121,245,2.0248,32,63,1.9688,91,21,21,0,0,0,0,0,0,0,0,0,0,0,0,0,0,21,1,2,4,4,4,20,11,3.4,7,0
898,protect_s,symmetric,21,41,245,5.9756,12,63,5.25,69,9,9,0,12,0,12,0,0,0,0,0,0,0,0,0,0,21,1,2,4,4,4,20,11,3.4,5,0
899,unified,off,21,245,261,1.0653,63,67,1.0635,0,1,1,0,20,0,0,0,0,20,40,0,0,0,0,0,0,21,3,3,4,4,4,20,14,3.5,14,10
899,protect_l,left,21,101,261,2.5842,27,67,2.4815,40,21,21,0,0,0,0,0,0,0,0,0,0,0,0,0,0,21,3,3,4,4,4,20,14,3.5,3,0
899,protect_s,symmetric,21,13,261,20.0769,5,67,13.4,35,3,3,0,18,0,18,0,0,0,0,0,0,0,0,0,0,21,3,3,4,4,4,20,14,3.5,0,0
900,unified,off,21,153,209,1.366,40,54,1.35,0,9,9,0,12,0,0,0,0,12,27,0,0,0,0,0,0,21,1,3,3,4,4,20,8,3.95,15,6
900,protect_l,left,21,77,209,2.7143,21,54,2.5714,41,9,9,0,12,0,12,0,0,0,0,0,0,0,0,0,0,21,1,3,3,4,4,20,8,3.95,10,0
900,protect_s,symmetric,21,29,209,7.2069,9,54,6.0,49,6,6,0,15,0,15,0,0,0,0,0,0,0,0,0,0,21,1,3,3,4,4,20,8,3.95,4,0
902,unified,off,21,161,209,1.2981,42,54,1.2857,0,21,21,0,0,0,0,0,0,0,0,0,0,0,0,0,0,21,1,2,4,4,4,20,9,3.7,15,8
902,protect_l,left,21,53,209,3.9434,15,54,3.6,39,21,21,0,0,0,0,0,0,0,0,0,0,0,0,0,0,21,1,2,4,4,4,20,9,3.7,4,0
902,protect_s,symmetric,21,37,209,5.6486,11,54,4.9091,58,9,9,0,12,0,12,0,0,0,0,0,0,0,0,0,0,21,1,2,4,4,4,20,9,3.7,3,0
903,unified,off,21,97,105,1.0825,26,28,1.0769,0,21,21,0,0,0,0,0,0,0,1,0,0,0,0,0,0,21,1,3,3,4,4,20,8,3.45,10,3
903,protect_l,left,21,65,105,1.6154,18,28,1.5556,36,19,19,0,2,0,2,0,0,0,0,0,0,0,0,0,0,21,1,3,3,4,4,20,8,3.45,7,0
903,protect_s,symmetric,21,13,105,8.0769,5,28,5.6,35,4,4,0,17,0,17,0,0,0,0,0,0,0,0,0,0,21,1,3,3,4,4,20,8,3.45,0,0
904,unified,off,20,265,329,1.2415,68,84,1.2353,0,20,20,0,0,0,0,0,0,0,1,0,0,0,0,0,0,20,2,2,3,4,4,20,11,3.45,16,9
904,protect_l,left,20,189,329,1.7407,49,84,1.7143,98,20,20,0,0,0,0,0,0,0,0,0,0,0,0,0,0,20,2,2,3,4,4,20,11,3.45,7,0
904,protect_s,symmetric,20,85,329,3.8706,23,84,3.6522,102,15,15,0,5,0,5,0,0,0,0,0,0,0,0,0,0,20,2,2,3,4,4,20,11,3.45,5,0
905,unified,off,21,129,181,1.4031,34,47,1.3824,0,14,14,0,7,0,0,0,0,7,18,0,0,0,0,0,0,21,1,2,3,4,4,20,8,3.85,9,3
905,protect_l,left,21,101,181,1.7921,27,47,1.7407,35,21,21,0,0,0,0,0,0,0,0,0,0,0,0,0,0,21,1,2,3,4,4,20,8,3.85,5,0
905,protect_s,symmetric,21,45,181,4.0222,13,47,3.6154,48,12,12,0,9,0,9,0,0,0,0,0,0,0,0,0,0,21,1,2,3,4,4,20,8,3.85,2,0
906,unified,off,21,397,517,1.3023,101,131,1.297,0,21,21,0,0,0,0,0,0,0,0,0,0,0,0,0,0,21,2,3,3,4,4,20,12,3.65,18,11
906,protect_l,left,21,77,517,6.7143,21,131,6.2381,40,8,8,0,13,0,13,0,0,0,0,0,0,0,0,0,0,21,2,3,3,4,4,20,12,3.65,2,0
906,protect_s,symmetric,21,25,517,20.68,8,131,16.375,47,7,7,0,14,0,14,0,0,0,0,0,0,0,0,0,0,21,2,3,3,4,4,20,12,3.65,1,0
907,unified,off,21,209,277,1.3254,54,71,1.3148,0,17,17,0,1,3,4,0,0,0,0,0,0,0,0,3,0,18,1,2,3,4,4,20,8,3.65,13,3
907,protect_l,left,21,137,277,2.0219,36,71,1.9722,110,17,17,0,1,3,4,0,0,0,0,0,0,0,0,3,0,18,1,2,3,4,4,20,8,3.65,8,0
907,protect_s,symmetric,21,81,277,3.4198,22,71,3.2273,93,13,13,0,5,3,8,0,0,0,0,0,0,0,0,3,0,18,1,2,3,4,4,20,8,3.65,5,0
908,unified,off,21,285,421,1.4772,73,107,1.4658,0,20,20,0,0,1,1,0,0,0,9,0,0,0,0,1,0,20,3,2,3,4,4,20,16,3.6,15,11
908,protect_l,left,21,117,421,3.5983,31,107,3.4516,44,13,13,0,7,1,8,0,0,0,0,0,0,0,0,1,0,20,3,2,3,4,4,20,16,3.6,4,0
908,protect_s,symmetric,21,29,421,14.5172,9,107,11.8889,45,4,4,0,16,1,17,0,0,0,0,0,0,0,0,1,0,20,3,2,3,4,4,20,16,3.6,2,0
910,unified,off,21,269,365,1.3569,69,93,1.3478,0,10,10,0,11,0,0,0,0,11,22,0,0,0,0,0,0,21,3,3,4,4,4,20,11,3.25,13,6
910,protect_l,left,21,133,365,2.7444,35,93,2.6571,53,21,21,0,0,0,0,0,0,0,0,0,0,0,0,0,0,21,3,3,4,4,4,20,11,3.25,5,0
910,protect_s,symmetric,21,37,365,9.8649,11,93,8.4545,51,3,3,0,18,0,18,0,0,0,0,0,0,0,0,0,0,21,3,3,4,4,4,20,11,3.25,3,0
911,unified,off,21,73,97,1.3288,20,26,1.3,0,21,21,0,0,0,0,0,0,0,0,0,0,0,0,0,0,21,1,2,3,4,4,20,8,3.6,7,1
911,protect_l,left,21,53,97,1.8302,15,26,1.7333,30,18,18,0,3,0,3,0,0,0,0,0,0,0,0,0,0,21,1,2,3,4,4,20,8,3.6,5,0
911,protect_s,symmetric,21,33,97,2.9394,10,26,2.6,47,12,12,0,9,0,9,0,0,0,0,0,0,0,0,0,0,21,1,2,3,4,4,20,8,3.6,3,0
912,unified,off,21,181,245,1.3536,47,63,1.3404,0,10,10,0,11,0,0,0,0,11,23,0,0,0,0,0,0,21,1,2,3,4,4,20,7,3.8,17,5
912,protect_l,left,21,129,245,1.8992,34,63,1.8529,60,21,21,0,0,0,0,0,0,0,0,0,0,0,0,0,0,21,1,2,3,4,4,20,7,3.8,9,0
912,protect_s,symmetric,21,49,245,5.0,14,63,4.5,71,10,10,0,11,0,11,0,0,0,0,0,0,0,0,0,0,21,1,2,3,4,4,20,7,3.8,6,0
913,unified,off,21,233,177,0.7597,60,46,0.7667,0,21,21,0,0,0,0,0,0,0,15,0,0,0,0,0,0,21,1,3,4,4,4,20,9,4.1,14,6
913,protect_l,left,21,57,177,3.1053,16,46,2.875,32,6,6,0,15,0,15,0,0,0,0,0,0,0,0,0,0,21,1,3,4,4,4,20,9,4.1,4,0
913,protect_s,symmetric,21,21,177,8.4286,7,46,6.5714,31,2,2,0,19,0,19,0,0,0,0,0,0,0,0,0,0,21,1,3,4,4,4,20,9,4.1,1,0
914,unified,off,21,109,173,1.5872,29,45,1.5517,0,10,10,0,11,0,0,0,0,11,23,0,0,0,0,0,0,21,1,3,4,4,4,20,10,3.75,12,5
914,protect_l,left,21,105,173,1.6476,28,45,1.6071,69,21,21,0,0,0,0,0,0,0,0,0,0,0,0,0,0,21,1,3,4,4,4,20,10,3.75,9,0
914,protect_s,symmetric,21,25,173,6.92,8,45,5.625,47,8,8,0,13,0,13,0,0,0,0,0,0,0,0,0,0,21,1,3,4,4,4,20,10,3.75,3,0
915,unified,off,20,217,309,1.424,56,79,1.4107,0,9,9,0,11,0,0,0,0,11,23,0,0,0,0,0,0,20,2,2,3,4,4,20,13,4.6,14,10
915,protect_l,left,20,93,309,3.3226,25,79,3.16,37,13,13,0,7,0,7,0,0,0,0,0,0,0,0,0,0,20,2,2,3,4,4,20,13,4.6,2,0
915,protect_s,symmetric,20,21,309,14.7143,7,79,11.2857,46,5,5,0,15,0,15,0,0,0,0,0,0,0,0,0,0,20,2,2,3,4,4,20,13,4.6,2,0
916,unified,off,19,153,241,1.5752,40,62,1.55,0,11,11,0,8,0,0,0,0,8,22,0,0,0,0,0,0,19,1,2,4,4,4,20,5,3.7,9,3
916,protect_l,left,19,81,241,2.9753,22,62,2.8182,34,19,19,0,0,0,0,0,0,0,0,0,0,0,0,0,0,19,1,2,4,4,4,20,5,3.7,4,0
916,protect_s,symmetric,19,37,241,6.5135,11,62,5.6364,71,14,14,0,5,0,5,0,0,0,0,0,0,0,0,0,0,19,1,2,4,4,4,20,5,3.7,3,0
918,unified,off,21,141,313,2.2199,37,80,2.1622,0,3,3,0,15,3,18,0,0,0,17,0,0,0,0,3,0,18,2,2,2,4,4,20,13,3.75,11,6
918,protect_l,left,21,113,313,2.7699,30,80,2.6667,41,18,18,0,0,3,3,0,0,0,0,0,0,0,0,3,0,18,2,2,2,4,4,20,13,3.75,6,0
918,protect_s,symmetric,21,41,313,7.6341,12,80,6.6667,46,7,7,0,11,3,14,0,0,0,0,0,0,0,0,3,0,18,2,2,2,4,4,20,13,3.75,2,0
920,unified,off,20,193,293,1.5181,50,75,1.5,0,1,1,0,18,1,1,0,0,18,45,0,0,0,0,1,0,19,1,3,3,4,4,20,7,3.75,13,5
920,protect_l,left,20,73,293,4.0137,20,75,3.75,27,11,11,0,8,1,9,0,0,0,0,0,0,0,0,1,0,19,1,3,3,4,4,20,7,3.75,3,0
920,protect_s,symmetric,20,21,293,13.9524,7,75,10.7143,37,8,8,0,11,1,12,0,0,0,0,0,0,0,0,1,0,19,1,3,3,4,4,20,7,3.75,2,0
922,unified,off,21,169,225,1.3314,44,58,1.3182,0,18,18,0,0,3,3,0,0,0,1,0,0,0,0,3,0,18,1,3,4,4,4,20,8,3.55,12,4
922,protect_l,left,21,121,225,1.8595,32,58,1.8125,52,18,18,0,0,3,3,0,0,0,0,0,0,0,0,3,0,18,1,3,4,4,4,20,8,3.55,6,0
922,protect_s,symmetric,21,45,225,5.0,13,58,4.4615,58,10,10,0,8,3,11,0,0,0,0,0,0,0,0,3,0,18,1,3,4,4,4,20,8,3.55,4,0
924,unified,off,21,141,281,1.9929,37,72,1.9459,0,3,3,0,18,0,0,0,0,18,36,0,0,0,0,0,0,21,2,2,3,4,4,20,16,4.2,13,9
924,protect_l,left,21,81,281,3.4691,22,72,3.2727,43,4,4,0,17,0,17,0,0,0,0,0,0,0,0,0,0,21,2,2,3,4,4,20,16,4.2,4,0
924,protect_s,symmetric,21,21,281,13.381,7,72,10.2857,32,4,4,0,17,0,17,0,0,0,0,0,0,0,0,0,0,21,2,2,3,4,4,20,16,4.2,1,0
926,unified,off,21,369,685,1.8564,94,173,1.8404,0,1,1,0,19,1,2,0,0,18,37,0,0,0,0,1,0,20,4,2,3,4,4,20,17,3.3,18,15
926,protect_l,left,21,173,685,3.9595,45,173,3.8444,42,18,18,0,2,1,3,0,0,0,0,0,0,0,0,1,0,20,4,2,3,4,4,20,17,3.3,2,0
926,protect_s,symmetric,21,17,685,40.2941,6,173,28.8333,41,2,2,0,18,1,19,0,0,0,0,0,0,0,0,1,0,20,4,2,3,4,4,20,17,3.3,1,0
929,unified,off,21,129,157,1.2171,34,41,1.2059,0,21,21,0,0,0,0,0,0,0,1,0,0,0,0,0,0,21,1,2,3,4,4,20,6,3.7,10,2
929,protect_l,left,21,85,157,1.8471,23,41,1.7826,46,21,21,0,0,0,0,0,0,0,0,0,0,0,0,0,0,21,1,2,3,4,4,20,6,3.7,7,0
929,protect_s,symmetric,21,53,157,2.9623,15,41,2.7333,63,13,13,0,8,0,8,0,0,0,0,0,0,0,0,0,0,21,1,2,3,4,4,20,6,3.7,5,0
930,unified,off,21,265,437,1.6491,68,111,1.6324,0,21,21,0,0,0,0,0,0,0,0,0,0,0,0,0,0,21,2,2,3,4,4,20,13,3.55,15,11
930,protect_l,left,21,85,437,5.1412,23,111,4.8261,38,16,16,0,5,0,5,0,0,0,0,0,0,0,0,0,0,21,2,2,3,4,4,20,13,3.55,3,0
930,protect_s,symmetric,21,25,437,17.48,8,111,13.875,51,7,7,0,14,0,14,0,0,0,0,0,0,0,0,0,0,21,2,2,3,4,4,20,13,3.55,2,0
931,unified,off,21,161,301,1.8696,42,77,1.8333,0,21,21,0,0,0,0,0,0,0,0,0,0,0,0,0,0,21,2,3,3,4,4,20,13,3.55,12,8
931,protect_l,left,21,77,301,3.9091,21,77,3.6667,48,21,21,0,0,0,0,0,0,0,0,0,0,0,0,0,0,21,2,3,3,4,4,20,13,3.55,3,0
931,protect_s,symmetric,21,33,301,9.1212,10,77,7.7,55,13,13,0,8,0,8,0,0,0,0,0,0,0,0,0,0,21,2,3,3,4,4,20,13,3.55,2,0
932,unified,off,21,181,285,1.5746,47,73,1.5532,0,21,21,0,0,0,0,0,0,0,5,0,0,0,0,0,0,21,1,3,3,4,4,20,8,4.0,15,6
932,protect_l,left,21,109,285,2.6147,29,73,2.5172,42,11,11,0,10,0,10,0,0,0,0,0,0,0,0,0,0,21,1,3,3,4,4,20,8,4.0,9,0
932,protect_s,symmetric,21,17,285,16.7647,6,73,12.1667,37,4,4,0,17,0,17,0,0,0,0,0,0,0,0,0,0,21,1,3,3,4,4,20,8,4.0,1,0
934,unified,off,21,217,369,1.7005,56,94,1.6786,0,4,4,0,16,1,1,0,0,16,35,0,0,0,0,1,0,20,1,2,3,4,4,20,10,3.9,15,7
934,protect_l,left,21,141,369,2.617,37,94,2.5405,70,19,19,0,1,1,2,0,0,0,0,0,0,0,0,1,0,20,1,2,3,4,4,20,10,3.9,7,0
934,protect_s,symmetric,21,77,369,4.7922,21,94,4.4762,64,9,9,0,11,1,12,0,0,0,0,0,0,0,0,1,0,20,1,2,3,4,4,20,10,3.9,6,0
935,unified,off,21,185,329,1.7784,48,84,1.75,0,21,21,0,0,0,0,0,0,0,5,0,0,0,0,0,0,21,2,2,3,4,4,20,10,3.65,13,6
935,protect_l,left,21,65,329,5.0615,18,84,4.6667,66,15,15,0,6,0,6,0,0,0,0,0,0,0,0,0,0,21,2,2,3,4,4,20,10,3.65,6,0
935,protect_s,symmetric,21,45,329,7.3111,13,84,6.4615,71,8,8,0,13,0,13,0,0,0,0,0,0,0,0,0,0,21,2,2,3,4,4,20,10,3.65,5,0
936,unified,off,20,241,401,1.6639,62,102,1.6452,0,20,20,0,0,0,0,0,0,0,17,0,0,0,0,0,0,20,1,3,3,4,4,20,5,4.0,18,5
936,protect_l,left,20,165,401,2.4303,43,102,2.3721,39,7,7,0,13,0,13,0,0,0,0,0,0,0,0,0,0,20,1,3,3,4,4,20,5,4.0,13,0
936,protect_s,symmetric,20,53,401,7.566,15,102,6.8,65,5,5,0,15,0,15,0,0,0,0,0,0,0,0,0,0,20,1,3,3,4,4,20,5,4.0,3,0
938,unified,off,21,137,161,1.1752,36,42,1.1667,0,3,3,0,18,0,0,0,0,18,43,0,0,0,0,0,0,21,1,2,2,4,4,20,8,4.25,13,5
938,protect_l,left,21,97,161,1.6598,26,42,1.6154,52,21,21,0,0,0,0,0,0,0,0,0,0,0,0,0,0,21,1,2,2,4,4,20,8,4.25,8,0
938,protect_s,symmetric,21,61,161,2.6393,17,42,2.4706,78,15,15,0,6,0,6,0,0,0,0,0,0,0,0,0,0,21,1,2,2,4,4,20,8,4.25,6,0
939,unified,off,21,149,269,1.8054,39,69,1.7692,0,19,19,0,0,2,2,0,0,0,5,0,0,0,0,2,0,19,2,2,2,4,4,20,12,3.75,11,5
939,protect_l,left,21,101,269,2.6634,27,69,2.5556,85,19,19,0,0,2,2,0,0,0,0,0,0,0,0,2,0,19,2,2,2,4,4,20,12,3.75,5,0
939,protect_s,symmetric,21,77,269,3.4935,21,69,3.2857,90,12,12,0,7,2,9,0,0,0,0,0,0,0,0,2,0,19,2,2,2,4,4,20,12,3.75,5,0
940,unified,off,19,113,197,1.7434,30,51,1.7,0,17,17,0,2,0,0,0,0,2,14,0,0,0,0,0,0,19,3,2,3,4,4,20,14,3.7,8,6
940,protect_l,left,19,69,197,2.8551,19,51,2.6842,42,9,9,0,10,0,10,0,0,0,0,0,0,0,0,0,0,19,3,2,3,4,4,20,14,3.7,5,0
940,protect_s,symmetric,19,29,197,6.7931,9,51,5.6667,39,4,4,0,15,0,15,0,0,0,0,0,0,0,0,0,0,19,3,2,3,4,4,20,14,3.7,3,0
941,unified,off,21,181,341,1.884,47,87,1.8511,0,21,21,0,0,0,0,0,0,0,7,0,0,0,0,0,0,21,1,2,4,4,4,20,10,3.55,12,5
941,protect_l,left,21,77,341,4.4286,21,87,4.1429,56,16,16,0,5,0,5,0,0,0,0,0,0,0,0,0,0,21,1,2,4,4,4,20,10,3.55,6,0
941,protect_s,symmetric,21,33,341,10.3333,10,87,8.7,65,6,6,0,15,0,15,0,0,0,0,0,0,0,0,0,0,21,1,2,4,4,4,20,10,3.55,4,0
942,unified,off,21,265,409,1.5434,68,104,1.5294,0,18,18,0,1,2,2,0,0,1,2,0,0,0,0,2,0,19,2,2,3,4,4,20,12,3.45,17,9
942,protect_l,left,21,149,409,2.745,39,104,2.6667,75,19,19,0,0,2,2,0,0,0,0,0,0,0,0,2,0,19,2,2,3,4,4,20,12,3.45,6,0
942,protect_s,symmetric,21,49,409,8.3469,14,104,7.4286,72,12,12,0,7,2,9,0,0,0,0,0,0,0,0,2,0,19,2,2,3,4,4,20,12,3.45,4,0
944,unified,off,21,137,237,1.7299,36,61,1.6944,0,6,6,0,15,0,0,0,0,15,30,0,0,0,0,0,0,21,2,2,2,4,4,20,11,4.05,13,6
944,protect_l,left,21,77,237,3.0779,21,61,2.9048,44,21,21,0,0,0,0,0,0,0,0,0,0,0,0,0,0,21,2,2,2,4,4,20,11,4.05,5,0
944,protect_s,symmetric,21,37,237,6.4054,11,61,5.5455,58,10,10,0,11,0,11,0,0,0,0,0,0,0,0,0,0,21,2,2,2,4,4,20,11,4.05,5,0
945,unified,off,21,309,541,1.7508,79,137,1.7342,0,12,12,0,8,1,1,0,0,8,16,0,0,0,0,1,0,20,2,2,2,4,4,20,15,3.55,16,12
945,protect_l,left,21,133,541,4.0677,35,137,3.9143,32,19,19,0,1,1,2,0,0,0,0,0,0,0,0,1,0,20,2,2,2,4,4,20,15,3.55,1,0
945,protect_s,symmetric,21,21,541,25.7619,7,137,19.5714,39,6,6,0,14,1,15,0,0,0,0,0,0,0,0,1,0,20,2,2,2,4,4,20,15,3.55,1,0
946,unified,off,21,133,225,1.6917,35,58,1.6571,0,21,21,0,0,0,0,0,0,0,1,0,0,0,0,0,0,21,1,2,2,4,4,20,6,3.85,14,4
946,protect_l,left,21,89,225,2.5281,24,58,2.4167,41,20,20,0,1,0,1,0,0,0,0,0,0,0,0,0,0,21,1,2,2,4,4,20,6,3.85,8,0
946,protect_s,symmetric,21,25,225,9.0,8,58,7.25,41,12,12,0,9,0,9,0,0,0,0,0,0,0,0,0,0,21,1,2,2,4,4,20,6,3.85,3,0
947,unified,off,21,229,309,1.3493,59,79,1.339,0,3,3,0,17,1,1,0,0,17,38,0,0,0,0,1,0,20,2,3,3,4,4,20,14,3.6,13,8
947,protect_l,left,21,81,309,3.8148,22,79,3.5909,64,20,20,0,0,1,1,0,0,0,0,0,0,0,0,1,0,20,2,3,3,4,4,20,14,3.6,5,0
947,protect_s,symmetric,21,21,309,14.7143,7,79,11.2857,48,5,5,0,15,1,16,0,0,0,0,0,0,0,0,1,0,20,2,3,3,4,4,20,14,3.6,2,0
948,unified,off,21,205,257,1.2537,53,66,1.2453,0,21,21,0,0,0,0,0,0,0,0,0,0,0,0,0,0,21,3,2,2,4,4,20,10,3.35,13,6
948,protect_l,left,21,97,257,2.6495,26,66,2.5385,40,21,21,0,0,0,0,0,0,0,0,0,0,0,0,0,0,21,3,2,2,4,4,20,10,3.35,6,0
948,protect_s,symmetric,21,29,257,8.8621,9,66,7.3333,56,6,6,0,15,0,15,0,0,0,0,0,0,0,0,0,0,21,3,2,2,4,4,20,10,3.35,4,0
949,unified,off,20,137,285,2.0803,36,73,2.0278,0,18,18,0,2,0,0,0,0,2,4,0,0,0,0,0,0,20,1,2,3,4,4,20,8,3.35,10,5
949,protect_l,left,20,145,285,1.9655,38,73,1.9211,78,19,19,0,1,0,1,0,0,0,0,0,0,0,0,0,0,20,1,2,3,4,4,20,8,3.35,9,0
949,protect_s,symmetric,20,81,285,3.5185,22,73,3.3182,103,15,15,0,5,0,5,0,0,0,0,0,0,0,0,0,0,20,1,2,3,4,4,20,8,3.35,5,0
951,unified,off,21,245,289,1.1796,63,74,1.1746,0,19,19,0,0,2,2,0,0,0,0,0,0,0,0,2,0,19,2,2,2,4,4,20,12,3.95,11,4
951,protect_l,left,21,137,289,2.1095,36,74,2.0556,84,19,19,0,0,2,2,0,0,0,0,0,0,0,0,2,0,19,2,2,2,4,4,20,12,3.95,7,0
951,protect_s,symmetric,21,33,289,8.7576,10,74,7.4,52,3,3,0,16,2,18,0,0,0,0,0,0,0,0,2,0,19,2,2,2,4,4,20,12,3.95,5,0
953,unified,off,21,217,301,1.3871,56,77,1.375,0,21,21,0,0,0,0,0,0,0,0,0,0,0,0,0,0,21,1,3,4,4,4,20,6,3.55,15,5
953,protect_l,left,21,121,301,2.4876,32,77,2.4062,68,18,18,0,3,0,3,0,0,0,0,0,0,0,0,0,0,21,1,3,4,4,4,20,6,3.55,9,0
953,protect_s,symmetric,21,29,301,10.3793,9,77,8.5556,59,10,10,0,11,0,11,0,0,0,0,0,0,0,0,0,0,21,1,3,4,4,4,20,6,3.55,3,0
954,unified,off,21,221,317,1.4344,57,81,1.4211,0,13,13,0,7,1,1,0,0,7,13,0,0,0,0,1,0,20,1,3,4,4,4,20,6,3.75,14,3
954,protect_l,left,21,121,317,2.6198,32,81,2.5312,37,14,14,0,6,1,7,0,0,0,0,0,0,0,0,1,0,20,1,3,4,4,4,20,6,3.75,9,0
954,protect_s,symmetric,21,33,317,9.6061,10,81,8.1,67,8,8,0,12,1,13,0,0,0,0,0,0,0,0,1,0,20,1,3,4,4,4,20,6,3.75,2,0
955,unified,off,21,129,457,3.5426,34,116,3.4118,0,21,21,0,0,0,0,0,0,0,0,0,0,0,0,0,0,21,1,3,4,4,4,20,5,3.25,14,4
955,protect_l,left,21,69,457,6.6232,19,116,6.1053,16,9,9,0,12,0,12,0,0,0,0,0,0,0,0,0,0,21,1,3,4,4,4,20,5,3.25,3,0
955,protect_s,symmetric,21,25,457,18.28,8,116,14.5,34,7,7,0,14,0,14,0,0,0,0,0,0,0,0,0,0,21,1,3,4,4,4,20,5,3.25,2,0
956,unified,off,21,101,161,1.5941,27,42,1.5556,0,21,21,0,0,0,0,0,0,0,14,0,0,0,0,0,0,21,2,2,3,4,4,20,11,3.55,7,3
956,protect_l,left,21,113,161,1.4248,30,42,1.4,47,15,15,0,6,0,6,0,0,0,0,0,0,0,0,0,0,21,2,2,3,4,4,20,11,3.55,7,0
956,protect_s,symmetric,21,77,161,2.0909,21,42,2.0,62,10,10,0,11,0,11,0,0,0,0,0,0,0,0,0,0,21,2,2,3,4,4,20,11,3.55,5,0
958,unified,off,21,113,241,2.1327,30,62,2.0667,0,21,21,0,0,0,0,0,0,0,16,0,0,0,0,0,0,21,1,2,3,4,4,20,6,3.6,12,5
958,protect_l,left,21,53,241,4.5472,15,62,4.1333,44,19,19,0,2,0,2,0,0,0,0,0,0,0,0,0,0,21,1,2,3,4,4,20,6,3.6,6,0
958,protect_s,symmetric,21,41,241,5.878,12,62,5.1667,48,19,19,0,2,0,2,0,0,0,0,0,0,0,0,0,0,21,1,2,3,4,4,20,6,3.6,5,0
959,unified,off,21,209,185,0.8852,54,48,0.8889,0,21,21,0,0,0,0,0,0,0,2,0,0,0,0,0,0,21,1,3,4,4,4,20,7,3.85,11,5
959,protect_l,left,21,85,185,2.1765,23,48,2.087,33,9,9,0,12,0,12,0,0,0,0,0,0,0,0,0,0,21,1,3,4,4,4,20,7,3.85,4,0
959,protect_s,symmetric,21,37,185,5.0,11,48,4.3636,43,10,10,0,11,0,11,0,0,0,0,0,0,0,0,0,0,21,1,3,4,4,4,20,7,3.85,2,0
960,unified,off,21,189,221,1.1693,49,57,1.1633,0,21,21,0,0,0,0,0,0,0,7,0,0,0,0,0,0,21,2,2,3,4,4,20,11,4.05,16,7
960,protect_l,left,21,93,221,2.3763,25,57,2.28,37,21,21,0,0,0,0,0,0,0,0,0,0,0,0,0,0,21,2,2,3,4,4,20,11,4.05,8,0
960,protect_s,symmetric,21,37,221,5.973,11,57,5.1818,51,3,3,0,18,0,18,0,0,0,0,0,0,0,0,0,0,21,2,2,3,4,4,20,11,4.05,6,0
961,unified,off,21,205,261,1.2732,53,67,1.2642,0,1,1,0,20,0,0,0,0,20,54,0,0,0,0,0,0,21,1,2,3,4,4,20,8,4.2,14,5
961,protect_l,left,21,129,261,2.0233,34,67,1.9706,67,7,7,0,14,0,14,0,0,0,0,0,0,0,0,0,0,21,1,2,3,4,4,20,8,4.2,9,0
961,protect_s,symmetric,21,29,261,9.0,9,67,7.4444,63,6,6,0,15,0,15,0,0,0,0,0,0,0,0,0,0,21,1,2,3,4,4,20,8,4.2,4,0
962,unified,off,20,117,145,1.2393,31,38,1.2258,0,20,20,0,0,0,0,0,0,0,0,0,0,0,0,0,0,20,1,2,3,4,4,20,7,3.6,12,2
962,protect_l,left,20,101,145,1.4356,27,38,1.4074,54,20,20,0,0,0,0,0,0,0,0,0,0,0,0,0,0,20,1,2,3,4,4,20,7,3.6,6,0
962,protect_s,symmetric,20,101,145,1.4356,27,38,1.4074,100,12,12,0,8,0,8,0,0,0,0,0,0,0,0,0,0,20,1,2,3,4,4,20,7,3.6,7,0
963,unified,off,21,205,105,0.5122,53,28,0.5283,0,14,14,0,5,2,7,0,0,0,6,0,0,0,0,2,0,19,2,3,3,4,4,20,9,4.1,15,6
963,protect_l,left,21,85,105,1.2353,23,28,1.2174,46,8,8,0,11,2,13,0,0,0,0,0,0,0,0,2,0,19,2,3,3,4,4,20,9,4.1,6,0
963,protect_s,symmetric,21,13,105,8.0769,5,28,5.6,35,3,3,0,16,2,18,0,0,0,0,0,0,0,0,2,0,19,2,3,3,4,4,20,9,4.1,0,0
964,unified,off,21,233,477,2.0472,60,121,2.0167,0,21,21,0,0,0,0,0,0,0,3,0,0,0,0,0,0,21,2,2,2,4,4,20,10,3.4,11,6
964,protect_l,left,21,109,477,4.3761,29,121,4.1724,52,20,20,0,1,0,1,0,0,0,0,0,0,0,0,0,0,21,2,2,2,4,4,20,10,3.4,3,0
964,protect_s,symmetric,21,45,477,10.6,13,121,9.3077,80,13,13,0,8,0,8,0,0,0,0,0,0,0,0,0,0,21,2,2,2,4,4,20,10,3.4,2,0
965,unified,off,19,97,177,1.8247,26,46,1.7692,0,19,19,0,0,0,0,0,0,0,14,0,0,0,0,0,0,19,2,2,3,4,4,20,6,4.15,9,4
965,protect_l,left,19,85,177,2.0824,23,46,2.0,23,19,19,0,0,0,0,0,0,0,0,0,0,0,0,0,0,19,2,2,3,4,4,20,6,4.15,8,0
965,protect_s,symmetric,19,25,177,7.08,8,46,5.75,36,8,8,0,11,0,11,0,0,0,0,0,0,0,0,0,0,19,2,2,3,4,4,20,6,4.15,3,0
966,unified,off,21,297,357,1.202,76,91,1.1974,0,19,19,0,0,2,2,0,0,0,0,0,0,0,0,2,0,19,1,3,3,4,4,20,5,3.85,16,3
966,protect_l,left,21,181,357,1.9724,47,91,1.9362,55,18,18,0,1,2,3,0,0,0,0,0,0,0,0,2,0,19,1,3,3,4,4,20,5,3.85,12,0
966,protect_s,symmetric,21,49,357,7.2857,14,91,6.5,60,8,8,0,11,2,13,0,0,0,0,0,0,0,0,2,0,19,1,3,3,4,4,20,5,3.85,5,0
967,unified,off,21,117,201,1.7179,31,52,1.6774,0,9,9,0,12,0,0,0,0,12,27,0,0,0,0,0,0,21,4,2,3,4,4,20,15,3.6,12,10
967,protect_l,left,21,49,201,4.102,14,52,3.7143,33,17,17,0,4,0,4,0,0,0,0,0,0,0,0,0,0,21,4,2,3,4,4,20,15,3.6,2,0
967,protect_s,symmetric,21,21,201,9.5714,7,52,7.4286,40,4,4,0,17,0,17,0,0,0,0,0,0,0,0,0,0,21,4,2,3,4,4,20,15,3.6,2,0
968,unified,off,21,233,561,2.4077,60,142,2.3667,0,21,21,0,0,0,0,0,0,0,1,0,0,0,0,0,0,21,2,2,3,4,4,20,11,3.15,9,3
968,protect_l,left,21,197,561,2.8477,51,142,2.7843,95,21,21,0,0,0,0,0,0,0,0,0,0,0,0,0,0,21,2,2,3,4,4,20,11,3.15,6,0
968,protect_s,symmetric,21,61,561,9.1967,17,142,8.3529,104,5,5,0,16,0,16,0,0,0,0,0,0,0,0,0,0,21,2,2,3,4,4,20,11,3.15,4,0
971,unified,off,21,233,225,0.9657,60,58,0.9667,0,3,3,0,18,0,1,0,0,17,36,0,0,0,0,0,0,21,1,4,4,4,4,20,7,3.3,15,5
971,protect_l,left,21,137,225,1.6423,36,58,1.6111,47,8,8,0,13,0,13,0,0,0,0,0,0,0,0,0,0,21,1,4,4,4,4,20,7,3.3,10,0
971,protect_s,symmetric,21,33,225,6.8182,10,58,5.8,38,6,6,0,15,0,15,0,0,0,0,0,0,0,0,0,0,21,1,4,4,4,4,20,7,3.3,3,0
972,unified,off,21,157,185,1.1783,41,48,1.1707,0,1,1,0,20,0,0,0,0,20,40,0,0,0,0,0,0,21,1,3,4,4,4,20,7,4.15,14,6
972,protect_l,left,21,97,185,1.9072,26,48,1.8462,38,18,18,0,3,0,3,0,0,0,0,0,0,0,0,0,0,21,1,3,4,4,4,20,7,4.15,9,0
972,protect_s,symmetric,21,25,185,7.4,8,48,6.0,43,6,6,0,15,0,15,0,0,0,0,0,0,0,0,0,0,21,1,3,4,4,4,20,7,4.15,1,0
974,unified,off,21,149,169,1.1342,39,44,1.1282,0,9,9,0,8,4,4,0,0,8,17,0,0,0,0,4,0,17,1,2,3,4,4,20,7,3.85,14,3
974,protect_l,left,21,101,169,1.6733,27,44,1.6296,25,9,9,0,8,4,12,0,0,0,0,0,0,0,0,4,0,17,1,2,3,4,4,20,7,3.85,10,0
974,protect_s,symmetric,21,33,169,5.1212,10,44,4.4,37,6,6,0,11,4,15,0,0,0,0,0,0,0,0,4,0,17,1,2,3,4,4,20,7,3.85,3,0
975,unified,off,21,109,141,1.2936,29,37,1.2759,0,21,21,0,0,0,0,0,0,0,1,0,0,0,0,0,0,21,3,2,3,4,4,20,16,3.6,12,9
975,protect_l,left,21,53,141,2.6604,15,37,2.4667,40,21,21,0,0,0,0,0,0,0,0,0,0,0,0,0,0,21,3,2,3,4,4,20,16,3.6,3,0
975,protect_s,symmetric,21,29,141,4.8621,9,37,4.1111,46,3,3,0,18,0,18,0,0,0,0,0,0,0,0,0,0,21,3,2,3,4,4,20,16,3.6,3,0
976,unified,off,21,313,433,1.3834,80,110,1.375,0,14,14,0,6,1,1,6,0,0,21,0,0,0,0,1,0,20,3,2,2,4,4,20,14,3.45,16,10
976,protect_l,left,21,177,433,2.4463,46,110,2.3913,71,20,20,0,0,1,1,0,0,0,0,0,0,0,0,1,0,20,3,2,2,4,4,20,14,3.45,6,0
976,protect_s,symmetric,21,33,433,13.1212,10,110,11.0,51,6,6,0,14,1,15,0,0,0,0,0,0,0,0,1,0,20,3,2,2,4,4,20,14,3.45,2,0
977,unified,off,21,113,117,1.0354,30,31,1.0333,0,1,1,0,20,0,0,0,0,20,39,0,0,0,0,0,0,21,1,2,3,4,4,20,8,4.2,13,6
977,protect_l,left,21,69,117,1.6957,19,31,1.6316,32,13,13,0,8,0,8,0,0,0,0,0,0,0,0,0,0,21,1,2,3,4,4,20,8,4.2,8,0
977,protect_s,symmetric,21,21,117,5.5714,7,31,4.4286,38,6,6,0,15,0,15,0,0,0,0,0,0,0,0,0,0,21,1,2,3,4,4,20,8,4.2,2,0
978,unified,off,21,189,217,1.1481,49,56,1.1429,0,21,21,0,0,0,0,0,0,0,0,0,0,0,0,0,0,21,1,2,4,4,4,20,5,4.0,16,3
978,protect_l,left,21,113,217,1.9204,30,56,1.8667,59,20,20,0,1,0,1,0,0,0,0,0,0,0,0,0,0,21,1,2,4,4,4,20,5,4.0,9,0
978,protect_s,symmetric,21,57,217,3.807,16,56,3.5,76,10,10,0,11,0,11,0,0,0,0,0,0,0,0,0,0,21,1,2,4,4,4,20,5,4.0,4,0
979,unified,off,21,249,317,1.2731,64,81,1.2656,0,21,21,0,0,0,0,0,0,0,0,0,0,0,0,0,0,21,1,3,4,4,4,20,6,3.35,11,1
979,protect_l,left,21,141,317,2.2482,37,81,2.1892,106,21,21,0,0,0,0,0,0,0,0,0,0,0,0,0,0,21,1,3,4,4,4,20,6,3.35,9,0
979,protect_s,symmetric,21,57,317,5.5614,16,81,5.0625,81,12,12,0,9,0,9,0,0,0,0,0,0,0,0,0,0,21,1,3,4,4,4,20,6,3.35,4,0
980,unified,off,21,273,477,1.7473,70,121,1.7286,0,17,17,0,0,4,4,0,0,0,7,0,0,0,0,4,0,17,1,3,4,4,4,20,8,3.3,16,7
980,protect_l,left,21,193,477,2.4715,50,121,2.42,61,17,17,0,0,4,4,0,0,0,0,0,0,0,0,4,0,17,1,3,4,4,4,20,8,3.3,8,0
980,protect_s,symmetric,21,61,477,7.8197,17,121,7.1176,59,7,7,0,10,4,14,0,0,0,0,0,0,0,0,4,0,17,1,3,4,4,4,20,8,3.3,7,0
981,unified,off,21,165,185,1.1212,43,48,1.1163,0,20,20,0,0,1,1,0,0,0,0,0,0,0,0,1,0,20,2,2,3,4,4,20,13,3.7,10,5
981,protect_l,left,21,81,185,2.284,22,48,2.1818,60,19,19,0,1,1,2,0,0,0,0,0,0,0,0,1,0,20,2,2,3,4,4,20,13,3.7,3,0
981,protect_s,symmetric,21,37,185,5.0,11,48,4.3636,75,9,9,0,11,1,12,0,0,0,0,0,0,0,0,1,0,20,2,2,3,4,4,20,13,3.7,2,0
982,unified,off,21,85,249,2.9294,23,64,2.7826,0,2,2,0,19,0,0,0,0,19,42,0,0,0,0,0,0,21,2,2,2,4,4,20,12,3.8,9,5
982,protect_l,left,21,77,249,3.2338,21,64,3.0476,60,21,21,0,0,0,0,0,0,0,0,0,0,0,0,0,0,21,2,2,2,4,4,20,12,3.8,7,0
982,protect_s,symmetric,21,37,249,6.7297,11,64,5.8182,58,8,8,0,13,0,13,0,0,0,0,0,0,0,0,0,0,21,2,2,2,4,4,20,12,3.8,4,0
983,unified,off,21,225,301,1.3378,58,77,1.3276,0,21,21,0,0,0,0,0,0,0,1,0,0,0,0,0,0,21,2,2,3,4,4,20,13,4.4,14,7
983,protect_l,left,21,97,301,3.1031,26,77,2.9615,40,20,20,0,1,0,1,0,0,0,0,0,0,0,0,0,0,21,2,2,3,4,4,20,13,4.4,5,0
983,protect_s,symmetric,21,25,301,12.04,8,77,9.625,41,5,5,0,16,0,16,0,0,0,0,0,0,0,0,0,0,21,2,2,3,4,4,20,13,4.4,1,0
985,unified,off,20,169,261,1.5444,44,67,1.5227,0,5,5,0,15,0,0,0,0,15,39,0,0,0,0,0,0,20,1,2,2,4,4,20,3,3.25,12,2
985,protect_l,left,20,105,261,2.4857,28,67,2.3929,46,19,19,0,1,0,1,0,0,0,0,0,0,0,0,0,0,20,1,2,2,4,4,20,3,3.25,8,0
985,protect_s,symmetric,20,37,261,7.0541,11,67,6.0909,66,11,11,0,9,0,9,0,0,0,0,0,0,0,0,0,0,20,1,2,2,4,4,20,3,3.25,5,0
986,unified,off,21,229,281,1.2271,59,72,1.2203,0,2,2,0,19,0,0,0,0,19,43,0,0,0,0,0,0,21,2,3,3,4,4,20,13,3.7,15,10
986,protect_l,left,21,81,281,3.4691,22,72,3.2727,46,14,14,0,7,0,7,0,0,0,0,0,0,0,0,0,0,21,2,3,3,4,4,20,13,3.7,5,0
986,protect_s,symmetric,21,21,281,13.381,7,72,10.2857,45,3,3,0,18,0,18,0,0,0,0,0,0,0,0,0,0,21,2,3,3,4,4,20,13,3.7,2,0
987,unified,off,21,157,269,1.7134,41,69,1.6829,0,21,21,0,0,0,0,0,0,0,0,0,0,0,0,0,0,21,1,3,3,4,4,20,7,3.55,14,6
987,protect_l,left,21,105,269,2.5619,28,69,2.4643,45,21,21,0,0,0,0,0,0,0,0,0,0,0,0,0,0,21,1,3,3,4,4,20,7,3.55,5,0
987,protect_s,symmetric,21,29,269,9.2759,9,69,7.6667,59,11,11,0,10,0,10,0,0,0,0,0,0,0,0,0,0,21,1,3,3,4,4,20,7,3.55,4,0
988,unified,off,21,189,153,0.8095,49,40,0.8163,0,21,21,0,0,0,0,0,0,0,1,0,0,0,0,0,0,21,1,3,4,4,4,20,6,3.85,16,6
988,protect_l,left,21,53,153,2.8868,15,40,2.6667,29,12,12,0,9,0,9,0,0,0,0,0,0,0,0,0,0,21,1,3,4,4,4,20,6,3.85,6,0
988,protect_s,symmetric,21,13,153,11.7692,5,40,8.0,34,2,2,0,19,0,19,0,0,0,0,0,0,0,0,0,0,21,1,3,4,4,4,20,6,3.85,0,0
992,unified,off,21,133,145,1.0902,35,38,1.0857,0,21,21,0,0,0,0,0,0,0,0,0,0,0,0,0,0,21,1,2,2,4,4,20,5,3.75,11,3
992,protect_l,left,21,117,145,1.2393,31,38,1.2258,57,21,21,0,0,0,0,0,0,0,0,0,0,0,0,0,0,21,1,2,2,4,4,20,5,3.75,8,0
992,protect_s,symmetric,21,77,145,1.8831,21,38,1.8095,98,20,20,0,1,0,1,0,0,0,0,0,0,0,0,0,0,21,1,2,2,4,4,20,5,3.75,6,0
993,unified,off,21,89,73,0.8202,24,20,0.8333,0,19,19,0,2,0,0,0,0,2,12,0,0,0,0,0,0,21,1,2,2,4,4,20,8,4.1,7,2
993,protect_l,left,21,73,73,1.0,20,20,1.0,56,11,11,0,10,0,10,0,0,0,0,0,0,0,0,0,0,21,1,2,2,4,4,20,8,4.1,4,0
993,protect_s,symmetric,21,29,73,2.5172,9,20,2.2222,61,3,3,0,18,0,18,0,0,0,0,0,0,0,0,0,0,21,1,2,2,4,4,20,8,4.1,2,0
995,unified,off,21,233,389,1.6695,60,99,1.65,0,21,21,0,0,0,0,0,0,0,14,0,0,0,0,0,0,21,3,2,3,4,4,20,13,3.4,11,7
995,protect_l,left,21,105,389,3.7048,28,99,3.5357,40,7,7,0,14,0,14,0,0,0,0,0,0,0,0,0,0,21,3,2,3,4,4,20,13,3.4,3,0
995,protect_s,symmetric,21,13,389,29.9231,5,99,19.8,36,3,3,0,18,0,18,0,0,0,0,0,0,0,0,0,0,21,3,2,3,4,4,20,13,3.4,0,0
996,unified,off,21,125,117,0.936,33,31,0.9394,0,21,21,0,0,0,0,0,0,0,0,0,0,0,0,0,0,21,2,2,2,4,4,20,11,3.75,13,7
996,protect_l,left,21,73,117,1.6027,20,31,1.55,40,21,21,0,0,0,0,0,0,0,0,0,0,0,0,0,0,21,2,2,2,4,4,20,11,3.75,6,0
996,protect_s,symmetric,21,41,117,2.8537,12,31,2.5833,40,21,21,0,0,0,0,0,0,0,0,0,0,0,0,0,0,21,2,2,2,4,4,20,11,3.75,3,0
997,unified,off,21,157,285,1.8153,41,73,1.7805,0,14,14,0,2,5,7,0,0,0,2,0,0,0,0,5,0,16,2,2,2,4,4,20,13,3.75,14,9
997,protect_l,left,21,89,285,3.2022,24,73,3.0417,42,14,14,0,2,5,7,0,0,0,0,0,0,0,0,5,0,16,2,2,2,4,4,20,13,3.75,4,0
997,protect_s,symmetric,21,25,285,11.4,8,73,9.125,48,5,5,0,11,5,16,0,0,0,0,0,0,0,0,5,0,16,2,2,2,4,4,20,13,3.75,3,0
998,unified,off,21,209,277,1.3254,54,71,1.3148,0,21,21,0,0,0,0,0,0,0,2,0,0,0,0,0,0,21,2,2,3,4,4,20,9,3.55,12,6
998,protect_l,left,21,125,277,2.216,33,71,2.1515,61,19,19,0,2,0,2,0,0,0,0,0,0,0,0,0,0,21,2,2,3,4,4,20,9,3.55,7,0
998,protect_s,symmetric,21,41,277,6.7561,12,71,5.9167,72,10,10,0,11,0,11,0,0,0,0,0,0,0,0,0,0,21,2,2,3,4,4,20,9,3.55,3,0
999,unified,off,21,109,97,0.8899,29,26,0.8966,0,1,1,0,20,0,0,20,0,0,60,0,0,0,0,0,0,21,2,2,2,4,4,20,10,3.85,13,7
999,protect_l,left,21,53,97,1.8302,15,26,1.7333,41,21,21,0,0,0,0,0,0,0,0,0,0,0,0,0,0,21,2,2,2,4,4,20,10,3.85,5,0
999,protect_s,symmetric,21,21,97,4.619,7,26,3.7143,37,4,4,0,17,0,17,0,0,0,0,0,0,0,0,0,0,21,2,2,2,4,4,20,10,3.85,2,0
1000,unified,off,21,89,169,1.8989,24,44,1.8333,0,21,21,0,0,0,0,0,0,0,0,0,0,0,0,0,0,21,1,2,3,4,4,20,7,3.65,8,3
1000,protect_l,left,21,65,169,2.6,18,44,2.4444,45,21,21,0,0,0,0,0,0,0,0,0,0,0,0,0,0,21,1,2,3,4,4,20,7,3.65,5,0
1000,protect_s,symmetric,21,25,169,6.76,8,44,5.5,52,11,11,0,10,0,10,0,0,0,0,0,0,0,0,0,0,21,1,2,3,4,4,20,7,3.65,2,0
1001,unified,off,21,89,117,1.3146,24,31,1.2917,0,21,21,0,0,0,0,0,0,0,0,0,0,0,0,0,0,21,2,2,3,4,4,20,13,4.0,10,5
1001,protect_l,left,21,57,117,2.0526,16,31,1.9375,60,21,21,0,0,0,0,0,0,0,0,0,0,0,0,0,0,21,2,2,3,4,4,20,13,4.0,6,0
1001,protect_s,symmetric,21,29,117,4.0345,9,31,3.4444,55,3,3,0,18,0,18,0,0,0,0,0,0,0,0,0,0,21,2,2,3,4,4,20,13,4.0,3,0
1002,unified,off,21,353,365,1.034,90,93,1.0333,0,21,21,0,0,0,0,0,0,0,2,0,0,0,0,0,0,21,2,4,4,4,4,20,15,3.65,18,13
1002,protect_l,left,21,105,365,3.4762,28,93,3.3214,40,20,20,0,1,0,1,0,0,0,0,0,0,0,0,0,0,21,2,4,4,4,4,20,15,3.65,3,0
1002,protect_s,symmetric,21,25,365,14.6,8,93,11.625,35,5,5,0,16,0,16,0,0,0,0,0,0,0,0,0,0,21,2,4,4,4,4,20,15,3.65,3,0
1003,unified,off,21,113,265,2.3451,30,68,2.2667,0,4,4,0,17,0,0,0,0,17,46,0,0,0,0,0,0,21,2,2,3,4,4,20,10,3.7,5,2
1003,protect_l,left,21,121,265,2.1901,32,68,2.125,64,21,21,0,0,0,0,0,0,0,0,0,0,0,0,0,0,21,2,2,3,4,4,20,10,3.7,5,0
1003,protect_s,symmetric,21,53,265,5.0,15,68,4.5333,73,7,7,0,14,0,14,0,0,0,0,0,0,0,0,0,0,21,2,2,3,4,4,20,10,3.7,4,0
1005,unified,off,21,169,165,0.9763,44,43,0.9773,0,21,21,0,0,0,0,0,0,0,11,0,0,0,0,0,0,21,1,4,5,4,4,20,7,3.8,11,2
1005,protect_l,left,21,141,165,1.1702,37,43,1.1622,47,21,21,0,0,0,0,0,0,0,0,0,0,0,0,0,0,21,1,4,5,4,4,20,7,3.8,8,0
1005,protect_s,symmetric,21,29,165,5.6897,9,43,4.7778,37,8,8,0,13,0,13,0,0,0,0,0,0,0,0,0,0,21,1,4,5,4,4,20,7,3.8,3,0
1006,unified,off,20,181,173,0.9558,47,45,0.9574,0,20,20,0,0,0,0,0,0,0,5,0,0,0,0,0,0,20,3,3,4,4,4,20,15,3.8,16,13
1006,protect_l,left,20,73,173,2.3699,20,45,2.25,36,13,13,0,7,0,7,0,0,0,0,0,0,0,0,0,0,20,3,3,4,4,4,20,15,3.8,3,0
1006,protect_s,symmetric,20,21,173,8.2381,7,45,6.4286,30,4,4,0,16,0,16,0,0,0,0,0,0,0,0,0,0,20,3,3,4,4,4,20,15,3.8,1,0
1007,unified,off,21,109,257,2.3578,29,66,2.2759,0,21,21,0,0,0,0,0,0,0,16,0,0,0,0,0,0,21,1,2,4,4,4,20,7,3.55,8,4
1007,protect_l,left,21,53,257,4.8491,15,66,4.4,26,15,15,0,6,0,6,0,0,0,0,0,0,0,0,0,0,21,1,2,4,4,4,20,7,3.55,2,0
1007,protect_s,symmetric,21,21,257,12.2381,7,66,9.4286,38,5,5,0,16,0,16,0,0,0,0,0,0,0,0,0,0,21,1,2,4,4,4,20,7,3.55,2,0
1008,unified,off,20,189,297,1.5714,49,76,1.551,0,18,18,0,0,2,2,0,0,0,0,0,0,0,0,2,0,18,2,2,2,4,4,20,8,3.45,15,4
1008,protect_l,left,20,125,297,2.376,33,76,2.303,54,16,16,0,2,2,4,0,0,0,0,0,0,0,0,2,0,18,2,2,2,4,4,20,8,3.45,11,0
1008,protect_s,symmetric,20,29,297,10.2414,9,76,8.4444,59,8,8,0,10,2,12,0,0,0,0,0,0,0,0,2,0,18,2,2,2,4,4,20,8,3.45,3,0
1009,unified,off,21,345,733,2.1246,88,185,2.1023,0,20,20,0,0,1,1,0,0,0,4,0,0,0,0,1,0,20,2,2,3,4,4,20,10,3.95,18,9
1009,protect_l,left,21,209,733,3.5072,54,185,3.4259,54,18,18,0,2,1,3,0,0,0,0,0,0,0,0,1,0,20,2,2,3,4,4,20,10,3.95,7,0
1009,protect_s,symmetric,21,37,733,19.8108,11,185,16.8182,61,5,5,0,15,1,16,0,0,0,0,0,0,0,0,1,0,20,2,2,3,4,4,20,10,3.95,5,0
1012,unified,off,21,193,321,1.6632,50,82,1.64,0,21,21,0,0,0,0,0,0,0,12,0,0,0,0,0,0,21,1,3,3,4,4,20,5,3.7,15,4
1012,protect_l,left,21,97,321,3.3093,26,82,3.1538,36,7,7,0,14,0,14,0,0,0,0,0,0,0,0,0,0,21,1,3,3,4,4,20,5,3.7,11,0
1012,protect_s,symmetric,21,17,321,18.8824,6,82,13.6667,38,6,6,0,15,0,15,0,0,0,0,0,0,0,0,0,0,21,1,3,3,4,4,20,5,3.7,1,0
1013,unified,off,21,129,193,1.4961,34,50,1.4706,0,2,2,0,19,0,0,0,0,19,37,0,0,0,0,0,0,21,4,2,3,4,4,20,15,3.9,13,9
1013,protect_l,left,21,69,193,2.7971,19,50,2.6316,38,20,20,0,1,0,1,0,0,0,0,0,0,0,0,0,0,21,4,2,3,4,4,20,15,3.9,3,0
1013,protect_s,symmetric,21,33,193,5.8485,10,50,5.0,50,4,4,0,17,0,17,0,0,0,0,0,0,0,0,0,0,21,4,2,3,4,4,20,15,3.9,2,0
1014,unified,off,21,261,305,1.1686,67,78,1.1642,0,12,12,0,5,4,9,0,0,0,10,0,0,0,0,4,0,17,2,2,4,4,4,20,8,3.8,17,5
1014,protect_l,left,21,93,305,3.2796,25,78,3.12,25,10,10,0,7,4,11,0,0,0,0,0,0,0,0,4,0,17,2,2,4,4,4,20,8,3.8,4,0
1014,protect_s,symmetric,21,13,305,23.4615,5,78,15.6,41,6,6,0,11,4,15,0,0,0,0,0,0,0,0,4,0,17,2,2,4,4,4,20,8,3.8,0,0
1015,unified,off,20,101,101,1.0,27,27,1.0,0,20,20,0,0,0,0,0,0,0,0,0,0,0,0,0,0,20,1,2,2,4,4,20,8,3.7,13,5
1015,protect_l,left,20,53,101,1.9057,15,27,1.8,33,19,19,0,1,0,1,0,0,0,0,0,0,0,0,0,0,20,1,2,2,4,4,20,8,3.7,4,0
1015,protect_s,symmetric,20,49,101,2.0612,14,27,1.9286,56,15,15,0,5,0,5,0,0,0,0,0,0,0,0,0,0,20,1,2,2,4,4,20,8,3.7,4,0
1016,unified,off,21,109,229,2.1009,29,59,2.0345,0,1,1,0,20,0,0,0,0,20,41,0,0,0,0,0,0,21,3,2,3,4,4,20,15,3.6,10,9
1016,protect_l,left,21,53,229,4.3208,15,59,3.9333,48,2,2,0,19,0,19,0,0,0,0,0,0,0,0,0,0,21,3,2,3,4,4,20,15,3.6,3,0
1016,protect_s,symmetric,21,21,229,10.9048,7,59,8.4286,50,3,3,0,18,0,18,0,0,0,0,0,0,0,0,0,0,21,3,2,3,4,4,20,15,3.6,2,0
1017,unified,off,21,161,225,1.3975,42,58,1.381,0,21,21,0,0,0,0,0,0,0,9,0,0,0,0,0,0,21,1,3,4,4,4,20,8,3.75,11,3
1017,protect_l,left,21,121,225,1.8595,32,58,1.8125,48,21,21,0,0,0,0,0,0,0,0,0,0,0,0,0,0,21,1,3,4,4,4,20,8,3.75,7,0
1017,protect_s,symmetric,21,45,225,5.0,13,58,4.4615,48,10,10,0,11,0,11,0,0,0,0,0,0,0,0,0,0,21,1,3,4,4,4,20,8,3.75,3,0
1018,unified,off,21,125,153,1.224,33,40,1.2121,0,21,21,0,0,0,0,0,0,0,0,0,0,0,0,0,0,21,1,3,3,4,4,20,5,3.95,10,1
1018,protect_l,left,21,129,153,1.186,34,40,1.1765,63,21,21,0,0,0,0,0,0,0,0,0,0,0,0,0,0,21,1,3,3,4,4,20,5,3.95,9,0
1018,protect_s,symmetric,21,93,153,1.6452,25,40,1.6,97,10,10,0,11,0,11,0,0,0,0,0,0,0,0,0,0,21,1,3,3,4,4,20,5,3.95,7,0
1019,unified,off,21,329,365,1.1094,84,93,1.1071,0,4,4,0,17,0,0,0,0,17,35,0,0,0,0,0,0,21,2,3,3,4,4,20,14,3.8,14,9
1019,protect_l,left,21,129,365,2.8295,34,93,2.7353,84,21,21,0,0,0,0,0,0,0,0,0,0,0,0,0,0,21,2,3,3,4,4,20,14,3.8,4,0
1019,protect_s,symmetric,21,45,365,8.1111,13,93,7.1538,78,5,5,0,16,0,16,0,0,0,0,0,0,0,0,0,0,21,2,3,3,4,4,20,14,3.8,2,0
1020,unified,off,21,169,225,1.3314,44,58,1.3182,0,21,21,0,0,0,0,0,0,0,0,0,0,0,0,0,0,21,1,2,3,4,4,20,10,4.15,12,6
1020,protect_l,left,21,61,225,3.6885,17,58,3.4118,28,13,13,0,8,0,8,0,0,0,0,0,0,0,0,0,0,21,1,2,3,4,4,20,10,4.15,4,0
1020,protect_s,symmetric,21,17,225,13.2353,6,58,9.6667,31,6,6,0,15,0,15,0,0,0,0,0,0,0,0,0,0,21,1,2,3,4,4,20,10,4.15,1,0
1023,unified,off,21,153,189,1.2353,40,49,1.225,0,21,21,0,0,0,0,0,0,0,5,0,0,0,0,0,0,21,1,3,3,4,4,20,8,3.65,14,6
1023,protect_l,left,21,93,189,2.0323,25,49,1.96,60,18,18,0,3,0,3,0,0,0,0,0,0,0,0,0,0,21,1,3,3,4,4,20,8,3.65,8,0
1023,protect_s,symmetric,21,37,189,5.1081,11,49,4.4545,52,4,4,0,17,0,17,0,0,0,0,0,0,0,0,0,0,21,1,3,3,4,4,20,8,3.65,2,0
1024,unified,off,21,193,245,1.2694,50,63,1.26,0,13,13,0,7,1,1,0,0,7,13,0,0,0,0,1,0,20,2,2,3,4,4,20,11,3.5,15,7
1024,protect_l,left,21,101,245,2.4257,27,63,2.3333,83,17,17,0,3,1,4,0,0,0,0,0,0,0,0,1,0,20,2,2,3,4,4,20,11,3.5,7,0
1024,protect_s,symmetric,21,61,245,4.0164,17,63,3.7059,103,11,11,0,9,1,10,0,0,0,0,0,0,0,0,1,0,20,2,2,3,4,4,20,11,3.5,6,0
1025,unified,off,21,213,305,1.4319,55,78,1.4182,0,21,21,0,0,0,0,0,0,0,14,0,0,0,0,0,0,21,3,3,4,4,4,20,14,3.85,13,10
1025,protect_l,left,21,77,305,3.961,21,78,3.7143,48,19,19,0,2,0,2,0,0,0,0,0,0,0,0,0,0,21,3,3,4,4,4,20,14,3.85,2,0
1025,protect_s,symmetric,21,41,305,7.439,12,78,6.5,57,10,10,0,11,0,11,0,0,0,0,0,0,0,0,0,0,21,3,3,4,4,4,20,14,3.85,2,0
1026,unified,off,21,217,461,2.1244,56,117,2.0893,0,2,2,0,19,0,0,0,0,19,43,0,0,0,0,0,0,21,1,3,3,4,4,20,8,3.65,14,4
1026,protect_l,left,21,113,461,4.0796,30,117,3.9,62,21,21,0,0,0,0,0,0,0,0,0,0,0,0,0,0,21,1,3,3,4,4,20,8,3.65,8,0
1026,protect_s,symmetric,21,29,461,15.8966,9,117,13.0,51,7,7,0,14,0,14,0,0,0,0,0,0,0,0,0,0,21,1,3,3,4,4,20,8,3.65,4,0
1027,unified,off,21,101,209,2.0693,27,54,2.0,0,21,21,0,0,0,0,0,0,0,12,0,0,0,0,0,0,21,1,2,3,4,4,20,5,3.65,12,3
1027,protect_l,left,21,89,209,2.3483,24,54,2.25,62,21,21,0,0,0,0,0,0,0,0,0,0,0,0,0,0,21,1,2,3,4,4,20,5,3.65,6,0
1027,protect_s,symmetric,21,57,209,3.6667,16,54,3.375,77,16,16,0,5,0,5,0,0,0,0,0,0,0,0,0,0,21,1,2,3,4,4,20,5,3.65,5,0
1028,unified,off,21,369,429,1.1626,94,109,1.1596,0,12,12,0,8,1,1,0,0,8,19,0,0,0,0,1,0,20,4,2,3,4,4,20,16,3.35,14,11
1028,protect_l,left,21,105,429,4.0857,28,109,3.8929,46,14,14,0,6,1,7,0,0,0,0,0,0,0,0,1,0,20,4,2,3,4,4,20,16,3.35,2,0
1028,protect_s,symmetric,21,41,429,10.4634,12,109,9.0833,48,5,5,0,15,1,16,0,0,0,0,0,0,0,0,1,0,20,4,2,3,4,4,20,16,3.35,1,0
1029,unified,off,21,333,249,0.7477,85,64,0.7529,0,7,7,0,8,6,14,0,0,0,15,0,0,0,0,6,0,15,2,3,3,4,4,20,10,3.35,15,7
1029,protect_l,left,21,101,249,2.4653,27,64,2.3704,34,6,6,0,9,6,15,0,0,0,0,0,0,0,0,6,0,15,2,3,3,4,4,20,10,3.35,6,0
1029,protect_s,symmetric,21,17,249,14.6471,6,64,10.6667,38,3,3,0,12,6,18,0,0,0,0,0,0,0,0,6,0,15,2,3,3,4,4,20,10,3.35,1,0
1030,unified,off,21,169,189,1.1183,44,49,1.1136,0,21,21,0,0,0,0,0,0,0,2,0,0,0,0,0,0,21,1,3,4,4,4,20,9,4.1,15,8
1030,protect_l,left,21,105,189,1.8,28,49,1.75,53,9,9,0,12,0,12,0,0,0,0,0,0,0,0,0,0,21,1,3,4,4,4,20,9,4.1,6,0
1030,protect_s,symmetric,21,41,189,4.6098,12,49,4.0833,65,12,12,0,9,0,9,0,0,0,0,0,0,0,0,0,0,21,1,3,4,4,4,20,9,4.1,3,0
1031,unified,off,20,297,489,1.6465,76,124,1.6316,0,20,20,0,0,0,0,0,0,0,27,0,0,0,0,0,0,20,2,3,4,4,4,20,12,3.75,13,10
1031,protect_l,left,20,113,489,4.3274,30,124,4.1333,44,7,7,0,13,0,13,0,0,0,0,0,0,0,0,0,0,20,2,3,4,4,4,20,12,3.75,2,0
1031,protect_s,symmetric,20,29,489,16.8621,9,124,13.7778,51,4,4,0,16,0,16,0,0,0,0,0,0,0,0,0,0,20,2,3,4,4,4,20,12,3.75,1,0
1032,unified,off,20,193,425,2.2021,50,108,2.16,0,5,5,0,15,0,2,0,0,13,26,0,0,0,0,0,0,20,1,2,2,4,4,20,5,3.75,15,5
1032,protect_l,left,20,73,425,5.8219,20,108,5.4,44,6,6,0,14,0,14,0,0,0,0,0,0,0,0,0,0,20,1,2,2,4,4,20,5,3.75,10,0
1032,protect_s,symmetric,20,25,425,17.0,8,108,13.5,49,7,7,0,13,0,13,0,0,0,0,0,0,0,0,0,0,20,1,2,2,4,4,20,5,3.75,3,0
1034,unified,off,21,309,325,1.0518,79,83,1.0506,0,20,20,0,0,1,1,0,0,0,1,0,0,0,0,1,0,20,3,3,3,4,4,20,16,3.75,18,14
1034,protect_l,left,21,125,325,2.6,33,83,2.5152,59,20,20,0,0,1,1,0,0,0,0,0,0,0,0,1,0,20,3,3,3,4,4,20,16,3.75,4,0
1034,protect_s,symmetric,21,17,325,19.1176,6,83,13.8333,38,3,3,0,17,1,18,0,0,0,0,0,0,0,0,1,0,20,3,3,3,4,4,20,16,3.75,1,0
1036,unified,off,21,105,153,1.4571,28,40,1.4286,0,1,1,0,20,0,0,0,0,20,45,0,0,0,0,0,0,21,2,2,2,4,4,20,10,4.15,10,5
1036,protect_l,left,21,89,153,1.7191,24,40,1.6667,41,21,21,0,0,0,0,0,0,0,0,0,0,0,0,0,0,21,2,2,2,4,4,20,10,4.15,5,0
1036,protect_s,symmetric,21,29,153,5.2759,9,40,4.4444,50,7,7,0,14,0,14,0,0,0,0,0,0,0,0,0,0,21,2,2,2,4,4,20,10,4.15,4,0
1038,unified,off,21,193,265,1.3731,50,68,1.36,0,1,1,0,20,0,0,0,0,20,53,0,0,0,0,0,0,21,3,2,2,4,4,20,16,4.0,15,11
1038,protect_l,left,21,81,265,3.2716,22,68,3.0909,29,4,4,0,17,0,17,0,0,0,0,0,0,0,0,0,0,21,3,2,2,4,4,20,16,4.0,2,0
1038,protect_s,symmetric,21,13,265,20.3846,5,68,13.6,29,3,3,0,18,0,18,0,0,0,0,0,0,0,0,0,0,21,3,2,2,4,4,20,16,4.0,0,0
1039,unified,off,20,197,309,1.5685,51,79,1.549,0,20,20,0,0,0,0,0,0,0,0,0,0,0,0,0,0,20,1,3,4,4,4,20,5,3.45,15,5
1039,protect_l,left,20,93,309,3.3226,25,79,3.16,38,6,6,0,14,0,14,0,0,0,0,0,0,0,0,0,0,20,1,3,4,4,4,20,5,3.45,9,0
1039,protect_s,symmetric,20,21,309,14.7143,7,79,11.2857,51,6,6,0,14,0,14,0,0,0,0,0,0,0,0,0,0,20,1,3,4,4,4,20,5,3.45,2,0
1040,unified,off,21,209,349,1.6699,54,89,1.6481,0,1,1,0,20,0,0,0,0,20,41,0,0,0,0,0,0,21,4,2,2,4,4,20,15,3.8,12,9
1040,protect_l,left,21,125,349,2.792,33,89,2.697,56,21,21,0,0,0,0,0,0,0,0,0,0,0,0,0,0,21,4,2,2,4,4,20,15,3.8,5,0
1040,protect_s,symmetric,21,25,349,13.96,8,89,11.125,48,4,4,0,17,0,17,0,0,0,0,0,0,0,0,0,0,21,4,2,2,4,4,20,15,3.8,3,0
1041,unified,off,21,125,173,1.384,33,45,1.3636,0,21,21,0,0,0,0,0,0,0,0,0,0,0,0,0,0,21,2,2,4,4,4,20,11,3.7,11,5
1041,protect_l,left,21,69,173,2.5072,19,45,2.3684,50,21,21,0,0,0,0,0,0,0,0,0,0,0,0,0,0,21,2,2,4,4,4,20,11,3.7,5,0
1041,protect_s,symmetric,21,41,173,4.2195,12,45,3.75,58,10,10,0,11,0,11,0,0,0,0,0,0,0,0,0,0,21,2,2,4,4,4,20,11,3.7,3,0
1043,unified,off,21,141,121,0.8582,37,32,0.8649,0,18,18,0,3,0,0,0,0,3,7,0,0,0,0,0,0,21,2,3,3,4,4,20,12,4.05,13,6
1043,protect_l,left,21,57,121,2.1228,16,32,2.0,35,21,21,0,0,0,0,0,0,0,0,0,0,0,0,0,0,21,2,3,3,4,4,20,12,4.05,5,0
1043,protect_s,symmetric,21,33,121,3.6667,10,32,3.2,45,6,6,0,15,0,15,0,0,0,0,0,0,0,0,0,0,21,2,3,3,4,4,20,12,4.05,3,0
1044,unified,off,21,149,185,1.2416,39,48,1.2308,0,21,21,0,0,0,0,0,0,0,3,0,0,0,0,0,0,21,1,4,5,4,4,20,4,3.35,13,3
1044,protect_l,left,21,81,185,2.284,22,48,2.1818,31,16,16,0,5,0,5,0,0,0,0,0,0,0,0,0,0,21,1,4,5,4,4,20,4,3.35,8,0
1044,protect_s,symmetric,21,25,185,7.4,8,48,6.0,45,8,8,0,13,0,13,0,0,0,0,0,0,0,0,0,0,21,1,4,5,4,4,20,4,3.35,3,0
1046,unified,off,21,345,685,1.9855,88,173,1.9659,0,20,20,0,0,1,1,0,0,0,0,0,0,0,0,1,0,20,2,2,3,4,4,20,11,3.75,17,8
1046,protect_l,left,21,129,685,5.3101,34,173,5.0882,57,7,7,0,13,1,14,0,0,0,0,0,0,0,0,1,0,20,2,2,3,4,4,20,11,3.75,8,0
1046,protect_s,symmetric,21,45,685,15.2222,13,173,13.3077,73,5,5,0,15,1,16,0,0,0,0,0,0,0,0,1,0,20,2,2,3,4,4,20,11,3.75,4,0
1047,unified,off,21,117,193,1.6496,31,50,1.6129,0,14,14,0,7,0,0,0,0,7,19,0,0,0,0,0,0,21,2,3,4,4,4,20,11,3.55,12,6
1047,protect_l,left,21,73,193,2.6438,20,50,2.5,50,17,17,0,4,0,4,0,0,0,0,0,0,0,0,0,0,21,2,3,4,4,4,20,11,3.55,6,0
1047,protect_s,symmetric,21,25,193,7.72,8,50,6.25,53,4,4,0,17,0,17,0,0,0,0,0,0,0,0,0,0,21,2,3,4,4,4,20,11,3.55,3,0
1048,unified,off,21,241,497,2.0622,62,126,2.0323,0,7,7,0,14,0,14,0,0,0,19,0,0,0,0,0,0,21,1,3,3,4,4,20,5,3.4,15,3
1048,protect_l,left,21,129,497,3.8527,34,126,3.7059,47,11,11,0,10,0,10,0,0,0,0,0,0,0,0,0,0,21,1,3,3,4,4,20,5,3.4,10,0
1048,protect_s,symmetric,21,37,497,13.4324,11,126,11.4545,49,8,8,0,13,0,13,0,0,0,0,0,0,0,0,0,0,21,1,3,3,4,4,20,5,3.4,4,0
1051,unified,off,21,217,405,1.8664,56,103,1.8393,0,19,19,0,2,0,0,0,0,2,8,0,0,0,0,0,0,21,1,2,3,4,4,20,8,3.95,15,7
1051,protect_l,left,21,133,405,3.0451,35,103,2.9429,56,16,16,0,5,0,5,0,0,0,0,0,0,0,0,0,0,21,1,2,3,4,4,20,8,3.95,8,0
1051,protect_s,symmetric,21,37,405,10.9459,11,103,9.3636,56,6,6,0,15,0,15,0,0,0,0,0,0,0,0,0,0,21,1,2,3,4,4,20,8,3.95,4,0
1053,unified,off,21,141,185,1.3121,37,48,1.2973,0,21,21,0,0,0,0,0,0,0,13,0,0,0,0,0,0,21,1,2,2,4,4,20,6,3.5,15,4
1053,protect_l,left,21,93,185,1.9892,25,48,1.92,54,21,21,0,0,0,0,0,0,0,0,0,0,0,0,0,0,21,1,2,2,4,4,20,6,3.5,10,0
1053,protect_s,symmetric,21,65,185,2.8462,18,48,2.6667,85,21,21,0,0,0,0,0,0,0,0,0,0,0,0,0,0,21,1,2,2,4,4,20,6,3.5,7,0
1054,unified,off,21,145,265,1.8276,38,68,1.7895,0,3,3,0,18,0,0,0,0,18,37,0,0,0,0,0,0,21,1,3,4,4,4,20,6,3.7,13,2
1054,protect_l,left,21,73,265,3.6301,20,68,3.4,25,21,21,0,0,0,0,0,0,0,0,0,0,0,0,0,0,21,1,3,4,4,4,20,6,3.7,5,0
1054,protect_s,symmetric,21,29,265,9.1379,9,68,7.5556,43,13,13,0,8,0,8,0,0,0,0,0,0,0,0,0,0,21,1,3,4,4,4,20,6,3.7,4,0
1055,unified,off,21,73,125,1.7123,20,33,1.65,0,21,21,0,0,0,0,0,0,0,0,0,0,0,0,0,0,21,1,3,3,4,4,20,5,3.5,7,1
1055,protect_l,left,21,69,125,1.8116,19,33,1.7368,36,21,21,0,0,0,0,0,0,0,0,0,0,0,0,0,0,21,1,3,3,4,4,20,5,3.5,5,0
1055,protect_s,symmetric,21,37,125,3.3784,11,33,3.0,58,13,13,0,8,0,8,0,0,0,0,0,0,0,0,0,0,21,1,3,3,4,4,20,5,3.5,3,0
1056,unified,off,20,145,185,1.2759,38,48,1.2632,0,20,20,0,0,0,0,0,0,0,2,0,0,0,0,0,0,20,2,2,3,4,4,20,11,3.7,10,7
1056,protect_l,left,20,49,185,3.7755,14,48,3.4286,46,14,14,0,6,0,6,0,0,0,0,0,0,0,0,0,0,20,2,2,3,4,4,20,11,3.7,4,0
1056,protect_s,symmetric,20,25,185,7.4,8,48,6.0,52,7,7,0,13,0,13,0,0,0,0,0,0,0,0,0,0,20,2,2,3,4,4,20,11,3.7,1,0
1057,unified,off,21,133,357,2.6842,35,91,2.6,0,11,11,0,10,0,0,0,0,10,19,0,0,0,0,0,0,21,1,2,2,4,4,20,8,4.05,16,6
1057,protect_l,left,21,93,357,3.8387,25,91,3.64,51,16,16,0,5,0,5,0,0,0,0,0,0,0,0,0,0,21,1,2,2,4,4,20,8,4.05,9,0
1057,protect_s,symmetric,21,33,357,10.8182,10,91,9.1,49,9,9,0,12,0,12,0,0,0,0,0,0,0,0,0,0,21,1,2,2,4,4,20,8,4.05,5,0
1059,unified,off,21,129,165,1.2791,34,43,1.2647,0,21,21,0,0,0,0,0,0,0,12,0,0,0,0,0,0,21,2,2,2,4,4,20,14,3.75,13,8
1059,protect_l,left,21,65,165,2.5385,18,43,2.3889,63,21,21,0,0,0,0,0,0,0,0,0,0,0,0,0,0,21,2,2,2,4,4,20,14,3.75,6,0
1059,protect_s,symmetric,21,37,165,4.4595,11,43,3.9091,59,21,21,0,0,0,0,0,0,0,0,0,0,0,0,0,0,21,2,2,2,4,4,20,14,3.75,2,0
1061,unified,off,20,189,353,1.8677,49,90,1.8367,0,20,20,0,0,0,0,0,0,0,11,0,0,0,0,0,0,20,1,3,4,4,4,20,7,3.8,13,5
1061,protect_l,left,20,97,353,3.6392,26,90,3.4615,58,16,16,0,4,0,4,0,0,0,0,0,0,0,0,0,0,20,1,3,4,4,4,20,7,3.8,7,0
1061,protect_s,symmetric,20,49,353,7.2041,14,90,6.4286,51,15,15,0,5,0,5,0,0,0,0,0,0,0,0,0,0,20,1,3,4,4,4,20,7,3.8,5,0
1062,unified,off,21,141,197,1.3972,37,51,1.3784,0,8,8,0,13,0,0,0,0,13,28,0,0,0,0,0,0,21,3,2,3,4,4,20,10,3.6,14,7
1062,protect_l,left,21,89,197,2.2135,24,51,2.125,49,18,18,0,3,0,3,0,0,0,0,0,0,0,0,0,0,21,3,2,3,4,4,20,10,3.6,2,0
1062,protect_s,symmetric,21,41,197,4.8049,12,51,4.25,73,7,7,0,14,0,14,0,0,0,0,0,0,0,0,0,0,21,3,2,3,4,4,20,10,3.6,4,0
1063,unified,off,21,321,417,1.2991,82,106,1.2927,0,21,21,0,0,0,0,0,0,0,4,0,0,0,0,0,0,21,2,3,3,4,4,20,11,3.75,14,8
1063,protect_l,left,21,125,417,3.336,33,106,3.2121,50,17,17,0,4,0,4,0,0,0,0,0,0,0,0,0,0,21,2,3,3,4,4,20,11,3.75,5,0
1063,protect_s,symmetric,21,25,417,16.68,8,106,13.25,48,6,6,0,15,0,15,0,0,0,0,0,0,0,0,0,0,21,2,3,3,4,4,20,11,3.75,2,0
1064,unified,off,21,265,405,1.5283,68,103,1.5147,0,14,14,0,7,0,0,0,0,7,19,0,0,0,0,0,0,21,1,2,4,4,4,20,4,3.85,19,3
1064,protect_l,left,21,121,405,3.3471,32,103,3.2188,59,21,21,0,0,0,0,0,0,0,0,0,0,0,0,0,0,21,1,2,4,4,4,20,4,3.85,14,0
1064,protect_s,symmetric,21,65,405,6.2308,18,103,5.7222,64,8,8,0,13,0,13,0,0,0,0,0,0,0,0,0,0,21,1,2,4,4,4,20,4,3.85,4,0
1065,unified,off,21,205,325,1.5854,53,83,1.566,0,21,21,0,0,0,0,0,0,0,5,0,0,0,0,0,0,21,2,3,4,4,4,20,12,3.75,14,7
1065,protect_l,left,21,81,325,4.0123,22,83,3.7727,48,15,15,0,6,0,6,0,0,0,0,0,0,0,0,0,0,21,2,3,4,4,4,20,12,3.75,7,0
1065,protect_s,symmetric,21,17,325,19.1176,6,83,13.8333,39,3,3,0,18,0,18,0,0,0,0,0,0,0,0,0,0,21,2,3,4,4,4,20,12,3.75,1,0
1067,unified,off,20,133,245,1.8421,35,63,1.8,0,15,15,0,0,5,5,0,0,0,0,0,0,0,0,5,0,15,3,2,2,4,4,20,12,3.35,11,6
1067,protect_l,left,20,81,245,3.0247,22,63,2.8636,43,15,15,0,0,5,5,0,0,0,0,0,0,0,0,5,0,15,3,2,2,4,4,20,12,3.35,5,0
1067,protect_s,symmetric,20,41,245,5.9756,12,63,5.25,51,12,12,0,3,5,8,0,0,0,0,0,0,0,0,5,0,15,3,2,2,4,4,20,12,3.35,3,0
1068,unified,off,19,249,309,1.241,64,79,1.2344,0,18,18,0,0,1,1,0,0,0,4,0,0,0,0,1,0,18,1,3,3,4,4,20,7,4.15,15,4
1068,protect_l,left,19,93,309,3.3226,25,79,3.16,35,14,14,0,4,1,5,0,0,0,0,0,0,0,0,1,0,18,1,3,3,4,4,20,7,4.15,7,0
1068,protect_s,symmetric,19,41,309,7.5366,12,79,6.5833,44,7,7,0,11,1,12,0,0,0,0,0,0,0,0,1,0,18,1,3,3,4,4,20,7,4.15,5,0
1069,unified,off,21,213,461,2.1643,55,117,2.1273,0,10,10,0,11,0,0,0,0,11,23,0,0,0,0,0,0,21,2,2,3,4,4,20,8,3.6,13,5
1069,protect_l,left,21,149,461,3.094,39,117,3.0,53,21,21,0,0,0,0,0,0,0,0,0,0,0,0,0,0,21,2,2,3,4,4,20,8,3.6,8,0
1069,protect_s,symmetric,21,57,461,8.0877,16,117,7.3125,69,13,13,0,8,0,8,0,0,0,0,0,0,0,0,0,0,21,2,2,3,4,4,20,8,3.6,5,0
1070,unified,off,20,177,345,1.9492,46,88,1.913,0,16,16,0,4,0,0,0,0,4,8,0,0,0,0,0,0,20,2,2,3,4,4,20,7,3.2,10,4
1070,protect_l,left,20,161,345,2.1429,42,88,2.0952,60,20,20,0,0,0,0,0,0,0,0,0,0,0,0,0,0,20,2,2,3,4,4,20,7,3.2,7,0
1070,protect_s,symmetric,20,65,345,5.3077,18,88,4.8889,74,9,9,0,11,0,11,0,0,0,0,0,0,0,0,0,0,20,2,2,3,4,4,20,7,3.2,7,0
1071,unified,off,21,145,281,1.9379,38,72,1.8947,0,8,8,0,13,0,0,0,0,13,29,0,0,0,0,0,0,21,1,3,3,4,4,20,6,3.55,15,6
1071,protect_l,left,21,121,281,2.3223,32,72,2.25,43,17,17,0,4,0,4,0,0,0,0,0,0,0,0,0,0,21,1,3,3,4,4,20,6,3.55,11,0
1071,protect_s,symmetric,21,13,281,21.6154,5,72,14.4,34,6,6,0,15,0,15,0,0,0,0,0,0,0,0,0,0,21,1,3,3,4,4,20,6,3.55,0,0
1072,unified,off,21,337,413,1.2255,86,105,1.2209,0,21,21,0,0,0,0,0,0,0,0,0,0,0,0,0,0,21,1,4,6,4,4,20,5,3.55,19,5
1072,protect_l,left,21,221,413,1.8688,57,105,1.8421,79,21,21,0,0,0,0,0,0,0,0,0,0,0,0,0,0,21,1,4,6,4,4,20,5,3.55,13,0
1072,protect_s,symmetric,21,53,413,7.7925,15,105,7.0,75,11,11,0,10,0,10,0,0,0,0,0,0,0,0,0,0,21,1,4,6,4,4,20,5,3.55,5,0
1074,unified,off,21,133,129,0.9699,35,34,0.9714,0,12,12,0,9,0,0,0,0,9,18,0,0,0,0,0,0,21,2,3,3,4,4,20,8,3.65,14,4
1074,protect_l,left,21,105,129,1.2286,28,34,1.2143,51,21,21,0,0,0,0,0,0,0,0,0,0,0,0,0,0,21,2,3,3,4,4,20,8,3.65,8,0
1074,protect_s,symmetric,21,21,129,6.1429,7,34,4.8571,48,4,4,0,17,0,17,0,0,0,0,0,0,0,0,0,0,21,2,3,3,4,4,20,8,3.65,2,0
1075,unified,off,21,137,305,2.2263,36,78,2.1667,0,4,4,0,15,2,0,0,0,17,35,0,0,0,0,2,0,19,2,2,3,4,4,20,11,3.85,14,9
1075,protect_l,left,21,29,305,10.5172,9,78,8.6667,28,14,14,0,5,2,7,0,0,0,0,0,0,0,0,2,0,19,2,2,3,4,4,20,11,3.85,1,0
1075,protect_s,symmetric,21,17,305,17.9412,6,78,13.0,36,7,7,0,12,2,14,0,0,0,0,0,0,0,0,2,0,19,2,2,3,4,4,20,11,3.85,1,0
1076,unified,off,21,101,129,1.2772,27,34,1.2593,0,21,21,0,0,0,0,0,0,0,1,0,0,0,0,0,0,21,1,2,2,4,4,20,6,3.55,8,3
1076,protect_l,left,21,85,129,1.5176,23,34,1.4783,37,21,21,0,0,0,0,0,0,0,0,0,0,0,0,0,0,21,1,2,2,4,4,20,6,3.55,8,0
1076,protect_s,symmetric,21,61,129,2.1148,17,34,2.0,58,21,21,0,0,0,0,0,0,0,0,0,0,0,0,0,0,21,1,2,2,4,4,20,6,3.55,5,0
1077,unified,off,21,169,209,1.2367,44,54,1.2273,0,16,16,0,0,5,5,0,0,0,0,0,0,0,0,5,0,16,2,2,2,4,4,20,10,4.1,14,6
1077,protect_l,left,21,105,209,1.9905,28,54,1.9286,67,16,16,0,0,5,5,0,0,0,0,0,0,0,0,5,0,16,2,2,2,4,4,20,10,4.1,8,0
1077,protect_s,symmetric,21,53,209,3.9434,15,54,3.6,77,5,5,0,11,5,16,0,0,0,0,0,0,0,0,5,0,16,2,2,2,4,4,20,10,4.1,5,0
1078,unified,off,21,137,273,1.9927,36,70,1.9444,0,21,21,0,0,0,0,0,0,0,0,0,0,0,0,0,0,21,2,2,4,4,4,20,13,3.7,12,7
1078,protect_l,left,21,73,273,3.7397,20,70,3.5,40,19,19,0,2,0,2,0,0,0,0,0,0,0,0,0,0,21,2,2,4,4,4,20,13,3.7,5,0
1078,protect_s,symmetric,21,21,273,13.0,7,70,10.0,34,5,5,0,16,0,16,0,0,0,0,0,0,0,0,0,0,21,2,2,4,4,4,20,13,3.7,2,0
1079,unified,off,21,209,305,1.4593,54,78,1.4444,0,2,2,0,19,0,0,0,0,19,39,0,0,0,0,0,0,21,3,3,3,4,4,20,15,3.65,17,13
1079,protect_l,left,21,105,305,2.9048,28,78,2.7857,54,21,21,0,0,0,0,0,0,0,0,0,0,0,0,0,0,21,3,3,3,4,4,20,15,3.65,3,0
1079,protect_s,symmetric,21,41,305,7.439,12,78,6.5,71,11,11,0,10,0,10,0,0,0,0,0,0,0,0,0,0,21,3,3,3,4,4,20,15,3.65,2,0
1080,unified,off,20,237,325,1.3713,61,83,1.3607,0,4,4,0,16,0,0,0,0,16,32,0,0,0,0,0,0,20,1,2,4,4,4,20,5,3.95,16,3
1080,protect_l,left,20,141,325,2.305,37,83,2.2432,54,19,19,0,1,0,1,0,0,0,0,0,0,0,0,0,0,20,1,2,4,4,4,20,5,3.95,12,0
1080,protect_s,symmetric,20,41,325,7.9268,12,83,6.9167,68,15,15,0,5,0,5,0,0,0,0,0,0,0,0,0,0,20,1,2,4,4,4,20,5,3.95,2,0
1081,unified,off,20,177,297,1.678,46,76,1.6522,0,5,5,0,15,0,0,0,0,15,29,0,0,0,0,0,0,20,1,2,4,4,4,20,8,3.65,16,7
1081,protect_l,left,20,133,297,2.2331,35,76,2.1714,65,14,14,0,6,0,6,0,0,0,0,0,0,0,0,0,0,20,1,2,4,4,4,20,8,3.65,11,0
1081,protect_s,symmetric,20,33,297,9.0,10,76,7.6,49,8,8,0,12,0,12,0,0,0,0,0,0,0,0,0,0,20,1,2,4,4,4,20,8,3.65,4,0
1082,unified,off,21,105,217,2.0667,28,56,2.0,0,21,21,0,0,0,0,0,0,0,0,0,0,0,0,0,0,21,1,3,3,4,4,20,6,3.2,7,2
1082,protect_l,left,21,81,217,2.679,22,56,2.5455,62,21,21,0,0,0,0,0,0,0,0,0,0,0,0,0,0,21,1,3,3,4,4,20,6,3.2,5,0
1082,protect_s,symmetric,21,29,217,7.4828,9,56,6.2222,46,17,17,0,4,0,4,0,0,0,0,0,0,0,0,0,0,21,1,3,3,4,4,20,6,3.2,1,0
1083,unified,off,21,213,213,1.0,55,55,1.0,0,21,21,0,0,0,0,0,0,0,0,0,0,0,0,0,0,21,2,4,4,4,4,20,10,3.8,15,8
1083,protect_l,left,21,93,213,2.2903,25,55,2.2,81,21,21,0,0,0,0,0,0,0,0,0,0,0,0,0,0,21,2,4,4,4,4,20,10,3.8,5,0
1083,protect_s,symmetric,21,77,213,2.7662,21,55,2.619,122,16,16,0,5,0,5,0,0,0,0,0,0,0,0,0,0,21,2,4,4,4,4,20,10,3.8,4,0
1085,unified,off,21,225,369,1.64,58,94,1.6207,0,21,21,0,0,0,0,0,0,0,4,0,0,0,0,0,0,21,1,2,4,4,4,20,6,3.5,14,4
1085,protect_l,left,21,129,369,2.8605,34,94,2.7647,67,19,19,0,2,0,2,0,0,0,0,0,0,0,0,0,0,21,1,2,4,4,4,20,6,3.5,10,0
1085,protect_s,symmetric,21,37,369,9.973,11,94,8.5455,61,10,10,0,11,0,11,0,0,0,0,0,0,0,0,0,0,21,1,2,4,4,4,20,6,3.5,5,0
1087,unified,off,20,149,185,1.2416,39,48,1.2308,0,8,8,0,12,0,0,0,0,12,25,0,0,0,0,0,0,20,1,2,3,4,4,20,4,3.75,10,2
1087,protect_l,left,20,97,185,1.9072,26,48,1.8462,35,19,19,0,1,0,1,0,0,0,0,0,0,0,0,0,0,20,1,2,3,4,4,20,4,3.75,9,0
1087,protect_s,symmetric,20,37,185,5.0,11,48,4.3636,57,11,11,0,9,0,9,0,0,0,0,0,0,0,0,0,0,20,1,2,3,4,4,20,4,3.75,6,0
1088,unified,off,21,205,321,1.5659,53,82,1.5472,0,21,21,0,0,0,0,0,0,0,0,0,0,0,0,0,0,21,1,2,4,4,4,20,9,3.3,15,7
1088,protect_l,left,21,93,321,3.4516,25,82,3.28,63,5,5,0,16,0,16,0,0,0,0,0,0,0,0,0,0,21,1,2,4,4,4,20,9,3.3,7,0
1088,protect_s,symmetric,21,17,321,18.8824,6,82,13.6667,40,5,5,0,16,0,16,0,0,0,0,0,0,0,0,0,0,21,1,2,4,4,4,20,9,3.3,1,0
1089,unified,off,21,237,337,1.4219,61,86,1.4098,0,19,19,0,1,1,2,0,0,0,0,0,0,0,0,1,0,20,1,3,3,4,4,20,7,3.55,12,4
1089,protect_l,left,21,165,337,2.0424,43,86,2.0,50,18,18,0,2,1,3,0,0,0,0,0,0,0,0,1,0,20,1,3,3,4,4,20,7,3.55,9,0
1089,protect_s,symmetric,21,41,337,8.2195,12,86,7.1667,40,9,9,0,11,1,12,0,0,0,0,0,0,0,0,1,0,20,1,3,3,4,4,20,7,3.55,3,0
1091,unified,off,19,153,193,1.2614,40,50,1.25,0,19,19,0,0,0,0,0,0,0,3,0,0,0,0,0,0,19,2,2,3,4,4,20,8,3.6,12,4
1091,protect_l,left,19,85,193,2.2706,23,50,2.1739,33,18,18,0,1,0,1,0,0,0,0,0,0,0,0,0,0,19,2,2,3,4,4,20,8,3.6,5,0
1091,protect_s,symmetric,19,37,193,5.2162,11,50,4.5455,52,7,7,0,12,0,12,0,0,0,0,0,0,0,0,0,0,19,2,2,3,4,4,20,8,3.6,4,0
1092,unified,off,21,97,97,1.0,26,26,1.0,0,1,1,0,20,0,0,0,0,20,41,0,0,0,0,0,0,21,2,3,3,4,4,20,12,3.6,11,6
1092,protect_l,left,21,41,97,2.3659,12,26,2.1667,20,10,10,0,11,0,11,0,0,0,0,0,0,0,0,0,0,21,2,3,3,4,4,20,12,3.6,3,0
1092,protect_s,symmetric,21,13,97,7.4615,5,26,5.2,25,2,2,0,19,0,19,0,0,0,0,0,0,0,0,0,0,21,2,3,3,4,4,20,12,3.6,0,0
1093,unified,off,21,181,177,0.9779,47,46,0.9787,0,21,21,0,0,0,0,0,0,0,1,0,0,0,0,0,0,21,3,2,2,4,4,20,13,4.0,14,7
1093,protect_l,left,21,85,177,2.0824,23,46,2.0,36,21,21,0,0,0,0,0,0,0,0,0,0,0,0,0,0,21,3,2,2,4,4,20,13,4.0,6,0
1093,protect_s,symmetric,21,13,177,13.6154,5,46,9.2,31,3,3,0,18,0,18,0,0,0,0,0,0,0,0,0,0,21,3,2,2,4,4,20,13,4.0,0,0
1094,unified,off,21,125,241,1.928,33,62,1.8788,0,19,19,0,0,2,2,0,0,0,4,0,0,0,0,2,0,19,1,3,3,4,4,20,10,3.55,10,5
1094,protect_l,left,21,65,241,3.7077,18,62,3.4444,52,16,16,0,3,2,5,0,0,0,0,0,0,0,0,2,0,19,1,3,3,4,4,20,10,3.55,6,0
1094,protect_s,symmetric,21,57,241,4.2281,16,62,3.875,72,15,15,0,4,2,6,0,0,0,0,0,0,0,0,2,0,19,1,3,3,4,4,20,10,3.55,2,0
1095,unified,off,21,233,349,1.4979,60,89,1.4833,0,21,21,0,0,0,0,0,0,0,17,0,0,0,0,0,0,21,2,3,3,4,4,20,10,3.6,11,5
1095,protect_l,left,21,81,349,4.3086,22,89,4.0455,59,16,16,0,5,0,5,0,0,0,0,0,0,0,0,0,0,21,2,3,3,4,4,20,10,3.6,6,0
1095,protect_s,symmetric,21,21,349,16.619,7,89,12.7143,43,3,3,0,18,0,18,0,0,0,0,0,0,0,0,0,0,21,2,3,3,4,4,20,10,3.6,2,0
1097,unified,off,21,133,257,1.9323,35,66,1.8857,0,6,6,0,15,0,0,0,0,15,30,0,0,0,0,0,0,21,3,2,3,4,4,20,13,4.1,9,3
1097,protect_l,left,21,93,257,2.7634,25,66,2.64,29,21,21,0,0,0,0,0,0,0,0,0,0,0,0,0,0,21,3,2,3,4,4,20,13,4.1,5,0
1097,protect_s,symmetric,21,33,257,7.7879,10,66,6.6,42,7,7,0,14,0,14,0,0,0,0,0,0,0,0,0,0,21,3,2,3,4,4,20,13,4.1,2,0
1099,unified,off,21,253,357,1.4111,65,91,1.4,0,1,1,0,20,0,0,0,0,20,66,0,0,0,0,0,0,21,2,2,3,4,4,20,8,2.9,14,6
1099,protect_l,left,21,81,357,4.4074,22,91,4.1364,53,15,15,0,6,0,6,0,0,0,0,0,0,0,0,0,0,21,2,2,3,4,4,20,8,2.9,7,0
1099,protect_s,symmetric,21,41,357,8.7073,12,91,7.5833,66,8,8,0,13,0,13,0,0,0,0,0,0,0,0,0,0,21,2,2,3,4,4,20,8,2.9,4,0
1100,unified,off,21,129,257,1.9922,34,66,1.9412,0,3,3,0,18,0,0,0,0,18,38,0,0,0,0,0,0,21,2,2,3,4,4,20,13,3.75,10,7
1100,protect_l,left,21,77,257,3.3377,21,66,3.1429,34,17,17,0,4,0,4,0,0,0,0,0,0,0,0,0,0,21,2,2,3,4,4,20,13,3.75,6,0
1100,protect_s,symmetric,21,45,257,5.7111,13,66,5.0769,48,11,11,0,10,0,10,0,0,0,0,0,0,0,0,0,0,21,2,2,3,4,4,20,13,3.75,4,0
1101,unified,off,21,193,105,0.544,50,28,0.56,0,6,6,0,14,1,15,0,0,0,3,0,0,0,0,1,0,20,2,2,2,4,4,20,13,4.0,13,9
1101,protect_l,left,21,93,105,1.129,25,28,1.12,54,6,6,0,14,1,15,0,0,0,0,0,0,0,0,1,0,20,2,2,2,4,4,20,13,4.0,4,0
1101,protect_s,symmetric,21,21,105,5.0,7,28,4.0,47,5,5,0,15,1,16,0,0,0,0,0,0,0,0,1,0,20,2,2,2,4,4,20,13,4.0,1,0
1102,unified,off,21,173,277,1.6012,45,71,1.5778,0,6,6,0,15,0,0,0,0,15,35,0,0,0,0,0,0,21,1,2,3,4,4,20,8,3.9,15,6
1102,protect_l,left,21,69,277,4.0145,19,71,3.7368,56,14,14,0,7,0,7,0,0,0,0,0,0,0,0,0,0,21,1,2,3,4,4,20,8,3.9,9,0
1102,protect_s,symmetric,21,29,277,9.5517,9,71,7.8889,46,6,6,0,15,0,15,0,0,0,0,0,0,0,0,0,0,21,1,2,3,4,4,20,8,3.9,3,0
1103,unified,off,21,141,189,1.3404,37,49,1.3243,0,1,1,0,18,2,2,0,0,18,36,0,0,0,0,2,0,19,2,2,2,4,4,20,13,4.05,11,6
1103,protect_l,left,21,93,189,2.0323,25,49,1.96,48,19,19,0,0,2,2,0,0,0,0,0,0,0,0,2,0,19,2,2,2,4,4,20,13,4.05,6,0
1103,protect_s,symmetric,21,29,189,6.5172,9,49,5.4444,48,6,6,0,13,2,15,0,0,0,0,0,0,0,0,2,0,19,2,2,2,4,4,20,13,4.05,2,0
1104,unified,off,21,157,233,1.4841,41,60,1.4634,0,17,17,0,0,4,4,0,0,0,0,0,0,0,0,4,0,17,1,2,2,4,4,20,8,3.85,12,5
1104,protect_l,left,21,89,233,2.618,24,60,2.5,40,17,17,0,0,4,4,0,0,0,0,0,0,0,0,4,0,17,1,2,2,4,4,20,8,3.85,8,0
1104,protect_s,symmetric,21,17,233,13.7059,6,60,10.0,40,5,5,0,12,4,16,0,0,0,0,0,0,0,0,4,0,17,1,2,2,4,4,20,8,3.85,1,0
1105,unified,off,21,269,445,1.6543,69,113,1.6377,0,21,21,0,0,0,0,0,0,0,5,0,0,0,0,0,0,21,2,2,4,4,4,20,11,3.0,15,9
1105,protect_l,left,21,133,445,3.3459,35,113,3.2286,41,19,19,0,2,0,2,0,0,0,0,0,0,0,0,0,0,21,2,2,4,4,4,20,11,3.0,5,0
1105,protect_s,symmetric,21,29,445,15.3448,9,113,12.5556,54,4,4,0,17,0,17,0,0,0,0,0,0,0,0,0,0,21,2,2,4,4,4,20,11,3.0,3,0
1108,unified,off,21,253,477,1.8854,65,121,1.8615,0,19,19,0,1,1,2,0,0,0,2,0,0,0,0,1,0,20,1,2,3,4,4,20,7,3.85,20,7
1108,protect_l,left,21,121,477,3.9421,32,121,3.7812,52,15,15,0,5,1,6,0,0,0,0,0,0,0,0,1,0,20,1,2,3,4,4,20,7,3.85,11,0
1108,protect_s,symmetric,21,33,477,14.4545,10,121,12.1,63,11,11,0,9,1,10,0,0,0,0,0,0,0,0,1,0,20,1,2,3,4,4,20,7,3.85,3,0
1109,unified,off,21,201,277,1.3781,52,71,1.3654,0,20,20,0,0,1,1,0,0,0,14,0,0,0,0,1,0,20,2,2,2,4,4,20,10,3.85,16,8
1109,protect_l,left,21,77,277,3.5974,21,71,3.381,47,20,20,0,0,1,1,0,0,0,0,0,0,0,0,1,0,20,2,2,2,4,4,20,10,3.85,4,0
1109,protect_s,symmetric,21,25,277,11.08,8,71,8.875,52,6,6,0,14,1,15,0,0,0,0,0,0,0,0,1,0,20,2,2,2,4,4,20,10,3.85,3,0
1110,unified,off,21,169,169,1.0,44,44,1.0,0,1,1,0,20,0,0,0,0,20,51,0,0,0,0,0,0,21,4,3,3,4,4,20,17,4.25,12,9
1110,protect_l,left,21,33,169,5.1212,10,44,4.4,34,7,7,0,14,0,14,0,0,0,0,0,0,0,0,0,0,21,4,3,3,4,4,20,17,4.25,2,0
1110,protect_s,symmetric,21,17,169,9.9412,6,44,7.3333,34,2,2,0,19,0,19,0,0,0,0,0,0,0,0,0,0,21,4,3,3,4,4,20,17,4.25,1,0
1111,unified,off,21,165,177,1.0727,43,46,1.0698,0,21,21,0,0,0,0,0,0,0,2,0,0,0,0,0,0,21,1,2,3,4,4,20,8,4.35,14,5
1111,protect_l,left,21,101,177,1.7525,27,46,1.7037,51,21,21,0,0,0,0,0,0,0,0,0,0,0,0,0,0,21,1,2,3,4,4,20,8,4.35,9,0
1111,protect_s,symmetric,21,45,177,3.9333,13,46,3.5385,47,21,21,0,0,0,0,0,0,0,0,0,0,0,0,0,0,21,1,2,3,4,4,20,8,4.35,5,0
1112,unified,off,21,221,297,1.3439,57,76,1.3333,0,16,16,0,4,1,1,0,0,4,13,0,0,0,0,1,0,20,3,2,3,4,4,20,11,3.05,14,7
1112,protect_l,left,21,97,297,3.0619,26,76,2.9231,53,15,15,0,5,1,6,0,0,0,0,0,0,0,0,1,0,20,3,2,3,4,4,20,11,3.05,6,0
1112,protect_s,symmetric,21,29,297,10.2414,9,76,8.4444,56,6,6,0,14,1,15,0,0,0,0,0,0,0,0,1,0,20,3,2,3,4,4,20,11,3.05,3,0
1113,unified,off,21,133,165,1.2406,35,43,1.2286,0,21,21,0,0,0,0,0,0,0,3,0,0,0,0,0,0,21,1,2,3,4,4,20,3,3.75,12,3
1113,protect_l,left,21,69,165,2.3913,19,43,2.2632,40,10,10,0,11,0,11,0,0,0,0,0,0,0,0,0,0,21,1,2,3,4,4,20,3,3.75,7,0
1113,protect_s,symmetric,21,45,165,3.6667,13,43,3.3077,65,11,11,0,10,0,10,0,0,0,0,0,0,0,0,0,0,21,1,2,3,4,4,20,3,3.75,5,0
1114,unified,off,21,85,181,2.1294,23,47,2.0435,0,4,4,0,17,0,0,0,0,17,35,0,0,0,0,0,0,21,1,2,3,4,4,20,8,4.2,7,4
1114,protect_l,left,21,65,181,2.7846,18,47,2.6111,26,21,21,0,0,0,0,0,0,0,0,0,0,0,0,0,0,21,1,2,3,4,4,20,8,4.2,4,0
1114,protect_s,symmetric,21,53,181,3.4151,15,47,3.1333,67,17,17,0,4,0,4,0,0,0,0,0,0,0,0,0,0,21,1,2,3,4,4,20,8,4.2,3,0
1115,unified,off,20,189,377,1.9947,49,96,1.9592,0,10,10,0,9,1,10,0,0,0,12,0,0,0,0,1,0,19,2,2,2,4,4,20,12,3.5,11,6
1115,protect_l,left,20,125,377,3.016,33,96,2.9091,61,9,9,0,10,1,11,0,0,0,0,0,0,0,0,1,0,19,2,2,2,4,4,20,12,3.5,7,0
1115,protect_s,symmetric,20,33,377,11.4242,10,96,9.6,50,5,5,0,14,1,15,0,0,0,0,0,0,0,0,1,0,19,2,2,2,4,4,20,12,3.5,3,0
1116,unified,off,21,209,369,1.7656,54,94,1.7407,0,2,2,0,19,0,0,0,0,19,42,0,0,0,0,0,0,21,1,2,3,4,4,20,10,3.65,14,7
1116,protect_l,left,21,125,369,2.952,33,94,2.8485,60,2,2,0,19,0,19,0,0,0,0,0,0,0,0,0,0,21,1,2,3,4,4,20,10,3.65,8,0
1116,protect_s,symmetric,21,13,369,28.3846,5,94,18.8,29,3,3,0,18,0,18,0,0,0,0,0,0,0,0,0,0,21,1,2,3,4,4,20,10,3.65,0,0
1118,unified,off,20,133,153,1.1504,35,40,1.1429,0,18,18,0,0,2,2,0,0,0,0,0,0,0,0,2,0,18,2,2,3,4,4,20,14,4.15,10,6
1118,protect_l,left,20,69,153,2.2174,19,40,2.1053,57,17,17,0,1,2,3,0,0,0,0,0,0,0,0,2,0,18,2,2,3,4,4,20,14,4.15,4,0
1118,protect_s,symmetric,20,13,153,11.7692,5,40,8.0,33,3,3,0,15,2,17,0,0,0,0,0,0,0,0,2,0,18,2,2,3,4,4,20,14,4.15,0,0
1120,unified,off,21,225,269,1.1956,58,69,1.1897,0,15,15,0,6,0,0,0,0,6,16,0,0,0,0,0,0,21,4,2,3,4,4,20,14,3.75,14,10
1120,protect_l,left,21,97,269,2.7732,26,69,2.6538,48,15,15,0,6,0,6,0,0,0,0,0,0,0,0,0,0,21,4,2,3,4,4,20,14,3.75,3,0
1120,protect_s,symmetric,21,37,269,7.2703,11,69,6.2727,51,2,2,0,19,0,19,0,0,0,0,0,0,0,0,0,0,21,4,2,3,4,4,20,14,3.75,3,0
1121,unified,off,21,173,201,1.1618,45,52,1.1556,0,17,17,0,0,4,4,0,0,0,0,0,0,0,0,4,0,17,1,3,3,4,4,20,9,3.6,13,5
1121,protect_l,left,21,113,201,1.7788,30,52,1.7333,55,17,17,0,0,4,4,0,0,0,0,0,0,0,0,4,0,17,1,3,3,4,4,20,9,3.6,8,0
1121,protect_s,symmetric,21,65,201,3.0923,18,52,2.8889,68,12,12,0,5,4,9,0,0,0,0,0,0,0,0,4,0,17,1,3,3,4,4,20,9,3.6,6,0
1122,unified,off,21,89,109,1.2247,24,29,1.2083,0,2,2,0,19,0,0,0,0,19,47,0,0,0,0,0,0,21,3,2,3,4,4,20,15,3.85,9,7
1122,protect_l,left,21,61,109,1.7869,17,29,1.7059,64,20,20,0,1,0,1,0,0,0,0,0,0,0,0,0,0,21,3,2,3,4,4,20,15,3.85,5,0
1122,protect_s,symmetric,21,21,109,5.1905,7,29,4.1429,44,3,3,0,18,0,18,0,0,0,0,0,0,0,0,0,0,21,3,2,3,4,4,20,15,3.85,2,0
1123,unified,off,21,189,337,1.7831,49,86,1.7551,0,3,3,0,18,0,0,0,0,18,39,0,0,0,0,0,0,21,1,3,3,4,4,20,9,4.5,12,5
1123,protect_l,left,21,93,337,3.6237,25,86,3.44,43,15,15,0,6,0,6,0,0,0,0,0,0,0,0,0,0,21,1,3,3,4,4,20,9,4.5,6,0
1123,protect_s,symmetric,21,13,337,25.9231,5,86,17.2,26,5,5,0,16,0,16,0,0,0,0,0,0,0,0,0,0,21,1,3,3,4,4,20,9,4.5,0,0
1125,unified,off,21,321,569,1.7726,82,144,1.7561,0,8,8,0,11,2,13,0,0,0,6,0,0,0,0,2,0,19,2,2,2,4,4,20,10,3.7,16,6
1125,protect_l,left,21,169,569,3.3669,44,144,3.2727,64,12,12,0,7,2,9,0,0,0,0,0,0,0,0,2,0,19,2,2,2,4,4,20,10,3.7,10,0
1125,protect_s,symmetric,21,29,569,19.6207,9,144,16.0,49,4,4,0,15,2,17,0,0,0,0,0,0,0,0,2,0,19,2,2,2,4,4,20,10,3.7,4,0
1126,unified,off,20,277,377,1.361,71,96,1.3521,0,20,20,0,0,0,0,0,0,0,5,0,0,0,0,0,0,20,2,2,3,4,4,20,10,3.6,14,6
1126,protect_l,left,20,157,377,2.4013,41,96,2.3415,78,16,16,0,4,0,4,0,0,0,0,0,0,0,0,0,0,20,2,2,3,4,4,20,10,3.6,6,0
1126,protect_s,symmetric,20,33,377,11.4242,10,96,9.6,56,10,10,0,10,0,10,0,0,0,0,0,0,0,0,0,0,20,2,2,3,4,4,20,10,3.6,3,0
1127,unified,off,21,101,125,1.2376,27,33,1.2222,0,21,21,0,0,0,0,0,0,0,0,0,0,0,0,0,0,21,2,2,3,4,4,20,13,3.85,8,6
1127,protect_l,left,21,53,125,2.3585,15,33,2.2,26,21,21,0,0,0,0,0,0,0,0,0,0,0,0,0,0,21,2,2,3,4,4,20,13,3.85,2,0
1127,protect_s,symmetric,21,17,125,7.3529,6,33,5.5,33,3,3,0,18,0,18,0,0,0,0,0,0,0,0,0,0,21,2,2,3,4,4,20,13,3.85,1,0
1128,unified,off,20,121,125,1.0331,32,33,1.0312,0,20,20,0,0,0,0,0,0,0,0,0,0,0,0,0,0,20,1,3,3,4,4,20,7,3.7,12,4
1128,protect_l,left,20,89,125,1.4045,24,33,1.375,39,20,20,0,0,0,0,0,0,0,0,0,0,0,0,0,0,20,1,3,3,4,4,20,7,3.7,9,0
1128,protect_s,symmetric,20,33,125,3.7879,10,33,3.3,44,20,20,0,0,0,0,0,0,0,0,0,0,0,0,0,0,20,1,3,3,4,4,20,7,3.7,2,0
1129,unified,off,21,89,81,0.9101,24,22,0.9167,0,17,17,0,4,0,0,0,0,4,8,0,0,0,0,0,0,21,1,3,5,4,4,20,6,3.65,10,3
1129,protect_l,left,21,85,81,0.9529,23,22,0.9565,34,21,21,0,0,0,0,0,0,0,0,0,0,0,0,0,0,21,1,3,5,4,4,20,6,3.65,8,0
1129,protect_s,symmetric,21,49,81,1.6531,14,22,1.5714,50,21,21,0,0,0,0,0,0,0,0,0,0,0,0,0,0,21,1,3,5,4,4,20,6,3.65,4,0
1130,unified,off,21,157,405,2.5796,41,103,2.5122,0,21,21,0,0,0,0,0,0,0,0,0,0,0,0,0,0,21,1,2,2,4,4,20,9,3.6,13,6
1130,protect_l,left,21,85,405,4.7647,23,103,4.4783,60,21,21,0,0,0,0,0,0,0,0,0,0,0,0,0,0,21,1,2,2,4,4,20,9,3.6,3,0
1130,protect_s,symmetric,21,45,405,9.0,13,103,7.9231,89,13,13,0,8,0,8,0,0,0,0,0,0,0,0,0,0,21,1,2,2,4,4,20,9,3.6,2,0
1131,unified,off,21,97,213,2.1959,26,55,2.1154,0,2,2,0,19,0,0,0,0,19,41,0,0,0,0,0,0,21,1,2,3,4,4,20,9,3.75,10,5
1131,protect_l,left,21,77,213,2.7662,21,55,2.619,43,20,20,0,1,0,1,0,0,0,0,0,0,0,0,0,0,21,1,2,3,4,4,20,9,3.75,5,0
1131,protect_s,symmetric,21,37,213,5.7568,11,55,5.0,46,6,6,0,15,0,15,0,0,0,0,0,0,0,0,0,0,21,1,2,3,4,4,20,9,3.75,4,0
1132,unified,off,21,177,293,1.6554,46,75,1.6304,0,21,21,0,0,0,0,0,0,0,0,0,0,0,0,0,0,21,1,2,4,4,4,20,7,3.45,16,6
1132,protect_l,left,21,101,293,2.901,27,75,2.7778,56,16,16,0,5,0,5,0,0,0,0,0,0,0,0,0,0,21,1,2,4,4,4,20,7,3.45,10,0
1132,protect_s,symmetric,21,33,293,8.8788,10,75,7.5,44,9,9,0,12,0,12,0,0,0,0,0,0,0,0,0,0,21,1,2,4,4,4,20,7,3.45,4,0
1133,unified,off,21,217,285,1.3134,56,73,1.3036,0,2,2,0,19,0,0,0,0,19,49,0,0,0,0,0,0,21,3,2,3,4,4,20,12,3.45,16,10
1133,protect_l,left,21,85,285,3.3529,23,73,3.1739,32,21,21,0,0,0,0,0,0,0,0,0,0,0,0,0,0,21,3,2,3,4,4,20,12,3.45,4,0
1133,protect_s,symmetric,21,29,285,9.8276,9,73,8.1111,41,7,7,0,14,0,14,0,0,0,0,0,0,0,0,0,0,21,3,2,3,4,4,20,12,3.45,3,0
1134,unified,off,21,173,277,1.6012,45,71,1.5778,0,21,21,0,0,0,0,0,0,0,3,0,0,0,0,0,0,21,1,3,3,4,4,20,4,3.75,13,3
1134,protect_l,left,21,125,277,2.216,33,71,2.1515,43,18,18,0,3,0,3,0,0,0,0,0,0,0,0,0,0,21,1,3,3,4,4,20,4,3.75,12,0
1134,protect_s,symmetric,21,53,277,5.2264,15,71,4.7333,79,13,13,0,8,0,8,0,0,0,0,0,0,0,0,0,0,21,1,3,3,4,4,20,4,3.75,5,0
1135,unified,off,21,121,161,1.3306,32,42,1.3125,0,21,21,0,0,0,0,0,0,0,0,0,0,0,0,0,0,21,1,3,3,4,4,20,8,4.05,12,4
1135,protect_l,left,21,85,161,1.8941,23,42,1.8261,53,21,21,0,0,0,0,0,0,0,0,0,0,0,0,0,0,21,1,3,3,4,4,20,8,4.05,7,0
1135,protect_s,symmetric,21,25,161,6.44,8,42,5.25,46,10,10,0,11,0,11,0,0,0,0,0,0,0,0,0,0,21,1,3,3,4,4,20,8,4.05,3,0
1136,unified,off,20,77,89,1.1558,21,24,1.1429,0,20,20,0,0,0,0,0,0,0,5,0,0,0,0,0,0,20,1,2,2,4,4,20,4,3.75,7,2
1136,protect_l,left,20,105,89,0.8476,28,24,0.8571,29,15,15,0,5,0,5,0,0,0,0,0,0,0,0,0,0,20,1,2,2,4,4,20,4,3.75,10,0
1136,protect_s,symmetric,20,53,89,1.6792,15,24,1.6,55,18,18,0,2,0,2,0,0,0,0,0,0,0,0,0,0,20,1,2,2,4,4,20,4,3.75,5,0
1138,unified,off,21,97,201,2.0722,26,52,2.0,0,21,21,0,0,0,0,0,0,0,2,0,0,0,0,0,0,21,1,3,4,4,4,20,7,3.45,9,1
1138,protect_l,left,21,89,201,2.2584,24,52,2.1667,55,21,21,0,0,0,0,0,0,0,0,0,0,0,0,0,0,21,1,3,4,4,4,20,7,3.45,8,0
1138,protect_s,symmetric,21,57,201,3.5263,16,52,3.25,70,11,11,0,10,0,10,0,0,0,0,0,0,0,0,0,0,21,1,3,4,4,4,20,7,3.45,5,0
1140,unified,off,21,237,377,1.5907,61,96,1.5738,0,21,21,0,0,0,0,0,0,0,0,0,0,0,0,0,0,21,1,2,4,4,4,20,7,3.65,17,4
1140,protect_l,left,21,165,377,2.2848,43,96,2.2326,51,21,21,0,0,0,0,0,0,0,0,0,0,0,0,0,0,21,1,2,4,4,4,20,7,3.65,11,0
1140,protect_s,symmetric,21,73,377,5.1644,20,96,4.8,58,10,10,0,11,0,11,0,0,0,0,0,0,0,0,0,0,21,1,2,4,4,4,20,7,3.65,6,0
1141,unified,off,21,201,341,1.6965,52,87,1.6731,0,18,18,0,2,1,1,0,0,2,18,0,0,0,0,1,0,20,1,2,3,4,4,20,8,3.6,15,6
1141,protect_l,left,21,85,341,4.0118,23,87,3.7826,41,18,18,0,2,1,3,0,0,0,0,0,0,0,0,1,0,20,1,2,3,4,4,20,8,3.6,9,0
1141,protect_s,symmetric,21,17,341,20.0588,6,87,14.5,42,4,4,0,16,1,17,0,0,0,0,0,0,0,0,1,0,20,1,2,3,4,4,20,8,3.6,1,0
1142,unified,off,21,173,285,1.6474,45,73,1.6222,0,20,20,0,0,1,1,0,0,0,10,0,0,0,0,1,0,20,1,2,2,4,4,20,6,3.2,15,3
1142,protect_l,left,21,117,285,2.4359,31,73,2.3548,42,17,17,0,3,1,4,0,0,0,0,0,0,0,0,1,0,20,1,2,2,4,4,20,6,3.2,12,0
1142,protect_s,symmetric,21,41,285,6.9512,12,73,6.0833,49,11,11,0,9,1,10,0,0,0,0,0,0,0,0,1,0,20,1,2,2,4,4,20,6,3.2,5,0
1143,unified,off,21,213,309,1.4507,55,79,1.4364,0,17,17,0,0,4,4,0,0,0,18,0,0,0,0,4,0,17,1,3,3,4,4,20,7,3.8,16,6
1143,protect_l,left,21,97,309,3.1856,26,79,3.0385,46,12,12,0,5,4,9,0,0,0,0,0,0,0,0,4,0,17,1,3,3,4,4,20,7,3.8,8,0
1143,protect_s,symmetric,21,33,309,9.3636,10,79,7.9,61,8,8,0,9,4,13,0,0,0,0,0,0,0,0,4,0,17,1,3,3,4,4,20,7,3.8,2,0
1144,unified,off,21,197,281,1.4264,51,72,1.4118,0,21,21,0,0,0,0,0,0,0,0,0,0,0,0,0,0,21,1,2,3,4,4,20,5,4.3,11,1
1144,protect_l,left,21,145,281,1.9379,38,72,1.8947,56,21,21,0,0,0,0,0,0,0,0,0,0,0,0,0,0,21,1,2,3,4,4,20,5,4.3,9,0
1144,protect_s,symmetric,21,61,281,4.6066,17,72,4.2353,69,15,15,0,6,0,6,0,0,0,0,0,0,0,0,0,0,21,1,2,3,4,4,20,5,4.3,7,0
1145,unified,off,21,213,329,1.5446,55,84,1.5273,0,21,21,0,0,0,0,0,0,0,10,0,0,0,0,0,0,21,2,3,3,4,4,20,11,3.45,16,9
1145,protect_l,left,21,97,329,3.3918,26,84,3.2308,63,7,7,0,14,0,14,0,0,0,0,0,0,0,0,0,0,21,2,3,3,4,4,20,11,3.45,7,0
1145,protect_s,symmetric,21,21,329,15.6667,7,84,12.0,41,8,8,0,13,0,13,0,0,0,0,0,0,0,0,0,0,21,2,3,3,4,4,20,11,3.45,2,0
1146,unified,off,20,261,265,1.0153,67,68,1.0149,0,2,2,0,18,0,0,0,0,18,40,0,0,0,0,0,0,20,4,2,3,4,4,20,15,3.45,16,13
1146,protect_l,left,20,109,265,2.4312,29,68,2.3448,47,3,3,0,17,0,17,0,0,0,0,0,0,0,0,0,0,20,4,2,3,4,4,20,15,3.45,3,0
1146,protect_s,symmetric,20,17,265,15.5882,6,68,11.3333,39,3,3,0,17,0,17,0,0,0,0,0,0,0,0,0,0,20,4,2,3,4,4,20,15,3.45,1,0
1147,unified,off,21,197,369,1.8731,51,94,1.8431,0,3,3,0,18,0,0,18,0,0,59,0,0,0,0,0,0,21,3,2,2,4,4,20,16,3.35,17,15
1147,protect_l,left,21,65,369,5.6769,18,94,5.2222,30,4,4,0,17,0,17,0,0,0,0,0,0,0,0,0,0,21,3,2,2,4,4,20,16,3.35,1,0
1147,protect_s,symmetric,21,21,369,17.5714,7,94,13.4286,40,4,4,0,17,0,17,0,0,0,0,0,0,0,0,0,0,21,3,2,2,4,4,20,16,3.35,1,0
1148,unified,off,21,229,297,1.2969,59,76,1.2881,0,16,16,0,1,4,0,0,0,5,17,0,0,0,0,4,0,17,1,3,3,4,4,20,8,4.0,15,5
1148,protect_l,left,21,93,297,3.1935,25,76,3.04,35,8,8,0,9,4,13,0,0,0,0,0,0,0,0,4,0,17,1,3,3,4,4,20,8,4.0,7,0
1148,protect_s,symmetric,21,13,297,22.8462,5,76,15.2,38,3,3,0,14,4,18,0,0,0,0,0,0,0,0,4,0,17,1,3,3,4,4,20,8,4.0,0,0
1149,unified,off,20,121,161,1.3306,32,42,1.3125,0,20,20,0,0,0,0,0,0,0,8,0,0,0,0,0,0,20,2,2,3,4,4,20,10,3.75,11,6
1149,protect_l,left,20,49,161,3.2857,14,42,3.0,35,20,20,0,0,0,0,0,0,0,0,0,0,0,0,0,0,20,2,2,3,4,4,20,10,3.75,4,0
1149,protect_s,symmetric,20,25,161,6.44,8,42,5.25,42,6,6,0,14,0,14,0,0,0,0,0,0,0,0,0,0,20,2,2,3,4,4,20,10,3.75,3,0
1150,unified,off,21,157,385,2.4522,41,98,2.3902,0,21,21,0,0,0,0,0,0,0,2,0,0,0,0,0,0,21,2,2,3,4,4,20,9,3.5,11,7
1150,protect_l,left,21,109,385,3.5321,29,98,3.3793,38,20,20,0,1,0,1,0,0,0,0,0,0,0,0,0,0,21,2,2,3,4,4,20,9,3.5,6,0
1150,protect_s,symmetric,21,33,385,11.6667,10,98,9.8,51,6,6,0,15,0,15,0,0,0,0,0,0,0,0,0,0,21,2,2,3,4,4,20,9,3.5,4,0
1152,unified,off,21,221,273,1.2353,57,70,1.2281,0,20,20,0,0,1,1,0,0,0,0,0,0,0,0,1,0,20,1,2,3,4,4,20,6,3.9,11,2
1152,protect_l,left,21,149,273,1.8322,39,70,1.7949,51,20,20,0,0,1,1,0,0,0,0,0,0,0,0,1,0,20,1,2,3,4,4,20,6,3.9,9,0
1152,protect_s,symmetric,21,41,273,6.6585,12,70,5.8333,54,8,8,0,12,1,13,0,0,0,0,0,0,0,0,1,0,20,1,2,3,4,4,20,6,3.9,4,0
1153,unified,off,20,209,213,1.0191,54,55,1.0185,0,2,2,0,18,0,0,0,0,18,35,0,0,0,0,0,0,20,1,2,3,4,4,20,11,3.8,16,8
1153,protect_l,left,20,93,213,2.2903,25,55,2.2,44,11,11,0,9,0,9,0,0,0,0,0,0,0,0,0,0,20,1,2,3,4,4,20,11,3.8,8,0
1153,protect_s,symmetric,20,29,213,7.3448,9,55,6.1111,46,5,5,0,15,0,15,0,0,0,0,0,0,0,0,0,0,20,1,2,3,4,4,20,11,3.8,4,0
1154,unified,off,21,173,313,1.8092,45,80,1.7778,0,5,5,0,16,0,0,0,0,16,33,0,0,0,0,0,0,21,2,2,3,4,4,20,13,4.0,14,10
1154,protect_l,left,21,109,313,2.8716,29,80,2.7586,74,19,19,0,2,0,2,0,0,0,0,0,0,0,0,0,0,21,2,2,3,4,4,20,13,4.0,5,0
1154,protect_s,symmetric,21,73,313,4.2877,20,80,4.0,102,12,12,0,9,0,9,0,0,0,0,0,0,0,0,0,0,21,2,2,3,4,4,20,13,4.0,3,0
1155,unified,off,21,229,333,1.4541,59,85,1.4407,0,4,4,0,17,0,0,0,0,17,39,0,0,0,0,0,0,21,1,3,4,4,4,20,9,3.6,17,8
1155,protect_l,left,21,89,333,3.7416,24,85,3.5417,43,17,17,0,4,0,4,0,0,0,0,0,0,0,0,0,0,21,1,3,4,4,4,20,9,3.6,7,0
1155,protect_s,symmetric,21,21,333,15.8571,7,85,12.1429,32,6,6,0,15,0,15,0,0,0,0,0,0,0,0,0,0,21,1,3,4,4,4,20,9,3.6,2,0
1156,unified,off,21,173,177,1.0231,45,46,1.0222,0,21,21,0,0,0,0,0,0,0,0,0,0,0,0,0,0,21,2,2,4,4,4,20,12,3.6,14,8
1156,protect_l,left,21,81,177,2.1852,22,46,2.0909,39,21,21,0,0,0,0,0,0,0,0,0,0,0,0,0,0,21,2,2,4,4,4,20,12,3.6,3,0
1156,protect_s,symmetric,21,21,177,8.4286,7,46,6.5714,48,4,4,0,17,0,17,0,0,0,0,0,0,0,0,0,0,21,2,2,4,4,4,20,12,3.6,2,0
1157,unified,off,21,41,25,0.6098,12,8,0.6667,0,21,21,0,0,0,0,0,0,0,2,0,0,0,0,0,0,21,1,3,3,4,4,20,5,3.75,2,0
1157,protect_l,left,21,33,25,0.7576,10,8,0.8,18,21,21,0,0,0,0,0,0,0,0,0,0,0,0,0,0,21,1,3,3,4,4,20,5,3.75,1,0
1157,protect_s,symmetric,21,33,25,0.7576,10,8,0.8,33,21,21,0,0,0,0,0,0,0,0,0,0,0,0,0,0,21,1,3,3,4,4,20,5,3.75,1,0
1158,unified,off,20,213,301,1.4131,55,77,1.4,0,4,4,0,12,4,4,0,0,12,23,0,0,0,0,4,0,16,3,2,3,4,4,20,16,3.8,12,10
1158,protect_l,left,20,85,301,3.5412,23,77,3.3478,42,16,16,0,0,4,4,0,0,0,0,0,0,0,0,4,0,16,3,2,3,4,4,20,16,3.8,3,0
1158,protect_s,symmetric,20,25,301,12.04,8,77,9.625,35,3,3,0,13,4,17,0,0,0,0,0,0,0,0,4,0,16,3,2,3,4,4,20,16,3.8,2,0
1159,unified,off,21,161,217,1.3478,42,56,1.3333,0,1,1,0,20,0,0,0,0,20,48,0,0,0,0,0,0,21,1,3,3,4,4,20,7,4.05,13,2
1159,protect_l,left,21,117,217,1.8547,31,56,1.8065,66,20,20,0,1,0,1,0,0,0,0,0,0,0,0,0,0,21,1,3,3,4,4,20,7,4.05,9,0
1159,protect_s,symmetric,21,61,217,3.5574,17,56,3.2941,71,17,17,0,4,0,4,0,0,0,0,0,0,0,0,0,0,21,1,3,3,4,4,20,7,4.05,7,0
1160,unified,off,21,77,133,1.7273,21,35,1.6667,0,21,21,0,0,0,0,0,0,0,0,0,0,0,0,0,0,21,2,2,2,4,4,20,10,3.45,4,2
1160,protect_l,left,21,73,133,1.8219,20,35,1.75,26,21,21,0,0,0,0,0,0,0,0,0,0,0,0,0,0,21,2,2,2,4,4,20,10,3.45,3,0
1160,protect_s,symmetric,21,57,133,2.3333,16,35,2.1875,63,21,21,0,0,0,0,0,0,0,0,0,0,0,0,0,0,21,2,2,2,4,4,20,10,3.45,3,0
1161,unified,off,21,117,177,1.5128,31,46,1.4839,0,21,21,0,0,0,0,0,0,0,15,0,0,0,0,0,0,21,1,3,3,4,4,20,8,3.8,13,4
1161,protect_l,left,21,69,177,2.5652,19,46,2.4211,35,12,12,0,9,0,9,0,0,0,0,0,0,0,0,0,0,21,1,3,3,4,4,20,8,3.8,6,0
1161,protect_s,symmetric,21,21,177,8.4286,7,46,6.5714,37,12,12,0,9,0,9,0,0,0,0,0,0,0,0,0,0,21,1,3,3,4,4,20,8,3.8,0,0
1162,unified,off,21,321,429,1.3364,82,109,1.3293,0,12,12,0,5,4,9,0,0,0,5,0,0,0,0,4,0,17,3,4,4,4,4,20,12,3.4,16,9
1162,protect_l,left,21,153,429,2.8039,40,109,2.725,45,17,17,0,0,4,4,0,0,0,0,0,0,0,0,4,0,17,3,4,4,4,4,20,12,3.4,6,0
1162,protect_s,symmetric,21,25,429,17.16,8,109,13.625,44,4,4,0,13,4,17,0,0,0,0,0,0,0,0,4,0,17,3,4,4,4,4,20,12,3.4,2,0
1163,unified,off,21,245,289,1.1796,63,74,1.1746,0,20,20,0,0,1,1,0,0,0,8,0,0,0,0,1,0,20,1,3,4,4,4,20,6,3.75,15,4
1163,protect_l,left,21,185,289,1.5622,48,74,1.5417,60,20,20,0,0,1,1,0,0,0,0,0,0,0,0,1,0,20,1,3,4,4,4,20,6,3.75,10,0
1163,protect_s,symmetric,21,45,289,6.4222,13,74,5.6923,56,9,9,0,11,1,12,0,0,0,0,0,0,0,0,1,0,20,1,3,4,4,4,20,6,3.75,5,0
1164,unified,off,20,293,489,1.6689,75,124,1.6533,0,2,2,0,17,1,1,0,0,17,44,0,0,0,0,1,0,19,2,2,2,4,4,20,11,3.65,15,8
1164,protect_l,left,20,105,489,4.6571,28,124,4.4286,46,4,4,0,15,1,16,0,0,0,0,0,0,0,0,1,0,19,2,2,2,4,4,20,11,3.65,5,0
1164,protect_s,symmetric,20,29,489,16.8621,9,124,13.7778,43,4,4,0,15,1,16,0,0,0,0,0,0,0,0,1,0,19,2,2,2,4,4,20,11,3.65,3,0
1165,unified,off,21,109,149,1.367,29,39,1.3448,0,21,21,0,0,0,0,0,0,0,9,0,0,0,0,0,0,21,1,3,4,4,4,20,8,3.9,10,2
1165,protect_l,left,21,101,149,1.4752,27,39,1.4444,46,11,11,0,10,0,10,0,0,0,0,0,0,0,0,0,0,21,1,3,4,4,4,20,8,3.9,9,0
1165,protect_s,symmetric,21,17,149,8.7647,6,39,6.5,31,6,6,0,15,0,15,0,0,0,0,0,0,0,0,0,0,21,1,3,4,4,4,20,8,3.9,1,0
1167,unified,off,21,217,257,1.1843,56,66,1.1786,0,19,19,0,0,2,2,0,0,0,3,0,0,0,0,2,0,19,1,3,4,4,4,20,9,4.05,14,3
1167,protect_l,left,21,113,257,2.2743,30,66,2.2,36,19,19,0,0,2,2,0,0,0,0,0,0,0,0,2,0,19,1,3,4,4,4,20,9,4.05,9,0
1167,protect_s,symmetric,21,33,257,7.7879,10,66,6.6,31,7,7,0,12,2,14,0,0,0,0,0,0,0,0,2,0,19,1,3,4,4,4,20,9,4.05,3,0
1169,unified,off,21,73,145,1.9863,20,38,1.9,0,21,21,0,0,0,0,0,0,0,10,0,0,0,0,0,0,21,1,2,2,4,4,20,9,3.9,11,6
1169,protect_l,left,21,33,145,4.3939,10,38,3.8,25,11,11,0,10,0,10,0,0,0,0,0,0,0,0,0,0,21,1,2,2,4,4,20,9,3.9,2,0
1169,protect_s,symmetric,21,33,145,4.3939,10,38,3.8,43,6,6,0,15,0,15,0,0,0,0,0,0,0,0,0,0,21,1,2,2,4,4,20,9,3.9,3,0
1170,unified,off,21,421,469,1.114,107,119,1.1121,0,21,21,0,0,0,0,0,0,0,0,0,0,0,0,0,0,21,1,4,4,4,4,20,7,3.85,16,4
1170,protect_l,left,21,129,469,3.6357,34,119,3.5,39,9,9,0,12,0,12,0,0,0,0,0,0,0,0,0,0,21,1,4,4,4,4,20,7,3.85,10,0
1170,protect_s,symmetric,21,37,469,12.6757,11,119,10.8182,55,6,6,0,15,0,15,0,0,0,0,0,0,0,0,0,0,21,1,4,4,4,4,20,7,3.85,3,0
1171,unified,off,21,69,117,1.6957,19,31,1.6316,0,21,21,0,0,0,0,0,0,0,0,0,0,0,0,0,0,21,1,2,3,4,4,20,6,3.4,9,4
1171,protect_l,left,21,61,117,1.918,17,31,1.8235,26,20,20,0,1,0,1,0,0,0,0,0,0,0,0,0,0,21,1,2,3,4,4,20,6,3.4,7,0
1171,protect_s,symmetric,21,41,117,2.8537,12,31,2.5833,50,15,15,0,6,0,6,0,0,0,0,0,0,0,0,0,0,21,1,2,3,4,4,20,6,3.4,4,0
1172,unified,off,21,225,269,1.1956,58,69,1.1897,0,14,14,0,7,0,0,0,0,7,15,0,0,0,0,0,0,21,2,4,5,4,4,20,12,4.35,13,8
1172,protect_l,left,21,85,269,3.1647,23,69,3.0,30,14,14,0,7,0,7,0,0,0,0,0,0,0,0,0,0,21,2,4,5,4,4,20,12,4.35,1,0
1172,protect_s,symmetric,21,29,269,9.2759,9,69,7.6667,38,5,5,0,16,0,16,0,0,0,0,0,0,0,0,0,0,21,2,4,5,4,4,20,12,4.35,1,0
1173,unified,off,21,185,329,1.7784,48,84,1.75,0,4,4,0,16,1,1,0,0,16,31,0,0,0,0,1,0,20,1,2,2,4,4,20,6,3.25,13,2
1173,protect_l,left,21,133,329,2.4737,35,84,2.4,65,20,20,0,0,1,1,0,0,0,0,0,0,0,0,1,0,20,1,2,2,4,4,20,6,3.25,11,0
1173,protect_s,symmetric,21,57,329,5.7719,16,84,5.25,81,16,16,0,4,1,5,0,0,0,0,0,0,0,0,1,0,20,1,2,2,4,4,20,6,3.25,6,0
1175,unified,off,21,177,181,1.0226,46,47,1.0217,0,21,21,0,0,0,0,0,0,0,5,0,0,0,0,0,0,21,1,3,3,4,4,20,9,3.8,13,6
1175,protect_l,left,21,81,181,2.2346,22,47,2.1364,54,19,19,0,2,0,2,0,0,0,0,0,0,0,0,0,0,21,1,3,3,4,4,20,9,3.8,9,0
1175,protect_s,symmetric,21,21,181,8.619,7,47,6.7143,43,8,8,0,13,0,13,0,0,0,0,0,0,0,0,0,0,21,1,3,3,4,4,20,9,3.8,2,0
1176,unified,off,21,269,329,1.223,69,84,1.2174,0,21,21,0,0,0,0,0,0,0,0,0,0,0,0,0,0,21,1,3,4,4,4,20,6,3.45,16,4
1176,protect_l,left,21,125,329,2.632,33,84,2.5455,68,5,5,0,16,0,16,0,0,0,0,0,0,0,0,0,0,21,1,3,4,4,4,20,6,3.45,10,0
1176,protect_s,symmetric,21,49,329,6.7143,14,84,6.0,74,10,10,0,11,0,11,0,0,0,0,0,0,0,0,0,0,21,1,3,4,4,4,20,6,3.45,6,0
1177,unified,off,21,125,233,1.864,33,60,1.8182,0,4,4,0,17,0,0,17,0,0,51,0,0,0,0,0,0,21,1,2,2,4,4,20,4,3.3,10,3
1177,protect_l,left,21,97,233,2.4021,26,60,2.3077,37,20,20,0,1,0,1,0,0,0,0,0,0,0,0,0,0,21,1,2,2,4,4,20,4,3.3,7,0
1177,protect_s,symmetric,21,49,233,4.7551,14,60,4.2857,50,16,16,0,5,0,5,0,0,0,0,0,0,0,0,0,0,21,1,2,2,4,4,20,4,3.3,4,0
1178,unified,off,21,69,85,1.2319,19,23,1.2105,0,3,3,0,18,0,0,0,0,18,36,0,0,0,0,0,0,21,1,2,3,4,4,20,5,4.0,8,2
1178,protect_l,left,21,49,85,1.7347,14,23,1.6429,40,21,21,0,0,0,0,0,0,0,0,0,0,0,0,0,0,21,1,2,3,4,4,20,5,4.0,5,0
1178,protect_s,symmetric,21,37,85,2.2973,11,23,2.0909,67,12,12,0,9,0,9,0,0,0,0,0,0,0,0,0,0,21,1,2,3,4,4,20,5,4.0,3,0
1179,unified,off,21,289,421,1.4567,74,107,1.4459,0,21,21,0,0,0,0,0,0,0,0,0,0,0,0,0,0,21,1,3,3,4,4,20,5,4.05,19,4
1179,protect_l,left,21,121,421,3.4793,32,107,3.3438,50,19,19,0,2,0,2,0,0,0,0,0,0,0,0,0,0,21,1,3,3,4,4,20,5,4.05,11,0
1179,protect_s,symmetric,21,29,421,14.5172,9,107,11.8889,43,14,14,0,7,0,7,0,0,0,0,0,0,0,0,0,0,21,1,3,3,4,4,20,5,4.05,2,0
1181,unified,off,21,113,249,2.2035,30,64,2.1333,0,7,7,0,14,0,0,0,0,14,28,0,0,0,0,0,0,21,4,2,2,4,4,20,16,3.8,6,4
1181,protect_l,left,21,89,249,2.7978,24,64,2.6667,35,21,21,0,0,0,0,0,0,0,0,0,0,0,0,0,0,21,4,2,2,4,4,20,16,3.8,2,0
1181,protect_s,symmetric,21,53,249,4.6981,15,64,4.2667,46,5,5,0,16,0,16,0,0,0,0,0,0,0,0,0,0,21,4,2,2,4,4,20,16,3.8,2,0
1182,unified,off,21,417,485,1.1631,106,123,1.1604,0,5,5,0,14,2,4,0,0,12,24,0,0,0,0,2,0,19,1,3,3,4,4,20,7,3.7,18,6
1182,protect_l,left,21,173,485,2.8035,45,123,2.7333,48,6,6,0,13,2,15,0,0,0,0,0,0,0,0,2,0,19,1,3,3,4,4,20,7,3.7,10,0
1182,protect_s,symmetric,21,57,485,8.5088,16,123,7.6875,55,5,5,0,14,2,16,0,0,0,0,0,0,0,0,2,0,19,1,3,3,4,4,20,7,3.7,7,0
1183,unified,off,21,173,313,1.8092,45,80,1.7778,0,21,21,0,0,0,0,0,0,0,11,0,0,0,0,0,0,21,1,2,3,4,4,20,5,3.1,16,5
1183,protect_l,left,21,145,313,2.1586,38,80,2.1053,57,17,17,0,4,0,4,0,0,0,0,0,0,0,0,0,0,21,1,2,3,4,4,20,5,3.1,12,0
1183,protect_s,symmetric,21,53,313,5.9057,15,80,5.3333,71,20,20,0,1,0,1,0,0,0,0,0,0,0,0,0,0,21,1,2,3,4,4,20,5,3.1,5,0
1185,unified,off,21,161,293,1.8199,42,75,1.7857,0,21,21,0,0,0,0,0,0,0,9,0,0,0,0,0,0,21,2,2,3,4,4,20,13,3.75,10,6
1185,protect_l,left,21,109,293,2.6881,29,75,2.5862,49,17,17,0,4,0,4,0,0,0,0,0,0,0,0,0,0,21,2,2,3,4,4,20,13,3.75,4,0
1185,protect_s,symmetric,21,21,293,13.9524,7,75,10.7143,42,4,4,0,17,0,17,0,0,0,0,0,0,0,0,0,0,21,2,2,3,4,4,20,13,3.75,2,0
1186,unified,off,21,197,381,1.934,51,97,1.902,0,21,21,0,0,0,0,0,0,0,6,0,0,0,0,0,0,21,1,3,3,4,4,20,4,3.45,12,3
1186,protect_l,left,21,113,381,3.3717,30,97,3.2333,30,21,21,0,0,0,0,0,0,0,0,0,0,0,0,0,0,21,1,3,3,4,4,20,4,3.45,6,0
1186,protect_s,symmetric,21,29,381,13.1379,9,97,10.7778,39,12,12,0,9,0,9,0,0,0,0,0,0,0,0,0,0,21,1,3,3,4,4,20,4,3.45,2,0
1187,unified,off,21,117,145,1.2393,31,38,1.2258,0,2,2,0,19,0,0,0,0,19,40,0,0,0,0,0,0,21,2,2,3,4,4,20,14,4.1,11,7
1187,protect_l,left,21,81,145,1.7901,22,38,1.7273,49,21,21,0,0,0,0,0,0,0,0,0,0,0,0,0,0,21,2,2,3,4,4,20,14,4.1,5,0
1187,protect_s,symmetric,21,45,145,3.2222,13,38,2.9231,57,10,10,0,11,0,11,0,0,0,0,0,0,0,0,0,0,21,2,2,3,4,4,20,14,4.1,3,0
1188,unified,off,20,189,229,1.2116,49,59,1.2041,0,20,20,0,0,0,0,0,0,0,3,0,0,0,0,0,0,20,1,2,4,4,4,20,4,3.6,14,4
1188,protect_l,left,20,81,229,2.8272,22,59,2.6818,39,12,12,0,8,0,8,0,0,0,0,0,0,0,0,0,0,20,1,2,4,4,4,20,4,3.6,9,0
1188,protect_s,symmetric,20,25,229,9.16,8,59,7.375,39,7,7,0,13,0,13,0,0,0,0,0,0,0,0,0,0,20,1,2,4,4,4,20,4,3.6,3,0
1190,unified,off,21,221,237,1.0724,57,61,1.0702,0,21,21,0,0,0,0,0,0,0,0,0,0,0,0,0,0,21,2,2,2,4,4,20,10,4.2,13,6
1190,protect_l,left,21,149,237,1.5906,39,61,1.5641,80,21,21,0,0,0,0,0,0,0,0,0,0,0,0,0,0,21,2,2,2,4,4,20,10,4.2,8,0
1190,protect_s,symmetric,21,73,237,3.2466,20,61,3.05,92,8,8,0,13,0,13,0,0,0,0,0,0,0,0,0,0,21,2,2,2,4,4,20,10,4.2,5,0
1192,unified,off,21,217,329,1.5161,56,84,1.5,0,21,21,0,0,0,0,0,0,0,14,0,0,0,0,0,0,21,3,2,4,4,4,20,13,3.3,14,8
1192,protect_l,left,21,105,329,3.1333,28,84,3.0,70,21,21,0,0,0,0,0,0,0,0,0,0,0,0,0,0,21,3,2,4,4,4,20,13,3.3,5,0
1192,protect_s,symmetric,21,21,329,15.6667,7,84,12.0,47,3,3,0,18,0,18,0,0,0,0,0,0,0,0,0,0,21,3,2,4,4,4,20,13,3.3,2,0
1193,unified,off,20,169,289,1.7101,44,74,1.6818,0,20,20,0,0,0,0,0,0,0,0,0,0,0,0,0,0,20,1,3,3,4,4,20,7,3.85,13,3
1193,protect_l,left,20,113,289,2.5575,30,74,2.4667,48,20,20,0,0,0,0,0,0,0,0,0,0,0,0,0,0,20,1,3,3,4,4,20,7,3.85,8,0
1193,protect_s,symmetric,20,29,289,9.9655,9,74,8.2222,47,12,12,0,8,0,8,0,0,0,0,0,0,0,0,0,0,20,1,3,3,4,4,20,7,3.85,4,0
1195,unified,off,21,177,197,1.113,46,51,1.1087,0,2,2,0,19,0,0,0,0,19,38,0,0,0,0,0,0,21,3,2,3,4,4,20,13,3.5,9,4
1195,protect_l,left,21,113,197,1.7434,30,51,1.7,67,21,21,0,0,0,0,0,0,0,0,0,0,0,0,0,0,21,3,2,3,4,4,20,13,3.5,6,0
1195,protect_s,symmetric,21,17,197,11.5882,6,51,8.5,43,4,4,0,17,0,17,0,0,0,0,0,0,0,0,0,0,21,3,2,3,4,4,20,13,3.5,1,0
1196,unified,off,20,221,497,2.2489,57,126,2.2105,0,9,9,0,10,1,4,7,0,0,25,0,0,0,0,1,0,19,1,2,4,4,4,20,6,3.85,13,3
1196,protect_l,left,20,109,497,4.5596,29,126,4.3448,53,16,16,0,3,1,4,0,0,0,0,0,0,0,0,1,0,19,1,2,4,4,4,20,6,3.85,8,0
1196,protect_s,symmetric,20,41,497,12.122,12,126,10.5,53,12,12,0,7,1,8,0,0,0,0,0,0,0,0,1,0,19,1,2,4,4,4,20,6,3.85,6,0
1197,unified,off,21,341,353,1.0352,87,90,1.0345,0,21,21,0,0,0,0,0,0,0,0,0,0,0,0,0,0,21,1,4,4,4,4,20,5,3.3,15,3
1197,protect_l,left,21,209,353,1.689,54,90,1.6667,69,21,21,0,0,0,0,0,0,0,0,0,0,0,0,0,0,21,1,4,4,4,4,20,5,3.3,11,0
1197,protect_s,symmetric,21,33,353,10.697,10,90,9.0,60,11,11,0,10,0,10,0,0,0,0,0,0,0,0,0,0,21,1,4,4,4,4,20,5,3.3,3,0
1198,unified,off,21,185,185,1.0,48,48,1.0,0,21,21,0,0,0,0,0,0,0,0,0,0,0,0,0,0,21,1,3,5,4,4,20,7,3.5,13,4
1198,protect_l,left,21,89,185,2.0787,24,48,2.0,42,17,17,0,4,0,4,0,0,0,0,0,0,0,0,0,0,21,1,3,5,4,4,20,7,3.5,6,0
1198,protect_s,symmetric,21,25,185,7.4,8,48,6.0,45,7,7,0,14,0,14,0,0,0,0,0,0,0,0,0,0,21,1,3,5,4,4,20,7,3.5,3,0
1199,unified,off,21,205,361,1.761,53,92,1.7358,0,13,13,0,6,2,2,0,0,6,21,0,0,0,0,2,0,19,1,3,4,4,4,20,6,3.7,13,4
1199,protect_l,left,21,113,361,3.1947,30,92,3.0667,35,16,16,0,3,2,5,0,0,0,0,0,0,0,0,2,0,19,1,3,4,4,4,20,6,3.7,9,0
1199,protect_s,symmetric,21,37,361,9.7568,11,92,8.3636,57,11,11,0,8,2,10,0,0,0,0,0,0,0,0,2,0,19,1,3,4,4,4,20,6,3.7,3,0
1200,unified,off,21,161,249,1.5466,42,64,1.5238,0,21,21,0,0,0,0,0,0,0,0,0,0,0,0,0,0,21,3,2,4,4,4,20,18,3.75,11,9
1200,protect_l,left,21,85,249,2.9294,23,64,2.7826,52,21,21,0,0,0,0,0,0,0,0,0,0,0,0,0,0,21,3,2,4,4,4,20,18,3.75,2,0
1200,protect_s,symmetric,21,29,249,8.5862,9,64,7.1111,49,5,5,0,16,0,16,0,0,0,0,0,0,0,0,0,0,21,3,2,4,4,4,20,18,3.75,2,0
1201,unified,off,21,193,213,1.1036,50,55,1.1,0,21,21,0,0,0,0,0,0,0,0,0,0,0,0,0,0,21,2,2,3,4,4,20,10,3.65,15,7
1201,protect_l,left,21,101,213,2.1089,27,55,2.037,63,21,21,0,0,0,0,0,0,0,0,0,0,0,0,0,0,21,2,2,3,4,4,20,10,3.65,7,0
1201,protect_s,symmetric,21,45,213,4.7333,13,55,4.2308,67,12,12,0,9,0,9,0,0,0,0,0,0,0,0,0,0,21,2,2,3,4,4,20,10,3.65,2,0
1202,unified,off,21,229,313,1.3668,59,80,1.3559,0,21,21,0,0,0,0,0,0,0,0,0,0,0,0,0,0,21,3,3,3,4,4,20,13,3.65,13,7
1202,protect_l,left,21,81,313,3.8642,22,80,3.6364,48,21,21,0,0,0,0,0,0,0,0,0,0,0,0,0,0,21,3,3,3,4,4,20,13,3.65,5,0
1202,protect_s,symmetric,21,37,313,8.4595,11,80,7.2727,49,6,6,0,15,0,15,0,0,0,0,0,0,0,0,0,0,21,3,3,3,4,4,20,13,3.65,3,0
1203,unified,off,21,197,269,1.3655,51,69,1.3529,0,2,2,0,18,1,1,0,0,18,42,0,0,0,0,1,0,20,3,2,2,4,4,20,14,3.5,13,9
1203,protect_l,left,21,101,269,2.6634,27,69,2.5556,100,13,13,0,7,1,8,0,0,0,0,0,0,0,0,1,0,20,3,2,2,4,4,20,14,3.5,5,0
1203,protect_s,symmetric,21,13,269,20.6923,5,69,13.8,41,2,2,0,18,1,19,0,0,0,0,0,0,0,0,1,0,20,3,2,2,4,4,20,14,3.5,0,0
1204,unified,off,21,157,161,1.0255,41,42,1.0244,0,19,19,0,0,2,2,0,0,0,3,0,0,0,0,2,0,19,1,2,3,4,4,20,10,4.05,13,5
1204,protect_l,left,21,93,161,1.7312,25,42,1.68,35,19,19,0,0,2,2,0,0,0,0,0,0,0,0,2,0,19,1,2,3,4,4,20,10,4.05,7,0
1204,protect_s,symmetric,21,25,161,6.44,8,42,5.25,39,9,9,0,10,2,12,0,0,0,0,0,0,0,0,2,0,19,1,2,3,4,4,20,10,4.05,3,0
1205,unified,off,21,385,625,1.6234,98,158,1.6122,0,7,7,0,14,0,1,0,0,13,32,0,0,0,0,0,0,21,2,3,3,4,4,20,10,3.0,15,6
1205,protect_l,left,21,169,625,3.6982,44,158,3.5909,111,10,10,0,11,0,11,0,0,0,0,0,0,0,0,0,0,21,2,3,3,4,4,20,10,3.0,9,0
1205,protect_s,symmetric,21,61,625,10.2459,17,158,9.2941,90,13,13,0,8,0,8,0,0,0,0,0,0,0,0,0,0,21,2,3,3,4,4,20,10,3.0,5,0
1207,unified,off,21,253,385,1.5217,65,98,1.5077,0,17,17,0,3,1,4,0,0,0,2,0,0,0,0,1,0,20,1,4,4,4,4,20,6,3.85,13,4
1207,protect_l,left,21,153,385,2.5163,40,98,2.45,53,15,15,0,5,1,6,0,0,0,0,0,0,0,0,1,0,20,1,4,4,4,4,20,6,3.85,9,0
1207,protect_s,symmetric,21,29,385,13.2759,9,98,10.8889,49,10,10,0,10,1,11,0,0,0,0,0,0,0,0,1,0,20,1,4,4,4,4,20,6,3.85,1,0
1208,unified,off,21,281,553,1.968,72,140,1.9444,0,20,20,0,0,1,1,0,0,0,1,0,0,0,0,1,0,20,3,2,2,4,4,20,16,3.85,14,10
1208,protect_l,left,21,145,553,3.8138,38,140,3.6842,30,20,20,0,0,1,1,0,0,0,0,0,0,0,0,1,0,20,3,2,2,4,4,20,16,3.85,2,0
1208,protect_s,symmetric,21,45,553,12.2889,13,140,10.7692,43,8,8,0,12,1,13,0,0,0,0,0,0,0,0,1,0,20,3,2,2,4,4,20,16,3.85,2,0
1209,unified,off,21,245,265,1.0816,63,68,1.0794,0,5,5,0,15,1,1,0,0,15,34,0,0,0,0,1,0,20,2,3,3,4,4,20,9,3.25,16,6
1209,protect_l,left,21,137,265,1.9343,36,68,1.8889,56,20,20,0,0,1,1,0,0,0,0,0,0,0,0,1,0,20,2,3,3,4,4,20,9,3.25,9,0
1209,protect_s,symmetric,21,65,265,4.0769,18,68,3.7778,78,11,11,0,9,1,10,0,0,0,0,0,0,0,0,1,0,20,2,3,3,4,4,20,9,3.25,3,0
1210,unified,off,21,157,281,1.7898,41,72,1.7561,0,21,21,0,0,0,0,0,0,0,0,0,0,0,0,0,0,21,3,2,3,4,4,20,15,3.3,14,10
1210,protect_l,left,21,61,281,4.6066,17,72,4.2353,52,21,21,0,0,0,0,0,0,0,0,0,0,0,0,0,0,21,3,2,3,4,4,20,15,3.3,5,0
1210,protect_s,symmetric,21,41,281,6.8537,12,72,6.0,72,14,14,0,7,0,7,0,0,0,0,0,0,0,0,0,0,21,3,2,3,4,4,20,15,3.3,3,0
1211,unified,off,21,217,257,1.1843,56,66,1.1786,0,7,7,0,13,1,14,0,0,0,1,0,0,0,0,1,0,20,1,3,3,4,4,20,7,3.35,16,4
1211,protect_l,left,21,133,257,1.9323,35,66,1.8857,71,7,7,0,13,1,14,0,0,0,0,0,0,0,0,1,0,20,1,3,3,4,4,20,7,3.35,12,0
1211,protect_s,symmetric,21,29,257,8.8621,9,66,7.3333,58,9,9,0,11,1,12,0,0,0,0,0,0,0,0,1,0,20,1,3,3,4,4,20,7,3.35,4,0
1214,unified,off,21,217,269,1.2396,56,69,1.2321,0,1,1,0,20,0,0,0,0,20,40,0,0,0,0,0,0,21,3,2,3,4,4,20,14,3.6,14,8
1214,protect_l,left,21,85,269,3.1647,23,69,3.0,35,20,20,0,1,0,1,0,0,0,0,0,0,0,0,0,0,21,3,2,3,4,4,20,14,3.6,3,0
1214,protect_s,symmetric,21,21,269,12.8095,7,69,9.8571,41,4,4,0,17,0,17,0,0,0,0,0,0,0,0,0,0,21,3,2,3,4,4,20,14,3.6,2,0
1215,unified,off,21,189,385,2.037,49,98,2.0,0,5,5,0,16,0,0,0,0,16,32,0,0,0,0,0,0,21,2,3,4,4,4,20,10,3.65,13,6
1215,protect_l,left,21,89,385,4.3258,24,98,4.0833,45,15,15,0,6,0,6,0,0,0,0,0,0,0,0,0,0,21,2,3,4,4,4,20,10,3.65,4,0
1215,protect_s,symmetric,21,25,385,15.4,8,98,12.25,47,5,5,0,16,0,16,0,0,0,0,0,0,0,0,0,0,21,2,3,4,4,4,20,10,3.65,1,0
1216,unified,off,21,205,281,1.3707,53,72,1.3585,0,20,20,0,0,1,1,0,0,0,8,0,0,0,0,1,0,20,2,2,3,4,4,20,14,3.75,17,11
1216,protect_l,left,21,93,281,3.0215,25,72,2.88,55,15,15,0,5,1,6,0,0,0,0,0,0,0,0,1,0,20,2,2,3,4,4,20,14,3.75,5,0
1216,protect_s,symmetric,21,25,281,11.24,8,72,9.0,57,5,5,0,15,1,16,0,0,0,0,0,0,0,0,1,0,20,2,2,3,4,4,20,14,3.75,1,0
1217,unified,off,21,157,277,1.7643,41,71,1.7317,0,15,15,0,3,3,6,0,0,0,9,0,0,0,0,3,0,18,3,2,2,4,4,20,12,4.35,14,6
1217,protect_l,left,21,85,277,3.2588,23,71,3.087,23,13,13,0,5,3,8,0,0,0,0,0,0,0,0,3,0,18,3,2,2,4,4,20,12,4.35,5,0
1217,protect_s,symmetric,21,13,277,21.3077,5,71,14.2,32,3,3,0,15,3,18,0,0,0,0,0,0,0,0,3,0,18,3,2,2,4,4,20,12,4.35,0,0
1218,unified,off,21,149,345,2.3154,39,88,2.2564,0,15,15,0,3,3,6,0,0,0,14,0,0,0,0,3,0,18,2,2,2,4,4,20,8,3.1,14,6
1218,protect_l,left,21,81,345,4.2593,22,88,4.0,27,15,15,0,3,3,6,0,0,0,0,0,0,0,0,3,0,18,2,2,2,4,4,20,8,3.1,6,0
1218,protect_s,symmetric,21,29,345,11.8966,9,88,9.7778,48,14,14,0,4,3,7,0,0,0,0,0,0,0,0,3,0,18,2,2,2,4,4,20,8,3.1,1,0
1219,unified,off,21,193,329,1.7047,50,84,1.68,0,4,4,0,17,0,0,0,0,17,34,0,0,0,0,0,0,21,1,2,3,4,4,20,9,4.0,14,6
1219,protect_l,left,21,69,329,4.7681,19,84,4.4211,30,5,5,0,16,0,16,0,0,0,0,0,0,0,0,0,0,21,1,2,3,4,4,20,9,4.0,3,0
1219,protect_s,symmetric,21,17,329,19.3529,6,84,14.0,37,5,5,0,16,0,16,0,0,0,0,0,0,0,0,0,0,21,1,2,3,4,4,20,9,4.0,1,0
1220,unified,off,21,269,341,1.2677,69,87,1.2609,0,21,21,0,0,0,0,0,0,0,0,0,0,0,0,0,0,21,1,3,3,4,4,20,6,3.85,17,5
1220,protect_l,left,21,145,341,2.3517,38,87,2.2895,48,21,21,0,0,0,0,0,0,0,0,0,0,0,0,0,0,21,1,3,3,4,4,20,6,3.85,11,0
1220,protect_s,symmetric,21,33,341,10.3333,10,87,8.7,53,11,11,0,10,0,10,0,0,0,0,0,0,0,0,0,0,21,1,3,3,4,4,20,6,3.85,5,0
1221,unified,off,21,261,277,1.0613,67,71,1.0597,0,21,21,0,0,0,0,0,0,0,0,0,0,0,0,0,0,21,1,4,4,4,4,20,7,3.7,16,6
1221,protect_l,left,21,113,277,2.4513,30,71,2.3667,44,18,18,0,3,0,3,0,0,0,0,0,0,0,0,0,0,21,1,4,4,4,4,20,7,3.7,7,0
1221,protect_s,symmetric,21,25,277,11.08,8,71,8.875,40,4,4,0,17,0,17,0,0,0,0,0,0,0,0,0,0,21,1,4,4,4,4,20,7,3.7,2,0
1223,unified,off,19,277,405,1.4621,71,103,1.4507,0,19,19,0,0,0,0,0,0,0,2,0,0,0,0,0,0,19,1,2,2,4,4,20,6,3.8,18,6
1223,protect_l,left,19,117,405,3.4615,31,103,3.3226,44,17,17,0,2,0,2,0,0,0,0,0,0,0,0,0,0,19,1,2,2,4,4,20,6,3.8,10,0
1223,protect_s,symmetric,19,25,405,16.2,8,103,12.875,42,10,10,0,9,0,9,0,0,0,0,0,0,0,0,0,0,19,1,2,2,4,4,20,6,3.8,3,0
1224,unified,off,21,241,353,1.4647,62,90,1.4516,0,13,13,0,5,3,3,0,0,5,14,0,0,0,0,3,0,18,3,2,3,4,4,20,15,3.8,15,10
1224,protect_l,left,21,109,353,3.2385,29,90,3.1034,39,14,14,0,4,3,7,0,0,0,0,0,0,0,0,3,0,18,3,2,3,4,4,20,15,3.8,3,0
1224,protect_s,symmetric,21,25,353,14.12,8,90,11.25,35,2,2,0,16,3,19,0,0,0,0,0,0,0,0,3,0,18,3,2,3,4,4,20,15,3.8,2,0
1225,unified,off,21,149,281,1.8859,39,72,1.8462,0,21,21,0,0,0,0,0,0,0,0,0,0,0,0,0,0,21,1,2,3,4,4,20,6,3.45,12,5
1225,protect_l,left,21,121,281,2.3223,32,72,2.25,50,21,21,0,0,0,0,0,0,0,0,0,0,0,0,0,0,21,1,2,3,4,4,20,6,3.45,9,0
1225,protect_s,symmetric,21,53,281,5.3019,15,72,4.8,66,17,17,0,4,0,4,0,0,0,0,0,0,0,0,0,0,21,1,2,3,4,4,20,6,3.45,5,0
1227,unified,off,21,201,273,1.3582,52,70,1.3462,0,19,19,0,2,0,2,0,0,0,16,0,0,0,0,0,0,21,1,2,4,4,4,20,10,4.1,17,7
1227,protect_l,left,21,61,273,4.4754,17,70,4.1176,37,9,9,0,12,0,12,0,0,0,0,0,0,0,0,0,0,21,1,2,4,4,4,20,10,4.1,5,0
1227,protect_s,symmetric,21,33,273,8.2727,10,70,7.0,34,7,7,0,14,0,14,0,0,0,0,0,0,0,0,0,0,21,1,2,4,4,4,20,10,4.1,3,0
1228,unified,off,21,129,105,0.814,34,28,0.8235,0,1,1,0,9,11,0,0,0,20,41,0,0,0,0,11,0,10,1,2,3,4,4,20,12,4.4,14,6
1228,protect_l,left,21,49,105,2.1429,14,28,2.0,30,9,9,0,1,11,12,0,0,0,0,0,0,0,0,11,0,10,1,2,3,4,4,20,12,4.4,6,0
1228,protect_s,symmetric,21,13,105,8.0769,5,28,5.6,29,3,3,0,7,11,18,0,0,0,0,0,0,0,0,11,0,10,1,2,3,4,4,20,12,4.4,0,0
1229,unified,off,19,125,241,1.928,33,62,1.8788,0,19,19,0,0,0,0,0,0,0,12,0,0,0,0,0,0,19,2,2,3,4,4,20,12,3.55,9,4
1229,protect_l,left,19,93,241,2.5914,25,62,2.48,42,19,19,0,0,0,0,0,0,0,0,0,0,0,0,0,0,19,2,2,3,4,4,20,12,3.55,4,0
1229,protect_s,symmetric,19,41,241,5.878,12,62,5.1667,43,4,4,0,15,0,15,0,0,0,0,0,0,0,0,0,0,19,2,2,3,4,4,20,12,3.55,5,0
1230,unified,off,20,349,577,1.6533,89,146,1.6404,0,19,19,0,0,1,1,0,0,0,15,0,0,0,0,1,0,19,2,2,4,4,4,20,10,3.8,19,10
1230,protect_l,left,20,161,577,3.5839,42,146,3.4762,54,9,9,0,10,1,11,0,0,0,0,0,0,0,0,1,0,19,2,2,4,4,4,20,10,3.8,9,0
1230,protect_s,symmetric,20,41,577,14.0732,12,146,12.1667,43,6,6,0,13,1,14,0,0,0,0,0,0,0,0,1,0,19,2,2,4,4,4,20,10,3.8,5,0
1233,unified,off,21,105,197,1.8762,28,51,1.8214,0,21,21,0,0,0,0,0,0,0,12,0,0,0,0,0,0,21,3,2,2,4,4,20,13,3.5,10,7
1233,protect_l,left,21,37,197,5.3243,11,51,4.6364,31,12,12,0,9,0,9,0,0,0,0,0,0,0,0,0,0,21,3,2,2,4,4,20,13,3.5,1,0
1233,protect_s,symmetric,21,25,197,7.88,8,51,6.375,50,10,10,0,11,0,11,0,0,0,0,0,0,0,0,0,0,21,3,2,2,4,4,20,13,3.5,1,0
1234,unified,off,21,89,105,1.1798,24,28,1.1667,0,21,21,0,0,0,0,0,0,0,8,0,0,0,0,0,0,21,1,2,3,4,4,20,7,4.0,9,2
1234,protect_l,left,21,61,105,1.7213,17,28,1.6471,32,21,21,0,0,0,0,0,0,0,0,0,0,0,0,0,0,21,1,2,3,4,4,20,7,4.0,5,0
1234,protect_s,symmetric,21,53,105,1.9811,15,28,1.8667,49,21,21,0,0,0,0,0,0,0,0,0,0,0,0,0,0,21,1,2,3,4,4,20,7,4.0,5,0
1235,unified,off,21,149,209,1.4027,39,54,1.3846,0,21,21,0,0,0,0,0,0,0,0,0,0,0,0,0,0,21,1,3,4,4,4,20,9,3.35,13,7
1235,protect_l,left,21,81,209,2.5802,22,54,2.4545,57,21,21,0,0,0,0,0,0,0,0,0,0,0,0,0,0,21,1,3,4,4,4,20,9,3.35,5,0
1235,protect_s,symmetric,21,49,209,4.2653,14,54,3.8571,58,7,7,0,14,0,14,0,0,0,0,0,0,0,0,0,0,21,1,3,4,4,4,20,9,3.35,3,0
1236,unified,off,21,169,241,1.426,44,62,1.4091,0,21,21,0,0,0,0,0,0,0,22,0,0,0,0,0,0,21,2,3,3,4,4,20,12,3.85,11,7
1236,protect_l,left,21,81,241,2.9753,22,62,2.8182,36,6,6,0,15,0,15,0,0,0,0,0,0,0,0,0,0,21,2,3,3,4,4,20,12,3.85,4,0
1236,protect_s,symmetric,21,17,241,14.1765,6,62,10.3333,32,2,2,0,19,0,19,0,0,0,0,0,0,0,0,0,0,21,2,3,3,4,4,20,12,3.85,1,0
1240,unified,off,21,137,213,1.5547,36,55,1.5278,0,6,6,0,15,0,0,0,0,15,37,0,0,0,0,0,0,21,3,2,3,4,4,20,13,3.7,7,6
1240,protect_l,left,21,101,213,2.1089,27,55,2.037,28,21,21,0,0,0,0,0,0,0,0,0,0,0,0,0,0,21,3,2,3,4,4,20,13,3.7,5,0
1240,protect_s,symmetric,21,37,213,5.7568,11,55,5.0,41,6,6,0,15,0,15,0,0,0,0,0,0,0,0,0,0,21,3,2,3,4,4,20,13,3.7,4,0
1241,unified,off,21,161,221,1.3727,42,57,1.3571,0,21,21,0,0,0,0,0,0,0,14,0,0,0,0,0,0,21,1,2,3,4,4,20,6,4.1,12,5
1241,protect_l,left,21,105,221,2.1048,28,57,2.0357,45,14,14,0,7,0,7,0,0,0,0,0,0,0,0,0,0,21,1,2,3,4,4,20,6,4.1,8,0
1241,protect_s,symmetric,21,17,221,13.0,6,57,9.5,28,7,7,0,14,0,14,0,0,0,0,0,0,0,0,0,0,21,1,2,3,4,4,20,6,4.1,1,0
1243,unified,off,21,217,321,1.4793,56,82,1.4643,0,12,12,0,5,4,9,0,0,0,9,0,0,0,0,4,0,17,1,3,4,4,4,20,9,3.65,14,4
1243,protect_l,left,21,141,321,2.2766,37,82,2.2162,61,16,16,0,1,4,5,0,0,0,0,0,0,0,0,4,0,17,1,3,4,4,4,20,9,3.65,11,0
1243,protect_s,symmetric,21,69,321,4.6522,19,82,4.3158,86,12,12,0,5,4,9,0,0,0,0,0,0,0,0,4,0,17,1,3,4,4,4,20,9,3.65,6,0
1244,unified,off,20,153,197,1.2876,40,51,1.275,0,20,20,0,0,0,0,0,0,0,4,0,0,0,0,0,0,20,1,3,4,4,4,20,6,3.35,14,4
1244,protect_l,left,20,85,197,2.3176,23,51,2.2174,46,13,13,0,7,0,7,0,0,0,0,0,0,0,0,0,0,20,1,3,4,4,4,20,6,3.35,9,0
1244,protect_s,symmetric,20,25,197,7.88,8,51,6.375,41,9,9,0,11,0,11,0,0,0,0,0,0,0,0,0,0,20,1,3,4,4,4,20,6,3.35,1,0
1245,unified,off,20,217,245,1.129,56,63,1.125,0,18,18,0,1,1,2,0,0,0,2,0,0,0,0,1,0,19,1,3,3,4,4,20,8,3.75,16,6
1245,protect_l,left,20,93,245,2.6344,25,63,2.52,50,15,15,0,4,1,5,0,0,0,0,0,0,0,0,1,0,19,1,3,3,4,4,20,8,3.75,9,0
1245,protect_s,symmetric,20,21,245,11.6667,7,63,9.0,45,7,7,0,12,1,13,0,0,0,0,0,0,0,0,1,0,19,1,3,3,4,4,20,8,3.75,2,0
1246,unified,off,21,273,333,1.2198,70,85,1.2143,0,2,2,0,19,0,0,0,0,19,40,0,0,0,0,0,0,21,2,2,3,4,4,20,11,3.4,15,9
1246,protect_l,left,21,133,333,2.5038,35,85,2.4286,64,16,16,0,5,0,5,0,0,0,0,0,0,0,0,0,0,21,2,2,3,4,4,20,11,3.4,6,0
1246,protect_s,symmetric,21,45,333,7.4,13,85,6.5385,71,11,11,0,10,0,10,0,0,0,0,0,0,0,0,0,0,21,2,2,3,4,4,20,11,3.4,3,0
1247,unified,off,20,193,401,2.0777,50,102,2.04,0,20,20,0,0,0,0,0,0,0,12,0,0,0,0,0,0,20,1,2,3,4,4,20,8,3.75,13,4
1247,protect_l,left,20,189,401,2.1217,49,102,2.0816,130,20,20,0,0,0,0,0,0,0,0,0,0,0,0,0,0,20,1,2,3,4,4,20,8,3.75,12,0
1247,protect_s,symmetric,20,85,401,4.7176,23,102,4.4348,105,12,12,0,8,0,8,0,0,0,0,0,0,0,0,0,0,20,1,2,3,4,4,20,8,3.75,5,0
1248,unified,off,19,125,233,1.864,33,60,1.8182,0,8,8,0,10,1,3,0,0,8,19,0,0,0,0,1,0,18,2,2,2,4,4,20,10,3.5,10,6
1248,protect_l,left,19,77,233,3.026,21,60,2.8571,28,16,16,0,2,1,3,0,0,0,0,0,0,0,0,1,0,18,2,2,2,4,4,20,10,3.5,4,0
1248,protect_s,symmetric,19,41,233,5.6829,12,60,5.0,44,12,12,0,6,1,7,0,0,0,0,0,0,0,0,1,0,18,2,2,2,4,4,20,10,3.5,4,0
1249,unified,off,21,161,233,1.4472,42,60,1.4286,0,21,21,0,0,0,0,0,0,0,0,0,0,0,0,0,0,21,1,2,3,4,4,20,5,3.85,13,2
1249,protect_l,left,21,121,233,1.9256,32,60,1.875,68,21,21,0,0,0,0,0,0,0,0,0,0,0,0,0,0,21,1,2,3,4,4,20,5,3.85,8,0
1249,protect_s,symmetric,21,57,233,4.0877,16,60,3.75,71,12,12,0,9,0,9,0,0,0,0,0,0,0,0,0,0,21,1,2,3,4,4,20,5,3.85,5,0
1251,unified,off,21,145,153,1.0552,38,40,1.0526,0,21,21,0,0,0,0,0,0,0,5,0,0,0,0,0,0,21,2,3,5,4,4,20,13,3.9,10,5
1251,protect_l,left,21,105,153,1.4571,28,40,1.4286,63,21,21,0,0,0,0,0,0,0,0,0,0,0,0,0,0,21,2,3,5,4,4,20,13,3.9,6,0
1251,protect_s,symmetric,21,61,153,2.5082,17,40,2.3529,66,6,6,0,15,0,15,0,0,0,0,0,0,0,0,0,0,21,2,3,5,4,4,20,13,3.9,4,0
1254,unified,off,21,241,309,1.2822,62,79,1.2742,0,21,21,0,0,0,0,0,0,0,0,0,0,0,0,0,0,21,2,2,2,4,4,20,12,3.7,14,9
1254,protect_l,left,21,85,309,3.6353,23,79,3.4348,37,20,20,0,1,0,1,0,0,0,0,0,0,0,0,0,0,21,2,2,2,4,4,20,12,3.7,4,0
1254,protect_s,symmetric,21,17,309,18.1765,6,79,13.1667,43,3,3,0,18,0,18,0,0,0,0,0,0,0,0,0,0,21,2,2,2,4,4,20,12,3.7,1,0
1255,unified,off,21,157,285,1.8153,41,73,1.7805,0,4,4,0,17,0,1,0,0,16,40,0,0,0,0,0,0,21,1,2,4,4,4,20,7,3.85,10,2
1255,protect_l,left,21,57,285,5.0,16,73,4.5625,67,16,16,0,5,0,5,0,0,0,0,0,0,0,0,0,0,21,1,2,4,4,4,20,7,3.85,4,0
1255,protect_s,symmetric,21,37,285,7.7027,11,73,6.6364,72,11,11,0,10,0,10,0,0,0,0,0,0,0,0,0,0,21,1,2,4,4,4,20,7,3.85,2,0
1256,unified,off,21,445,557,1.2517,113,141,1.2478,0,1,1,0,19,1,1,0,0,19,37,0,0,0,0,1,0,20,3,3,3,4,4,20,11,3.4,18,11
1256,protect_l,left,21,157,557,3.5478,41,141,3.439,42,2,2,0,18,1,19,0,0,0,0,0,0,0,0,1,0,20,3,3,3,4,4,20,11,3.4,5,0
1256,protect_s,symmetric,21,29,557,19.2069,9,141,15.6667,52,3,3,0,17,1,18,0,0,0,0,0,0,0,0,1,0,20,3,3,3,4,4,20,11,3.4,1,0
1257,unified,off,19,209,473,2.2632,54,120,2.2222,0,12,12,0,7,0,0,0,0,7,17,0,0,0,0,0,0,19,1,2,2,4,4,20,5,3.65,14,4
1257,protect_l,left,19,137,473,3.4526,36,120,3.3333,40,18,18,0,1,0,1,0,0,0,0,0,0,0,0,0,0,19,1,2,2,4,4,20,5,3.65,8,0
1257,protect_s,symmetric,19,57,473,8.2982,16,120,7.5,61,13,13,0,6,0,6,0,0,0,0,0,0,0,0,0,0,19,1,2,2,4,4,20,5,3.65,8,0
1259,unified,off,21,145,233,1.6069,38,60,1.5789,0,21,21,0,0,0,0,0,0,0,0,0,0,0,0,0,0,21,2,3,3,4,4,20,10,3.3,11,4
1259,protect_l,left,21,117,233,1.9915,31,60,1.9355,78,21,21,0,0,0,0,0,0,0,0,0,0,0,0,0,0,21,2,3,3,4,4,20,10,3.3,6,0
1259,protect_s,symmetric,21,45,233,5.1778,13,60,4.6154,80,6,6,0,15,0,15,0,0,0,0,0,0,0,0,0,0,21,2,3,3,4,4,20,10,3.3,4,0
1261,unified,off,20,141,197,1.3972,37,51,1.3784,0,9,9,0,4,7,11,0,0,0,7,0,0,0,0,7,0,13,1,2,2,4,4,20,8,3.85,14,4
1261,protect_l,left,20,93,197,2.1183,25,51,2.04,51,13,13,0,0,7,7,0,0,0,0,0,0,0,0,7,0,13,1,2,2,4,4,20,8,3.85,9,0
1261,protect_s,symmetric,20,41,197,4.8049,12,51,4.25,64,11,11,0,2,7,9,0,0,0,0,0,0,0,0,7,0,13,1,2,2,4,4,20,8,3.85,5,0
1262,unified,off,21,133,145,1.0902,35,38,1.0857,0,21,21,0,0,0,0,0,0,0,6,0,0,0,0,0,0,21,1,2,2,4,4,20,7,3.8,10,2
1262,protect_l,left,21,73,145,1.9863,20,38,1.9,51,15,15,0,6,0,6,0,0,0,0,0,0,0,0,0,0,21,1,2,2,4,4,20,7,3.8,7,0
1262,protect_s,symmetric,21,37,145,3.9189,11,38,3.4545,60,7,7,0,14,0,14,0,0,0,0,0,0,0,0,0,0,21,1,2,2,4,4,20,7,3.8,4,0
1263,unified,off,21,97,153,1.5773,26,40,1.5385,0,7,7,0,14,0,0,0,0,14,28,0,0,0,0,0,0,21,1,2,2,4,4,20,7,3.65,12,5
1263,protect_l,left,21,53,153,2.8868,15,40,2.6667,41,17,17,0,4,0,4,0,0,0,0,0,0,0,0,0,0,21,1,2,2,4,4,20,7,3.65,6,0
1263,protect_s,symmetric,21,65,153,2.3538,18,40,2.2222,92,15,15,0,6,0,6,0,0,0,0,0,0,0,0,0,0,21,1,2,2,4,4,20,7,3.65,5,0
1264,unified,off,21,337,365,1.0831,86,93,1.0814,0,1,1,0,18,2,2,0,0,18,38,0,0,0,0,2,0,19,2,3,3,4,4,20,11,3.7,16,7
1264,protect_l,left,21,101,365,3.6139,27,93,3.4444,41,9,9,0,10,2,12,0,0,0,0,0,0,0,0,2,0,19,2,3,3,4,4,20,11,3.7,3,0
1264,protect_s,symmetric,21,17,365,21.4706,6,93,15.5,40,3,3,0,16,2,18,0,0,0,0,0,0,0,0,2,0,19,2,3,3,4,4,20,11,3.7,1,0
1265,unified,off,21,101,49,0.4851,27,14,0.5185,0,21,21,0,0,0,0,0,0,0,3,0,0,0,0,0,0,21,1,2,2,4,4,20,10,4.45,11,6
1265,protect_l,left,21,69,49,0.7101,19,14,0.7368,27,21,21,0,0,0,0,0,0,0,0,0,0,0,0,0,0,21,1,2,2,4,4,20,10,4.45,5,0
1265,protect_s,symmetric,21,41,49,1.1951,12,14,1.1667,31,21,21,0,0,0,0,0,0,0,0,0,0,0,0,0,0,21,1,2,2,4,4,20,10,4.45,3,0
1267,unified,off,19,161,161,1.0,42,42,1.0,0,17,17,0,0,2,2,0,0,0,2,0,0,0,0,2,0,17,4,2,3,4,4,20,17,3.65,12,9
1267,protect_l,left,19,65,161,2.4769,18,42,2.3333,50,17,17,0,0,2,2,0,0,0,0,0,0,0,0,2,0,17,4,2,3,4,4,20,17,3.65,3,0
1267,protect_s,symmetric,19,33,161,4.8788,10,42,4.2,51,6,6,0,11,2,13,0,0,0,0,0,0,0,0,2,0,17,4,2,3,4,4,20,17,3.65,1,0
1268,unified,off,21,181,221,1.221,47,57,1.2128,0,11,11,0,10,0,0,0,0,10,23,0,0,0,0,0,0,21,1,3,4,4,4,20,8,3.85,17,7
1268,protect_l,left,21,89,221,2.4831,24,57,2.375,49,21,21,0,0,0,0,0,0,0,0,0,0,0,0,0,0,21,1,3,4,4,4,20,8,3.85,8,0
1268,protect_s,symmetric,21,45,221,4.9111,13,57,4.3846,73,12,12,0,9,0,9,0,0,0,0,0,0,0,0,0,0,21,1,3,4,4,4,20,8,3.85,4,0
1269,unified,off,21,257,333,1.2957,66,85,1.2879,0,21,21,0,0,0,0,0,0,0,5,0,0,0,0,0,0,21,2,2,3,4,4,20,10,3.75,18,9
1269,protect_l,left,21,161,333,2.0683,42,85,2.0238,84,21,21,0,0,0,0,0,0,0,0,0,0,0,0,0,0,21,2,2,3,4,4,20,10,3.75,8,0
1269,protect_s,symmetric,21,41,333,8.122,12,85,7.0833,70,6,6,0,15,0,15,0,0,0,0,0,0,0,0,0,0,21,2,2,3,4,4,20,10,3.75,4,0
1271,unified,off,21,221,341,1.543,57,87,1.5263,0,3,3,0,18,0,0,16,0,2,53,0,0,0,0,0,0,21,2,4,4,4,4,20,13,3.9,15,9
1271,protect_l,left,21,97,341,3.5155,26,87,3.3462,51,14,14,0,7,0,7,0,0,0,0,0,0,0,0,0,0,21,2,4,4,4,4,20,13,3.9,6,0
1271,protect_s,symmetric,21,21,341,16.2381,7,87,12.4286,36,2,2,0,19,0,19,0,0,0,0,0,0,0,0,0,0,21,2,4,4,4,4,20,13,3.9,2,0
1272,unified,off,21,117,125,1.0684,31,33,1.0645,0,21,21,0,0,0,0,0,0,0,0,0,0,0,0,0,0,21,1,3,4,4,4,20,8,3.95,11,4
1272,protect_l,left,21,69,125,1.8116,19,33,1.7368,26,21,21,0,0,0,0,0,0,0,0,0,0,0,0,0,0,21,1,3,4,4,4,20,8,3.95,5,0
1272,protect_s,symmetric,21,33,125,3.7879,10,33,3.3,34,21,21,0,0,0,0,0,0,0,0,0,0,0,0,0,0,21,1,3,4,4,4,20,8,3.95,1,0
1273,unified,off,21,193,365,1.8912,50,93,1.86,0,21,21,0,0,0,0,0,0,0,3,0,0,0,0,0,0,21,1,2,3,4,4,20,8,3.95,13,5
1273,protect_l,left,21,105,365,3.4762,28,93,3.3214,66,21,21,0,0,0,0,0,0,0,0,0,0,0,0,0,0,21,1,2,3,4,4,20,8,3.95,6,0
1273,protect_s,symmetric,21,57,365,6.4035,16,93,5.8125,77,14,14,0,7,0,7,0,0,0,0,0,0,0,0,0,0,21,1,2,3,4,4,20,8,3.95,4,0
1274,unified,off,21,189,189,1.0,49,49,1.0,0,2,2,0,19,0,0,0,0,19,41,0,0,0,0,0,0,21,1,3,5,4,4,20,8,4.1,14,6
1274,protect_l,left,21,101,189,1.8713,27,49,1.8148,56,13,13,0,8,0,8,0,0,0,0,0,0,0,0,0,0,21,1,3,5,4,4,20,8,4.1,6,0
1274,protect_s,symmetric,21,25,189,7.56,8,49,6.125,43,4,4,0,17,0,17,0,0,0,0,0,0,0,0,0,0,21,1,3,5,4,4,20,8,4.1,2,0
1276,unified,off,20,125,197,1.576,33,51,1.5455,0,20,20,0,0,0,0,0,0,0,12,0,0,0,0,0,0,20,1,3,5,4,4,20,7,3.35,14,5
1276,protect_l,left,20,49,197,4.0204,14,51,3.6429,29,6,6,0,14,0,14,0,0,0,0,0,0,0,0,0,0,20,1,3,5,4,4,20,7,3.35,7,0
1276,protect_s,symmetric,20,21,197,9.381,7,51,7.2857,39,3,3,0,17,0,17,0,0,0,0,0,0,0,0,0,0,20,1,3,5,4,4,20,7,3.35,2,0
