subset_prune,problem_id,pool_size,arm,nodes,expansions,solved,both,arm_only,ref_only,neither,false_success,violations
True,3,21,scoped_off,112,29,8,8,0,2,11,8,0
True,3,21,global_off,20,6,6,6,0,4,11,3,0
True,3,21,scoped_left,84,22,9,9,0,1,11,0,0
True,3,21,global_left,84,22,9,9,0,1,11,0,0
True,4,20,scoped_off,88,23,14,14,0,0,6,3,0
True,4,20,global_off,28,8,9,9,0,5,6,0,0
True,4,20,scoped_left,76,20,14,14,0,0,6,0,0
True,4,20,global_left,48,13,14,14,0,0,6,0,0
True,5,21,scoped_off,272,69,18,18,0,0,3,1,0
True,5,21,global_off,52,14,5,5,0,13,3,1,0
True,5,21,scoped_left,128,33,17,17,0,1,3,0,0
True,5,21,global_left,128,33,17,17,0,1,3,0,0
True,6,21,scoped_off,104,27,8,8,0,13,0,29,13
True,6,21,global_off,44,12,11,11,0,10,0,14,7
True,6,21,scoped_left,104,27,21,21,0,0,0,0,0
True,6,21,global_left,68,18,21,21,0,0,0,0,0
True,7,20,scoped_off,232,59,20,20,0,0,0,0,0
True,7,20,global_off,64,17,4,4,0,16,0,24,12
True,7,20,scoped_left,172,44,20,20,0,0,0,0,0
True,7,20,global_left,132,34,20,20,0,0,0,0,0
True,8,21,scoped_off,116,30,21,21,0,0,0,2,0
True,8,21,global_off,48,13,20,20,0,1,0,0,0
True,8,21,scoped_left,68,18,20,20,0,1,0,0,0
True,8,21,global_left,60,16,20,20,0,1,0,0,0
True,9,21,scoped_off,228,58,21,21,0,0,0,0,0
True,9,21,global_off,60,16,8,8,0,13,0,0,0
True,9,21,scoped_left,184,47,21,21,0,0,0,0,0
True,9,21,global_left,148,38,21,21,0,0,0,0,0
True,10,21,scoped_off,80,21,21,21,0,0,0,0,0
True,10,21,global_off,28,8,20,20,0,1,0,0,0
True,10,21,scoped_left,64,17,21,21,0,0,0,0,0
True,10,21,global_left,48,13,21,21,0,0,0,0,0
True,12,20,scoped_off,124,32,5,5,0,14,1,27,14
True,12,20,global_off,44,12,5,5,0,14,1,17,9
True,12,20,scoped_left,88,23,18,18,0,1,1,0,0
True,12,20,global_left,72,19,18,18,0,1,1,0,0
True,13,21,scoped_off,168,43,21,21,0,0,0,5,0
True,13,21,global_off,32,9,7,7,0,14,0,0,0
True,13,21,scoped_left,176,45,21,21,0,0,0,0,0
True,13,21,global_left,88,23,21,21,0,0,0,0,0
True,14,21,scoped_off,152,39,4,4,0,17,0,41,17
True,14,21,global_off,56,15,17,17,0,4,0,13,0
True,14,21,scoped_left,88,23,21,21,0,0,0,0,0
True,14,21,global_left,76,20,21,21,0,0,0,0,0
True,15,21,scoped_off,148,38,21,21,0,0,0,3,0
True,15,21,global_off,20,6,8,8,0,13,0,0,0
True,15,21,scoped_left,80,21,17,17,0,4,0,0,0
True,15,21,global_left,52,14,17,17,0,4,0,0,0
True,17,21,scoped_off,148,38,3,3,0,18,0,36,18
True,17,21,global_off,32,9,12,12,0,9,0,0,0
True,17,21,scoped_left,84,22,21,21,0,0,0,0,0
True,17,21,global_left,72,19,21,21,0,0,0,0,0
True,19,21,scoped_off,108,28,21,21,0,0,0,10,0
True,19,21,global_off,32,9,7,7,0,14,0,0,0
True,19,21,scoped_left,88,23,21,21,0,0,0,0,0
True,19,21,global_left,64,17,21,21,0,0,0,0,0
True,20,21,scoped_off,112,29,20,20,0,0,1,3,0
True,20,21,global_off,28,8,5,5,0,15,1,5,0
True,20,21,scoped_left,80,21,20,20,0,0,1,0,0
True,20,21,global_left,76,20,20,20,0,0,1,0,0
True,21,21,scoped_off,184,47,21,21,0,0,0,13,0
True,21,21,global_off,68,18,12,12,0,9,0,3,0
True,21,21,scoped_left,96,25,21,21,0,0,0,0,0
True,21,21,global_left,92,24,21,21,0,0,0,0,0
True,22,21,scoped_off,132,34,3,3,0,1,17,1,0
True,22,21,global_off,76,20,1,1,0,3,17,1,0
True,22,21,scoped_left,28,8,4,4,0,0,17,0,0
True,22,21,global_left,24,7,4,4,0,0,17,0,0
True,23,21,scoped_off,40,11,21,21,0,0,0,0,0
True,23,21,global_off,12,4,15,15,0,6,0,0,0
True,23,21,scoped_left,36,10,21,21,0,0,0,0,0
True,23,21,global_left,32,9,21,21,0,0,0,0,0
True,24,21,scoped_off,104,27,21,21,0,0,0,4,0
True,24,21,global_off,44,12,20,20,0,1,0,4,0
True,24,21,scoped_left,88,23,21,21,0,0,0,0,0
True,24,21,global_left,72,19,21,21,0,0,0,0,0
True,25,21,scoped_off,100,26,3,3,0,18,0,39,18
True,25,21,global_off,36,10,5,5,0,16,0,4,0
True,25,21,scoped_left,84,22,21,21,0,0,0,0,0
True,25,21,global_left,68,18,21,21,0,0,0,0,0
True,26,21,scoped_off,124,32,21,21,0,0,0,0,0
True,26,21,global_off,24,7,17,17,0,4,0,0,0
True,26,21,scoped_left,100,26,21,21,0,0,0,0,0
True,26,21,global_left,48,13,21,21,0,0,0,0,0
True,27,21,scoped_off,120,31,21,21,0,0,0,1,0
True,27,21,global_off,20,6,15,15,0,6,0,0,0
True,27,21,scoped_left,108,28,21,21,0,0,0,0,0
True,27,21,global_left,72,19,21,21,0,0,0,0,0
True,28,21,scoped_off,200,51,21,21,0,0,0,5,0
True,28,21,global_off,68,18,8,8,0,13,0,0,0
True,28,21,scoped_left,92,24,21,21,0,0,0,0,0
True,28,21,global_left,88,23,21,21,0,0,0,0,0
True,29,21,scoped_off,244,62,21,21,0,0,0,0,0
True,29,21,global_off,48,13,19,19,0,2,0,0,0
True,29,21,scoped_left,180,46,21,21,0,0,0,0,0
True,29,21,global_left,108,28,21,21,0,0,0,0,0
True,31,21,scoped_off,136,35,21,21,0,0,0,2,0
True,31,21,global_off,40,11,12,12,0,9,0,1,0
True,31,21,scoped_left,124,32,21,21,0,0,0,0,0
True,31,21,global_left,80,21,21,21,0,0,0,0,0
True,32,21,scoped_off,124,32,1,1,0,20,0,41,20
True,32,21,global_off,44,12,2,2,0,19,0,3,0
True,32,21,scoped_left,56,15,3,3,0,18,0,0,0
True,32,21,global_left,48,13,3,3,0,18,0,0,0
True,34,21,scoped_off,68,18,2,2,0,19,0,37,19
True,34,21,global_off,28,8,18,18,0,3,0,0,0
True,34,21,scoped_left,56,15,21,21,0,0,0,0,0
True,34,21,global_left,44,12,21,21,0,0,0,0,0
True,35,20,scoped_off,172,44,20,20,0,0,0,0,0
True,35,20,global_off,40,11,3,3,0,17,0,0,0
True,35,20,scoped_left,88,23,20,20,0,0,0,0,0
True,35,20,global_left,76,20,20,20,0,0,0,0,0
True,38,21,scoped_off,96,25,20,20,0,0,1,2,0
True,38,21,global_off,28,8,16,16,0,4,1,0,0
True,38,21,scoped_left,76,20,20,20,0,0,1,0,0
True,38,21,global_left,60,16,20,20,0,0,1,0,0
True,39,20,scoped_off,60,16,20,20,0,0,0,0,0
True,39,20,global_off,16,5,13,13,0,7,0,0,0
True,39,20,scoped_left,28,8,20,20,0,0,0,0,0
True,39,20,global_left,20,6,20,20,0,0,0,0,0
True,41,21,scoped_off,160,41,21,21,0,0,0,17,0
True,41,21,global_off,72,19,19,19,0,2,0,9,0
True,41,21,scoped_left,88,23,21,21,0,0,0,0,0
True,41,21,global_left,88,23,21,21,0,0,0,0,0
True,42,20,scoped_off,140,36,20,20,0,0,0,0,0
True,42,20,global_off,20,6,18,18,0,2,0,0,0
True,42,20,scoped_left,120,31,20,20,0,0,0,0,0
True,42,20,global_left,76,20,20,20,0,0,0,0,0
True,43,20,scoped_off,208,53,18,18,0,0,2,0,0
True,43,20,global_off,60,16,10,10,0,8,2,0,0
True,43,20,scoped_left,100,26,18,18,0,0,2,0,0
True,43,20,global_left,100,26,18,18,0,0,2,0,0
True,44,20,scoped_off,180,46,4,4,0,15,1,30,15
True,44,20,global_off,36,10,14,14,0,5,1,0,0
True,44,20,scoped_left,76,20,19,19,0,0,1,0,0
True,44,20,global_left,64,17,19,19,0,0,1,0,0
True,46,21,scoped_off,52,14,21,21,0,0,0,1,0
True,46,21,global_off,32,9,20,20,0,1,0,1,0
True,46,21,scoped_left,44,12,21,21,0,0,0,0,0
True,46,21,global_left,36,10,21,21,0,0,0,0,0
True,47,21,scoped_off,204,52,20,20,0,0,1,0,0
True,47,21,global_off,52,14,9,9,0,11,1,0,0
True,47,21,scoped_left,116,30,20,20,0,0,1,0,0
True,47,21,global_left,88,23,20,20,0,0,1,0,0
True,48,21,scoped_off,68,18,21,21,0,0,0,0,0
True,48,21,global_off,12,4,21,21,0,0,0,0,0
True,48,21,scoped_left,64,17,21,21,0,0,0,0,0
True,48,21,global_left,28,8,21,21,0,0,0,0,0
True,49,21,scoped_off,232,59,20,20,0,0,1,2,0
True,49,21,global_off,64,17,8,8,0,12,1,2,0
True,49,21,scoped_left,160,41,19,19,0,1,1,0,0
True,49,21,global_left,140,36,19,19,0,1,1,0,0
True,50,21,scoped_off,224,57,19,19,0,0,2,4,0
True,50,21,global_off,48,13,4,4,0,15,2,0,0
True,50,21,scoped_left,140,36,15,15,0,4,2,0,0
True,50,21,global_left,140,36,15,15,0,4,2,0,0
True,51,21,scoped_off,260,66,5,5,0,15,1,40,15
True,51,21,global_off,40,11,4,4,0,16,1,0,0
True,51,21,scoped_left,116,30,20,20,0,0,1,0,0
True,51,21,global_left,108,28,20,20,0,0,1,0,0
True,52,21,scoped_off,156,40,21,21,0,0,0,0,0
True,52,21,global_off,16,5,12,12,0,9,0,0,0
True,52,21,scoped_left,120,31,21,21,0,0,0,0,0
True,52,21,global_left,72,19,21,21,0,0,0,0,0
True,53,21,scoped_off,132,34,21,21,0,0,0,6,0
True,53,21,global_off,28,8,11,11,0,10,0,4,0
True,53,21,scoped_left,104,27,19,19,0,2,0,0,0
True,53,21,global_left,52,14,19,19,0,2,0,0,0
True,54,21,scoped_off,248,63,11,11,0,9,1,18,9
True,54,21,global_off,32,9,5,5,0,15,1,0,0
True,54,21,scoped_left,120,31,18,18,0,2,1,0,0
True,54,21,global_left,76,20,18,18,0,2,1,0,0
True,55,21,scoped_off,88,23,21,21,0,0,0,4,0
True,55,21,global_off,28,8,4,4,0,17,0,37,16
True,55,21,scoped_left,124,32,21,21,0,0,0,0,0
True,55,21,global_left,100,26,21,21,0,0,0,0,0
True,56,21,scoped_off,168,43,16,16,0,1,4,0,0
True,56,21,global_off,48,13,14,14,0,3,4,13,0
True,56,21,scoped_left,96,25,16,16,0,1,4,0,0
True,56,21,global_left,80,21,16,16,0,1,4,0,0
True,57,21,scoped_off,124,32,21,21,0,0,0,0,0
True,57,21,global_off,56,15,20,20,0,1,0,0,0
True,57,21,scoped_left,112,29,21,21,0,0,0,0,0
True,57,21,global_left,80,21,21,21,0,0,0,0,0
True,58,21,scoped_off,120,31,21,21,0,0,0,3,0
True,58,21,global_off,32,9,19,19,0,2,0,0,0
True,58,21,scoped_left,100,26,21,21,0,0,0,0,0
True,58,21,global_left,56,15,21,21,0,0,0,0,0
True,59,21,scoped_off,60,16,21,21,0,0,0,0,0
True,59,21,global_off,20,6,17,17,0,4,0,0,0
True,59,21,scoped_left,60,16,21,21,0,0,0,0,0
True,59,21,global_left,24,7,21,21,0,0,0,0,0
True,60,21,scoped_off,60,16,21,21,0,0,0,3,0
True,60,21,global_off,24,7,1,1,0,20,0,8,0
True,60,21,scoped_left,36,10,19,19,0,2,0,0,0
True,60,21,global_left,32,9,19,19,0,2,0,0,0
True,61,21,scoped_off,164,42,21,21,0,0,0,0,0
True,61,21,global_off,52,14,18,18,0,3,0,0,0
True,61,21,scoped_left,84,22,18,18,0,3,0,0,0
True,61,21,global_left,68,18,18,18,0,3,0,0,0
True,62,21,scoped_off,164,42,3,3,0,17,1,37,17
True,62,21,global_off,44,12,4,4,0,16,1,4,0
True,62,21,scoped_left,108,28,20,20,0,0,1,0,0
True,62,21,global_left,92,24,20,20,0,0,1,0,0
True,63,21,scoped_off,224,57,21,21,0,0,0,0,0
True,63,21,global_off,48,13,7,7,0,14,0,28,12
True,63,21,scoped_left,148,38,21,21,0,0,0,0,0
True,63,21,global_left,108,28,21,21,0,0,0,0,0
True,64,21,scoped_off,116,30,21,21,0,0,0,0,0
True,64,21,global_off,48,13,13,13,0,8,0,18,8
True,64,21,scoped_left,120,31,21,21,0,0,0,0,0
True,64,21,global_left,72,19,21,21,0,0,0,0,0
True,65,21,scoped_off,180,46,21,21,0,0,0,0,0
True,65,21,global_off,56,15,21,21,0,0,0,0,0
True,65,21,scoped_left,108,28,21,21,0,0,0,0,0
True,65,21,global_left,96,25,21,21,0,0,0,0,0
True,67,21,scoped_off,52,14,21,21,0,0,0,11,0
True,67,21,global_off,12,4,20,20,0,1,0,0,0
True,67,21,scoped_left,24,7,21,21,0,0,0,0,0
True,67,21,global_left,20,6,21,21,0,0,0,0,0
True,68,21,scoped_off,228,58,21,21,0,0,0,0,0
True,68,21,global_off,60,16,5,5,0,16,0,0,0
True,68,21,scoped_left,168,43,21,21,0,0,0,0,0
True,68,21,global_left,144,37,21,21,0,0,0,0,0
True,69,21,scoped_off,176,45,3,3,0,12,6,23,12
True,69,21,global_off,56,15,3,3,0,12,6,4,0
True,69,21,scoped_left,84,22,5,5,0,10,6,0,0
True,69,21,global_left,80,21,5,5,0,10,6,0,0
True,71,21,scoped_off,56,15,21,21,0,0,0,2,0
True,71,21,global_off,20,6,19,19,0,2,0,1,0
True,71,21,scoped_left,44,12,21,21,0,0,0,0,0
True,71,21,global_left,32,9,21,21,0,0,0,0,0
True,73,21,scoped_off,152,39,21,21,0,0,0,0,0
True,73,21,global_off,92,24,17,17,0,4,0,0,0
True,73,21,scoped_left,120,31,21,21,0,0,0,0,0
True,73,21,global_left,100,26,21,21,0,0,0,0,0
True,74,21,scoped_off,112,29,21,21,0,0,0,0,0
True,74,21,global_off,20,6,5,5,0,16,0,0,0
True,74,21,scoped_left,72,19,21,21,0,0,0,0,0
True,74,21,global_left,68,18,21,21,0,0,0,0,0
True,75,21,scoped_off,160,41,15,15,0,4,2,16,4
True,75,21,global_off,44,12,16,16,0,3,2,0,0
True,75,21,scoped_left,128,33,17,17,0,2,2,0,0
True,75,21,global_left,88,23,17,17,0,2,2,0,0
True,76,20,scoped_off,128,33,20,20,0,0,0,8,0
True,76,20,global_off,32,9,17,17,0,3,0,0,0
True,76,20,scoped_left,80,21,20,20,0,0,0,0,0
True,76,20,global_left,60,16,20,20,0,0,0,0,0
True,77,20,scoped_off,76,20,20,20,0,0,0,0,0
True,77,20,global_off,24,7,8,8,0,12,0,0,0
True,77,20,scoped_left,60,16,20,20,0,0,0,0,0
True,77,20,global_left,44,12,20,20,0,0,0,0,0
True,78,21,scoped_off,144,37,21,21,0,0,0,8,0
True,78,21,global_off,76,20,16,16,0,5,0,10,0
True,78,21,scoped_left,92,24,17,17,0,4,0,0,0
True,78,21,global_left,84,22,17,17,0,4,0,0,0
True,80,21,scoped_off,132,34,21,21,0,0,0,0,0
True,80,21,global_off,36,10,14,14,0,7,0,0,0
True,80,21,scoped_left,88,23,21,21,0,0,0,0,0
True,80,21,global_left,60,16,21,21,0,0,0,0,0
True,81,21,scoped_off,76,20,21,21,0,0,0,0,0
True,81,21,global_off,16,5,17,17,0,4,0,0,0
True,81,21,scoped_left,68,18,21,21,0,0,0,0,0
True,81,21,global_left,36,10,21,21,0,0,0,0,0
True,83,21,scoped_off,212,54,5,5,0,15,1,29,15
True,83,21,global_off,44,12,8,8,0,12,1,13,7
True,83,21,scoped_left,64,17,16,16,0,4,1,0,0
True,83,21,global_left,64,17,16,16,0,4,1,0,0
True,84,21,scoped_off,148,38,12,12,0,9,0,17,9
True,84,21,global_off,60,16,3,3,0,18,0,12,0
True,84,21,scoped_left,84,22,13,13,0,8,0,0,0
True,84,21,global_left,68,18,13,13,0,8,0,0,0
True,85,21,scoped_off,144,37,21,21,0,0,0,0,0
True,85,21,global_off,40,11,21,21,0,0,0,3,0
True,85,21,scoped_left,104,27,21,21,0,0,0,0,0
True,85,21,global_left,68,18,21,21,0,0,0,0,0
True,86,21,scoped_off,104,27,17,17,0,4,0,8,4
True,86,21,global_off,20,6,11,11,0,10,0,0,0
True,86,21,scoped_left,108,28,19,19,0,2,0,0,0
True,86,21,global_left,68,18,19,19,0,2,0,0,0
True,87,21,scoped_off,144,37,21,21,0,0,0,0,0
True,87,21,global_off,24,7,8,8,0,13,0,0,0
True,87,21,scoped_left,108,28,21,21,0,0,0,0,0
True,87,21,global_left,108,28,21,21,0,0,0,0,0
True,88,21,scoped_off,176,45,20,20,0,0,1,0,0
True,88,21,global_off,36,10,12,12,0,8,1,15,6
True,88,21,scoped_left,136,35,19,19,0,1,1,0,0
True,88,21,global_left,72,19,19,19,0,1,1,0,0
True,89,21,scoped_off,156,40,6,6,0,15,0,44,0
True,89,21,global_off,60,16,8,8,0,13,0,4,0
True,89,21,scoped_left,84,22,17,17,0,4,0,0,0
True,89,21,global_left,84,22,17,17,0,4,0,0,0
True,91,21,scoped_off,128,33,21,21,0,0,0,2,0
True,91,21,global_off,32,9,5,5,0,16,0,0,0
True,91,21,scoped_left,76,20,21,21,0,0,0,0,0
True,91,21,global_left,52,14,21,21,0,0,0,0,0
True,93,20,scoped_off,156,40,18,18,0,0,2,0,0
True,93,20,global_off,52,14,11,11,0,7,2,1,0
True,93,20,scoped_left,88,23,18,18,0,0,2,0,0
True,93,20,global_left,80,21,18,18,0,0,2,0,0
True,94,20,scoped_off,92,24,19,19,0,0,1,0,0
True,94,20,global_off,36,10,9,9,0,10,1,6,0
True,94,20,scoped_left,108,28,19,19,0,0,1,0,0
True,94,20,global_left,72,19,19,19,0,0,1,0,0
True,96,21,scoped_off,128,33,21,21,0,0,0,24,0
True,96,21,global_off,44,12,11,11,0,10,0,0,0
True,96,21,scoped_left,80,21,18,18,0,3,0,0,0
True,96,21,global_left,64,17,18,18,0,3,0,0,0
True,98,21,scoped_off,208,53,21,21,0,0,0,0,0
True,98,21,global_off,36,10,6,6,0,15,0,9,5
True,98,21,scoped_left,200,51,21,21,0,0,0,0,0
True,98,21,global_left,100,26,21,21,0,0,0,0,0
True,99,21,scoped_off,144,37,21,21,0,0,0,7,0
True,99,21,global_off,76,20,19,19,0,2,0,18,0
True,99,21,scoped_left,88,23,19,19,0,2,0,0,0
True,99,21,global_left,84,22,19,19,0,2,0,0,0
True,100,21,scoped_off,112,29,19,19,0,0,2,0,0
True,100,21,global_off,28,8,18,18,0,1,2,1,0
True,100,21,scoped_left,84,22,19,19,0,0,2,0,0
True,100,21,global_left,56,15,19,19,0,0,2,0,0
True,101,21,scoped_off,152,39,21,21,0,0,0,11,0
True,101,21,global_off,56,15,21,21,0,0,0,5,0
True,101,21,scoped_left,116,30,21,21,0,0,0,0,0
True,101,21,global_left,112,29,21,21,0,0,0,0,0
True,102,21,scoped_off,92,24,10,10,0,0,11,0,0
True,102,21,global_off,36,10,7,7,0,3,11,3,0
True,102,21,scoped_left,72,19,10,10,0,0,11,0,0
True,102,21,global_left,52,14,10,10,0,0,11,0,0
True,104,20,scoped_off,164,42,20,20,0,0,0,9,0
True,104,20,global_off,48,13,9,9,0,11,0,1,0
True,104,20,scoped_left,92,24,17,17,0,3,0,0,0
True,104,20,global_left,88,23,17,17,0,3,0,0,0
True,105,21,scoped_off,172,44,17,17,0,3,1,0,0
True,105,21,global_off,32,9,5,5,0,15,1,0,0
True,105,21,scoped_left,144,37,17,17,0,3,1,0,0
True,105,21,global_left,76,20,17,17,0,3,1,0,0
True,106,21,scoped_off,64,17,21,21,0,0,0,0,0
True,106,21,global_off,12,4,10,10,0,11,0,0,0
True,106,21,scoped_left,60,16,21,21,0,0,0,0,0
True,106,21,global_left,36,10,21,21,0,0,0,0,0
True,107,21,scoped_off,144,37,21,21,0,0,0,0,0
True,107,21,global_off,28,8,12,12,0,9,0,4,0
True,107,21,scoped_left,104,27,21,21,0,0,0,0,0
True,107,21,global_left,104,27,21,21,0,0,0,0,0
True,108,21,scoped_off,128,33,21,21,0,0,0,16,0
True,108,21,global_off,20,6,6,6,0,15,0,0,0
True,108,21,scoped_left,96,25,21,21,0,0,0,0,0
True,108,21,global_left,52,14,21,21,0,0,0,0,0
True,109,21,scoped_off,72,19,21,21,0,0,0,0,0
True,109,21,global_off,12,4,6,6,0,15,0,0,0
True,109,21,scoped_left,64,17,21,21,0,0,0,0,0
True,109,21,global_left,32,9,21,21,0,0,0,0,0
True,113,21,scoped_off,124,32,21,21,0,0,0,1,0
True,113,21,global_off,56,15,16,16,0,5,0,2,0
True,113,21,scoped_left,84,22,21,21,0,0,0,0,0
True,113,21,global_left,76,20,21,21,0,0,0,0,0
True,114,21,scoped_off,64,17,21,21,0,0,0,23,0
True,114,21,global_off,24,7,14,14,0,7,0,8,0
True,114,21,scoped_left,44,12,17,17,0,4,0,0,0
True,114,21,global_left,44,12,17,17,0,4,0,0,0
True,115,21,scoped_off,84,22,13,13,0,0,8,0,0
True,115,21,global_off,44,12,13,13,0,0,8,2,0
True,115,21,scoped_left,48,13,13,13,0,0,8,0,0
True,115,21,global_left,40,11,13,13,0,0,8,0,0
True,116,20,scoped_off,92,24,20,20,0,0,0,0,0
True,116,20,global_off,36,10,8,8,0,12,0,19,9
True,116,20,scoped_left,76,20,20,20,0,0,0,0,0
True,116,20,global_left,60,16,20,20,0,0,0,0,0
True,117,21,scoped_off,192,49,20,20,0,0,1,0,0
True,117,21,global_off,60,16,12,12,0,8,1,0,0
True,117,21,scoped_left,104,27,20,20,0,0,1,0,0
True,117,21,global_left,84,22,20,20,0,0,1,0,0
True,118,21,scoped_off,144,37,21,21,0,0,0,0,0
True,118,21,global_off,32,9,9,9,0,12,0,0,0
True,118,21,scoped_left,104,27,21,21,0,0,0,0,0
True,118,21,global_left,56,15,21,21,0,0,0,0,0
True,119,21,scoped_off,100,26,20,20,0,0,1,0,0
True,119,21,global_off,40,11,19,19,0,1,1,2,0
True,119,21,scoped_left,120,31,20,20,0,0,1,0,0
True,119,21,global_left,84,22,20,20,0,0,1,0,0
True,120,21,scoped_off,188,48,21,21,0,0,0,0,0
True,120,21,global_off,28,8,15,15,0,6,0,0,0
True,120,21,scoped_left,168,43,21,21,0,0,0,0,0
True,120,21,global_left,84,22,21,21,0,0,0,0,0
True,121,21,scoped_off,120,31,21,21,0,0,0,3,0
True,121,21,global_off,32,9,19,19,0,2,0,0,0
True,121,21,scoped_left,112,29,21,21,0,0,0,0,0
True,121,21,global_left,76,20,21,21,0,0,0,0,0
True,125,21,scoped_off,168,43,13,13,0,8,0,17,8
True,125,21,global_off,48,13,2,2,0,19,0,34,16
True,125,21,scoped_left,108,28,13,13,0,8,0,0,0
True,125,21,global_left,100,26,13,13,0,8,0,0,0
True,127,21,scoped_off,224,57,20,20,0,0,1,1,0
True,127,21,global_off,60,16,13,13,0,7,1,3,0
True,127,21,scoped_left,132,34,19,19,0,1,1,0,0
True,127,21,global_left,112,29,19,19,0,1,1,0,0
True,128,21,scoped_off,172,44,8,8,0,13,0,30,13
True,128,21,global_off,20,6,9,9,0,12,0,0,0
True,128,21,scoped_left,92,24,21,21,0,0,0,0,0
True,128,21,global_left,68,18,21,21,0,0,0,0,0
True,131,21,scoped_off,68,18,21,21,0,0,0,4,0
True,131,21,global_off,16,5,13,13,0,8,0,0,0
True,131,21,scoped_left,76,20,21,21,0,0,0,0,0
True,131,21,global_left,48,13,21,21,0,0,0,0,0
True,132,21,scoped_off,112,29,2,2,0,19,0,40,19
True,132,21,global_off,28,8,4,4,0,17,0,2,1
True,132,21,scoped_left,52,14,21,21,0,0,0,0,0
True,132,21,global_left,52,14,21,21,0,0,0,0,0
True,133,20,scoped_off,44,12,20,20,0,0,0,0,0
True,133,20,global_off,16,5,19,19,0,1,0,0,0
True,133,20,scoped_left,40,11,20,20,0,0,0,0,0
True,133,20,global_left,24,7,20,20,0,0,0,0,0
True,135,21,scoped_off,176,45,20,20,0,0,1,5,0
True,135,21,global_off,48,13,18,18,0,2,1,5,0
True,135,21,scoped_left,104,27,17,17,0,3,1,0,0
True,135,21,global_left,68,18,17,17,0,3,1,0,0
True,136,21,scoped_off,136,35,19,19,0,0,2,1,0
True,136,21,global_off,28,8,6,6,0,13,2,0,0
True,136,21,scoped_left,80,21,12,12,0,7,2,0,0
True,136,21,global_left,56,15,12,12,0,7,2,0,0
True,137,20,scoped_off,104,27,19,19,0,0,1,0,0
True,137,20,global_off,36,10,11,11,0,8,1,7,0
True,137,20,scoped_left,124,32,19,19,0,0,1,0,0
True,137,20,global_left,80,21,19,19,0,0,1,0,0
True,138,21,scoped_off,220,56,20,20,0,0,1,0,0
True,138,21,global_off,44,12,9,9,0,11,1,0,0
True,138,21,scoped_left,152,39,18,18,0,2,1,0,0
True,138,21,global_left,88,23,18,18,0,2,1,0,0
True,139,21,scoped_off,216,55,19,19,0,0,2,0,0
True,139,21,global_off,60,16,9,9,0,10,2,3,0
True,139,21,scoped_left,104,27,19,19,0,0,2,0,0
True,139,21,global_left,100,26,19,19,0,0,2,0,0
True,141,20,scoped_off,100,26,17,17,0,1,2,2,0
True,141,20,global_off,24,7,15,15,0,3,2,0,0
True,141,20,scoped_left,68,18,17,17,0,1,2,0,0
True,141,20,global_left,36,10,17,17,0,1,2,0,0
True,142,20,scoped_off,164,42,20,20,0,0,0,0,0
True,142,20,global_off,32,9,13,13,0,7,0,1,0
True,142,20,scoped_left,136,35,20,20,0,0,0,0,0
True,142,20,global_left,104,27,20,20,0,0,0,0,0
True,144,21,scoped_off,160,41,21,21,0,0,0,0,0
True,144,21,global_off,44,12,11,11,0,10,0,2,0
True,144,21,scoped_left,144,37,21,21,0,0,0,0,0
True,144,21,global_left,84,22,21,21,0,0,0,0,0
True,145,21,scoped_off,240,61,20,20,0,0,1,10,0
True,145,21,global_off,68,18,3,3,0,17,1,9,0
True,145,21,scoped_left,160,41,20,20,0,0,1,0,0
True,145,21,global_left,140,36,20,20,0,0,1,0,0
True,146,21,scoped_off,96,25,21,21,0,0,0,2,0
True,146,21,global_off,12,4,14,14,0,7,0,0,0
True,146,21,scoped_left,64,17,21,21,0,0,0,0,0
True,146,21,global_left,16,5,21,21,0,0,0,0,0
True,148,21,scoped_off,124,32,20,20,0,0,1,0,0
True,148,21,global_off,20,6,20,20,0,0,1,0,0
True,148,21,scoped_left,108,28,20,20,0,0,1,0,0
True,148,21,global_left,52,14,20,20,0,0,1,0,0
True,149,21,scoped_off,332,84,21,21,0,0,0,6,0
True,149,21,global_off,76,20,17,17,0,4,0,1,0
True,149,21,scoped_left,228,58,21,21,0,0,0,0,0
True,149,21,global_left,140,36,21,21,0,0,0,0,0
True,150,21,scoped_off,132,34,21,21,0,0,0,0,0
True,150,21,global_off,32,9,7,7,0,14,0,0,0
True,150,21,scoped_left,68,18,21,21,0,0,0,0,0
True,150,21,global_left,64,17,21,21,0,0,0,0,0
True,151,21,scoped_off,144,37,1,1,0,20,0,57,20
True,151,21,global_off,64,17,1,1,0,20,0,18,7
True,151,21,scoped_left,76,20,3,3,0,18,0,0,0
True,151,21,global_left,60,16,3,3,0,18,0,0,0
True,152,21,scoped_off,112,29,19,19,0,0,2,1,0
True,152,21,global_off,24,7,17,17,0,2,2,2,0
True,152,21,scoped_left,60,16,18,18,0,1,2,0,0
True,152,21,global_left,44,12,18,18,0,1,2,0,0
True,154,21,scoped_off,100,26,19,19,0,0,2,4,0
True,154,21,global_off,20,6,8,8,0,11,2,0,0
True,154,21,scoped_left,76,20,18,18,0,1,2,0,0
True,154,21,global_left,68,18,18,18,0,1,2,0,0
True,155,21,scoped_off,80,21,9,9,0,12,0,25,12
True,155,21,global_off,24,7,3,3,0,18,0,0,0
True,155,21,scoped_left,40,11,10,10,0,11,0,0,0
True,155,21,global_left,36,10,10,10,0,11,0,0,0
True,157,20,scoped_off,148,38,19,19,0,0,1,11,0
True,157,20,global_off,36,10,11,11,0,8,1,0,0
True,157,20,scoped_left,144,37,19,19,0,0,1,0,0
True,157,20,global_left,80,21,19,19,0,0,1,0,0
True,158,20,scoped_off,140,36,11,11,0,9,0,32,9
True,158,20,global_off,16,5,6,6,0,14,0,0,0
True,158,20,scoped_left,136,35,20,20,0,0,0,0,0
True,158,20,global_left,64,17,20,20,0,0,0,0,0
True,159,21,scoped_off,212,54,21,21,0,0,0,0,0
True,159,21,global_off,36,10,18,18,0,3,0,0,0
True,159,21,scoped_left,136,35,20,20,0,1,0,0,0
True,159,21,global_left,80,21,20,20,0,1,0,0,0
True,160,21,scoped_off,152,39,1,1,0,20,0,49,20
True,160,21,global_off,56,15,1,1,0,20,0,18,9
True,160,21,scoped_left,100,26,21,21,0,0,0,0,0
True,160,21,global_left,100,26,21,21,0,0,0,0,0
True,161,20,scoped_off,96,25,20,20,0,0,0,14,0
True,161,20,global_off,36,10,14,14,0,6,0,0,0
True,161,20,scoped_left,88,23,20,20,0,0,0,0,0
True,161,20,global_left,76,20,20,20,0,0,0,0,0
True,162,20,scoped_off,148,38,20,20,0,0,0,21,0
True,162,20,global_off,56,15,18,18,0,2,0,7,0
True,162,20,scoped_left,64,17,16,16,0,4,0,0,0
True,162,20,global_left,64,17,16,16,0,4,0,0,0
True,167,21,scoped_off,48,13,21,21,0,0,0,2,0
True,167,21,global_off,16,5,11,11,0,10,0,0,0
True,167,21,scoped_left,28,8,21,21,0,0,0,0,0
True,167,21,global_left,28,8,21,21,0,0,0,0,0
True,168,21,scoped_off,112,29,21,21,0,0,0,3,0
True,168,21,global_off,48,13,17,17,0,4,0,4,0
True,168,21,scoped_left,56,15,21,21,0,0,0,0,0
True,168,21,global_left,56,15,21,21,0,0,0,0,0
True,169,20,scoped_off,112,29,20,20,0,0,0,0,0
True,169,20,global_off,36,10,20,20,0,0,0,9,0
True,169,20,scoped_left,116,30,20,20,0,0,0,0,0
True,169,20,global_left,80,21,20,20,0,0,0,0,0
True,171,21,scoped_off,172,44,21,21,0,0,0,0,0
True,171,21,global_off,44,12,11,11,0,10,0,4,0
True,171,21,scoped_left,172,44,21,21,0,0,0,0,0
True,171,21,global_left,108,28,21,21,0,0,0,0,0
True,172,21,scoped_off,208,53,17,17,0,0,4,11,0
True,172,21,global_off,44,12,7,7,0,10,4,4,0
True,172,21,scoped_left,108,28,17,17,0,0,4,0,0
True,172,21,global_left,92,24,17,17,0,0,4,0,0
True,173,20,scoped_off,100,26,16,16,0,4,0,7,4
True,173,20,global_off,28,8,6,6,0,14,0,0,0
True,173,20,scoped_left,68,18,20,20,0,0,0,0,0
True,173,20,global_left,64,17,20,20,0,0,0,0,0
True,174,21,scoped_off,216,55,21,21,0,0,0,0,0
True,174,21,global_off,76,20,2,2,0,19,0,5,0
True,174,21,scoped_left,104,27,19,19,0,2,0,0,0
True,174,21,global_left,84,22,19,19,0,2,0,0,0
True,175,21,scoped_off,156,40,15,15,0,0,6,0,0
True,175,21,global_off,56,15,14,14,0,1,6,1,0
True,175,21,scoped_left,64,17,15,15,0,0,6,0,0
True,175,21,global_left,52,14,15,15,0,0,6,0,0
True,176,21,scoped_off,188,48,18,18,0,0,3,1,0
True,176,21,global_off,88,23,15,15,0,3,3,0,0
True,176,21,scoped_left,108,28,18,18,0,0,3,0,0
True,176,21,global_left,92,24,18,18,0,0,3,0,0
True,177,21,scoped_off,120,31,21,21,0,0,0,0,0
True,177,21,global_off,36,10,19,19,0,2,0,2,0
True,177,21,scoped_left,108,28,21,21,0,0,0,0,0
True,177,21,global_left,80,21,21,21,0,0,0,0,0
True,178,21,scoped_off,120,31,1,1,0,20,0,50,20
True,178,21,global_off,56,15,20,20,0,1,0,0,0
True,178,21,scoped_left,76,20,21,21,0,0,0,0,0
True,178,21,global_left,76,20,21,21,0,0,0,0,0
True,179,21,scoped_off,404,102,21,21,0,0,0,0,0
True,179,21,global_off,96,25,6,6,0,15,0,1,0
True,179,21,scoped_left,236,60,21,21,0,0,0,0,0
True,179,21,global_left,232,59,21,21,0,0,0,0,0
True,180,21,scoped_off,176,45,19,19,0,0,2,0,0
True,180,21,global_off,60,16,15,15,0,4,2,4,0
True,180,21,scoped_left,84,22,16,16,0,3,2,0,0
True,180,21,global_left,80,21,16,16,0,3,2,0,0
True,181,21,scoped_off,128,33,16,16,0,5,0,14,5
True,181,21,global_off,20,6,4,4,0,17,0,12,0
True,181,21,scoped_left,104,27,21,21,0,0,0,0,0
True,181,21,global_left,64,17,21,21,0,0,0,0,0
True,182,21,scoped_off,160,41,20,20,0,0,1,0,0
True,182,21,global_off,32,9,2,2,0,18,1,0,0
True,182,21,scoped_left,80,21,20,20,0,0,1,0,0
True,182,21,global_left,72,19,20,20,0,0,1,0,0
True,184,21,scoped_off,248,63,21,21,0,0,0,3,0
True,184,21,global_off,60,16,8,8,0,13,0,17,9
True,184,21,scoped_left,148,38,21,21,0,0,0,0,0
True,184,21,global_left,124,32,21,21,0,0,0,0,0
True,185,21,scoped_off,152,39,3,3,0,14,4,18,0
True,185,21,global_off,36,10,4,4,0,13,4,11,0
True,185,21,scoped_left,88,23,7,7,0,10,4,0,0
True,185,21,global_left,80,21,7,7,0,10,4,0,0
True,187,20,scoped_off,148,38,20,20,0,0,0,33,0
True,187,20,global_off,24,7,6,6,0,14,0,0,0
True,187,20,scoped_left,96,25,15,15,0,5,0,0,0
True,187,20,global_left,64,17,15,15,0,5,0,0,0
True,188,21,scoped_off,132,34,21,21,0,0,0,6,0
True,188,21,global_off,32,9,17,17,0,4,0,0,0
True,188,21,scoped_left,92,24,19,19,0,2,0,0,0
True,188,21,global_left,56,15,19,19,0,2,0,0,0
True,189,21,scoped_off,204,52,14,14,0,4,3,2,0
True,189,21,global_off,40,11,9,9,0,9,3,1,0
True,189,21,scoped_left,160,41,14,14,0,4,3,0,0
True,189,21,global_left,96,25,14,14,0,4,3,0,0
True,190,21,scoped_off,80,21,21,21,0,0,0,0,0
True,190,21,global_off,16,5,18,18,0,3,0,0,0
True,190,21,scoped_left,36,10,19,19,0,2,0,0,0
True,190,21,global_left,24,7,19,19,0,2,0,0,0
True,191,21,scoped_off,216,55,19,19,0,0,2,0,0
True,191,21,global_off,68,18,18,18,0,1,2,8,0
True,191,21,scoped_left,92,24,16,16,0,3,2,0,0
True,191,21,global_left,84,22,16,16,0,3,2,0,0
True,197,21,scoped_off,164,42,21,21,0,0,0,1,0
True,197,21,global_off,28,8,13,13,0,8,0,1,0
True,197,21,scoped_left,148,38,21,21,0,0,0,0,0
True,197,21,global_left,72,19,21,21,0,0,0,0,0
True,198,21,scoped_off,144,37,21,21,0,0,0,0,0
True,198,21,global_off,44,12,16,16,0,5,0,0,0
True,198,21,scoped_left,116,30,21,21,0,0,0,0,0
True,198,21,global_left,72,19,21,21,0,0,0,0,0
True,199,21,scoped_off,116,30,21,21,0,0,0,0,0
True,199,21,global_off,48,13,9,9,0,12,0,23,8
True,199,21,scoped_left,84,22,17,17,0,4,0,0,0
True,199,21,global_left,80,21,17,17,0,4,0,0,0
True,200,21,scoped_off,84,22,21,21,0,0,0,5,0
True,200,21,global_off,12,4,20,20,0,1,0,0,0
True,200,21,scoped_left,36,10,21,21,0,0,0,0,0
True,200,21,global_left,24,7,21,21,0,0,0,0,0
True,201,21,scoped_off,68,18,4,4,0,17,0,38,17
True,201,21,global_off,24,7,4,4,0,17,0,23,9
True,201,21,scoped_left,100,26,21,21,0,0,0,0,0
True,201,21,global_left,60,16,21,21,0,0,0,0,0
True,202,21,scoped_off,148,38,21,21,0,0,0,0,0
True,202,21,global_off,32,9,11,11,0,10,0,0,0
True,202,21,scoped_left,112,29,21,21,0,0,0,0,0
True,202,21,global_left,76,20,21,21,0,0,0,0,0
True,203,20,scoped_off,200,51,16,16,0,3,1,5,3
True,203,20,global_off,36,10,13,13,0,6,1,1,0
True,203,20,scoped_left,124,32,19,19,0,0,1,0,0
True,203,20,global_left,104,27,19,19,0,0,1,0,0
True,204,21,scoped_off,108,28,21,21,0,0,0,0,0
True,204,21,global_off,32,9,19,19,0,2,0,3,0
True,204,21,scoped_left,124,32,21,21,0,0,0,0,0
True,204,21,global_left,64,17,21,21,0,0,0,0,0
True,205,21,scoped_off,132,34,21,21,0,0,0,6,0
True,205,21,global_off,28,8,16,16,0,5,0,0,0
True,205,21,scoped_left,96,25,21,21,0,0,0,0,0
True,205,21,global_left,64,17,21,21,0,0,0,0,0
True,206,21,scoped_off,236,60,21,21,0,0,0,14,0
True,206,21,global_off,44,12,13,13,0,8,0,3,0
True,206,21,scoped_left,96,25,16,16,0,5,0,0,0
True,206,21,global_left,76,20,16,16,0,5,0,0,0
True,207,19,scoped_off,216,55,19,19,0,0,0,0,0
True,207,19,global_off,60,16,8,8,0,11,0,5,0
True,207,19,scoped_left,168,43,19,19,0,0,0,0,0
True,207,19,global_left,96,25,19,19,0,0,0,0,0
True,208,21,scoped_off,196,50,20,20,0,0,1,11,0
True,208,21,global_off,44,12,20,20,0,0,1,0,0
True,208,21,scoped_left,136,35,20,20,0,0,1,0,0
True,208,21,global_left,100,26,20,20,0,0,1,0,0
True,209,21,scoped_off,228,58,20,20,0,0,1,1,0
True,209,21,global_off,52,14,3,3,0,17,1,1,0
True,209,21,scoped_left,108,28,19,19,0,1,1,0,0
True,209,21,global_left,96,25,19,19,0,1,1,0,0
True,210,21,scoped_off,144,37,20,20,0,0,1,1,0
True,210,21,global_off,28,8,10,10,0,10,1,0,0
True,210,21,scoped_left,60,16,11,11,0,9,1,0,0
True,210,21,global_left,52,14,11,11,0,9,1,0,0
True,212,21,scoped_off,200,51,21,21,0,0,0,6,0
True,212,21,global_off,64,17,11,11,0,10,0,9,0
True,212,21,scoped_left,156,40,21,21,0,0,0,0,0
True,212,21,global_left,124,32,21,21,0,0,0,0,0
True,213,21,scoped_off,76,20,21,21,0,0,0,0,0
True,213,21,global_off,16,5,6,6,0,15,0,0,0
True,213,21,scoped_left,80,21,21,21,0,0,0,0,0
True,213,21,global_left,56,15,21,21,0,0,0,0,0
True,214,21,scoped_off,116,30,1,1,0,20,0,40,20
True,214,21,global_off,12,4,2,2,0,19,0,0,0
True,214,21,scoped_left,60,16,3,3,0,18,0,0,0
True,214,21,global_left,36,10,3,3,0,18,0,0,0
True,216,21,scoped_off,164,42,21,21,0,0,0,0,0
True,216,21,global_off,32,9,5,5,0,16,0,0,0
True,216,21,scoped_left,112,29,21,21,0,0,0,0,0
True,216,21,global_left,104,27,21,21,0,0,0,0,0
True,217,21,scoped_off,84,22,21,21,0,0,0,0,0
True,217,21,global_off,12,4,21,21,0,0,0,0,0
True,217,21,scoped_left,52,14,21,21,0,0,0,0,0
True,217,21,global_left,16,5,21,21,0,0,0,0,0
True,218,21,scoped_off,168,43,21,21,0,0,0,0,0
True,218,21,global_off,36,10,15,15,0,6,0,0,0
True,218,21,scoped_left,100,26,21,21,0,0,0,0,0
True,218,21,global_left,84,22,21,21,0,0,0,0,0
True,219,21,scoped_off,92,24,21,21,0,0,0,1,0
True,219,21,global_off,32,9,19,19,0,2,0,0,0
True,219,21,scoped_left,76,20,21,21,0,0,0,0,0
True,219,21,global_left,52,14,21,21,0,0,0,0,0
True,220,21,scoped_off,192,49,21,21,0,0,0,0,0
True,220,21,global_off,40,11,18,18,0,3,0,0,0
True,220,21,scoped_left,108,28,21,21,0,0,0,0,0
True,220,21,global_left,72,19,21,21,0,0,0,0,0
True,221,21,scoped_off,140,36,4,4,0,17,0,40,17
True,221,21,global_off,48,13,2,2,0,19,0,3,0
True,221,21,scoped_left,112,29,18,18,0,3,0,0,0
True,221,21,global_left,80,21,18,18,0,3,0,0,0
True,222,21,scoped_off,172,44,21,21,0,0,0,13,0
True,222,21,global_off,60,16,21,21,0,0,0,19,0
True,222,21,scoped_left,88,23,20,20,0,1,0,0,0
True,222,21,global_left,84,22,20,20,0,1,0,0,0
True,223,21,scoped_off,212,54,17,17,0,0,4,0,0
True,223,21,global_off,36,10,9,9,0,8,4,1,0
True,223,21,scoped_left,124,32,17,17,0,0,4,0,0
True,223,21,global_left,108,28,17,17,0,0,4,0,0
True,226,21,scoped_off,88,23,5,5,0,16,0,32,16
True,226,21,global_off,28,8,6,6,0,15,0,33,13
True,226,21,scoped_left,68,18,14,14,0,7,0,0,0
True,226,21,global_left,52,14,14,14,0,7,0,0,0
True,227,21,scoped_off,112,29,21,21,0,0,0,1,0
True,227,21,global_off,40,11,20,20,0,1,0,0,0
True,227,21,scoped_left,88,23,21,21,0,0,0,0,0
True,227,21,global_left,64,17,21,21,0,0,0,0,0
True,228,21,scoped_off,164,42,2,2,0,19,0,38,19
True,228,21,global_off,60,16,15,15,0,6,0,0,0
True,228,21,scoped_left,180,46,21,21,0,0,0,0,0
True,228,21,global_left,128,33,21,21,0,0,0,0,0
True,229,21,scoped_off,164,42,21,21,0,0,0,1,0
True,229,21,global_off,44,12,6,6,0,15,0,1,0
True,229,21,scoped_left,136,35,21,21,0,0,0,0,0
True,229,21,global_left,120,31,21,21,0,0,0,0,0
True,230,20,scoped_off,152,39,20,20,0,0,0,0,0
True,230,20,global_off,32,9,7,7,0,13,0,13,0
True,230,20,scoped_left,128,33,18,18,0,2,0,0,0
True,230,20,global_left,72,19,18,18,0,2,0,0,0
True,231,21,scoped_off,156,40,19,19,0,1,1,5,0
True,231,21,global_off,20,6,13,13,0,7,1,3,0
True,231,21,scoped_left,124,32,20,20,0,0,1,0,0
True,231,21,global_left,52,14,20,20,0,0,1,0,0
True,232,21,scoped_off,224,57,21,21,0,0,0,13,0
True,232,21,global_off,12,4,6,6,0,15,0,0,0
True,232,21,scoped_left,60,16,7,7,0,14,0,0,0
True,232,21,global_left,44,12,7,7,0,14,0,0,0
True,233,21,scoped_off,180,46,21,21,0,0,0,17,0
True,233,21,global_off,48,13,16,16,0,5,0,8,1
True,233,21,scoped_left,120,31,13,13,0,8,0,0,0
True,233,21,global_left,104,27,13,13,0,8,0,0,0
True,234,19,scoped_off,256,65,19,19,0,0,0,14,0
True,234,19,global_off,72,19,14,14,0,5,0,1,0
True,234,19,scoped_left,188,48,19,19,0,0,0,0,0
True,234,19,global_left,144,37,19,19,0,0,0,0,0
True,235,21,scoped_off,144,37,18,18,0,0,3,0,0
True,235,21,global_off,60,16,12,12,0,6,3,0,0
True,235,21,scoped_left,72,19,18,18,0,0,3,0,0
True,235,21,global_left,68,18,18,18,0,0,3,0,0
True,236,21,scoped_off,108,28,21,21,0,0,0,0,0
True,236,21,global_off,36,10,18,18,0,3,0,0,0
True,236,21,scoped_left,96,25,21,21,0,0,0,0,0
True,236,21,global_left,56,15,21,21,0,0,0,0,0
True,237,20,scoped_off,180,46,18,18,0,0,2,0,0
True,237,20,global_off,40,11,11,11,0,7,2,0,0
True,237,20,scoped_left,120,31,18,18,0,0,2,0,0
True,237,20,global_left,96,25,18,18,0,0,2,0,0
True,238,21,scoped_off,148,38,20,20,0,0,1,0,0
True,238,21,global_off,32,9,16,16,0,4,1,0,0
True,238,21,scoped_left,136,35,20,20,0,0,1,0,0
True,238,21,global_left,96,25,20,20,0,0,1,0,0
True,239,20,scoped_off,60,16,6,6,0,14,0,27,14
True,239,20,global_off,20,6,15,15,0,5,0,0,0
True,239,20,scoped_left,80,21,20,20,0,0,0,0,0
True,239,20,global_left,48,13,20,20,0,0,0,0,0
True,240,21,scoped_off,120,31,6,6,0,14,1,27,14
True,240,21,global_off,28,8,12,12,0,8,1,2,0
True,240,21,scoped_left,96,25,20,20,0,0,1,0,0
True,240,21,global_left,56,15,20,20,0,0,1,0,0
True,241,21,scoped_off,256,65,1,1,0,16,4,36,16
True,241,21,global_off,96,25,1,1,0,16,4,30,15
True,241,21,scoped_left,96,25,10,10,0,7,4,0,0
True,241,21,global_left,92,24,10,10,0,7,4,0,0
True,243,21,scoped_off,120,31,3,3,0,17,1,41,17
True,243,21,global_off,36,10,17,17,0,3,1,2,0
True,243,21,scoped_left,64,17,20,20,0,0,1,0,0
True,243,21,global_left,56,15,20,20,0,0,1,0,0
True,245,21,scoped_off,172,44,21,21,0,0,0,0,0
True,245,21,global_off,72,19,21,21,0,0,0,2,0
True,245,21,scoped_left,116,30,21,21,0,0,0,0,0
True,245,21,global_left,92,24,21,21,0,0,0,0,0
True,246,21,scoped_off,112,29,19,19,0,0,2,8,0
True,246,21,global_off,24,7,9,9,0,10,2,0,0
True,246,21,scoped_left,72,19,19,19,0,0,2,0,0
True,246,21,global_left,64,17,19,19,0,0,2,0,0
True,248,21,scoped_off,104,27,21,21,0,0,0,6,0
True,248,21,global_off,28,8,16,16,0,5,0,0,0
True,248,21,scoped_left,100,26,21,21,0,0,0,0,0
True,248,21,global_left,68,18,21,21,0,0,0,0,0
True,249,21,scoped_off,196,50,19,19,0,0,2,2,0
True,249,21,global_off,28,8,15,15,0,4,2,0,0
True,249,21,scoped_left,152,39,19,19,0,0,2,0,0
True,249,21,global_left,92,24,19,19,0,0,2,0,0
True,250,20,scoped_off,144,37,11,11,0,7,2,13,7
True,250,20,global_off,44,12,3,3,0,15,2,23,11
True,250,20,scoped_left,112,29,16,16,0,2,2,0,0
True,250,20,global_left,88,23,16,16,0,2,2,0,0
True,252,21,scoped_off,172,44,21,21,0,0,0,0,0
True,252,21,global_off,68,18,1,1,0,20,0,40,17
True,252,21,scoped_left,124,32,18,18,0,3,0,0,0
True,252,21,global_left,96,25,18,18,0,3,0,0,0
True,253,19,scoped_off,88,23,19,19,0,0,0,0,0
True,253,19,global_off,24,7,19,19,0,0,0,10,0
True,253,19,scoped_left,124,32,18,18,0,1,0,0,0
True,253,19,global_left,60,16,18,18,0,1,0,0,0
True,254,21,scoped_off,92,24,5,5,0,16,0,32,16
True,254,21,global_off,28,8,15,15,0,6,0,1,0
True,254,21,scoped_left,96,25,21,21,0,0,0,0,0
True,254,21,global_left,56,15,21,21,0,0,0,0,0
True,255,21,scoped_off,220,56,21,21,0,0,0,0,0
True,255,21,global_off,68,18,21,21,0,0,0,1,0
True,255,21,scoped_left,124,32,21,21,0,0,0,0,0
True,255,21,global_left,96,25,21,21,0,0,0,0,0
True,256,20,scoped_off,200,51,14,14,0,4,2,9,4
True,256,20,global_off,68,18,5,5,0,13,2,7,2
True,256,20,scoped_left,96,25,12,12,0,6,2,0,0
True,256,20,global_left,84,22,12,12,0,6,2,0,0
True,257,21,scoped_off,184,47,20,20,0,0,1,0,0
True,257,21,global_off,76,20,16,16,0,4,1,4,0
True,257,21,scoped_left,156,40,19,19,0,1,1,0,0
True,257,21,global_left,112,29,19,19,0,1,1,0,0
True,260,21,scoped_off,252,64,21,21,0,0,0,14,0
True,260,21,global_off,40,11,8,8,0,13,0,2,0
True,260,21,scoped_left,132,34,21,21,0,0,0,0,0
True,260,21,global_left,108,28,21,21,0,0,0,0,0
True,261,21,scoped_off,176,45,5,5,0,16,0,44,16
True,261,21,global_off,68,18,8,8,0,13,0,7,0
True,261,21,scoped_left,124,32,21,21,0,0,0,0,0
True,261,21,global_left,104,27,21,21,0,0,0,0,0
True,263,21,scoped_off,172,44,17,17,0,0,4,0,0
True,263,21,global_off,40,11,8,8,0,9,4,0,0
True,263,21,scoped_left,80,21,17,17,0,0,4,0,0
True,263,21,global_left,80,21,17,17,0,0,4,0,0
True,264,21,scoped_off,196,50,20,20,0,0,1,12,0
True,264,21,global_off,56,15,7,7,0,13,1,5,0
True,264,21,scoped_left,104,27,19,19,0,1,1,0,0
True,264,21,global_left,104,27,19,19,0,1,1,0,0
True,265,21,scoped_off,60,16,21,21,0,0,0,0,0
True,265,21,global_off,12,4,10,10,0,11,0,0,0
True,265,21,scoped_left,52,14,21,21,0,0,0,0,0
True,265,21,global_left,24,7,21,21,0,0,0,0,0
True,266,20,scoped_off,184,47,19,19,0,0,1,0,0
True,266,20,global_off,28,8,11,11,0,8,1,0,0
True,266,20,scoped_left,100,26,19,19,0,0,1,0,0
True,266,20,global_left,76,20,19,19,0,0,1,0,0
True,267,21,scoped_off,164,42,8,8,0,13,0,26,13
True,267,21,global_off,44,12,6,6,0,15,0,0,0
True,267,21,scoped_left,104,27,8,8,0,13,0,0,0
True,267,21,global_left,64,17,8,8,0,13,0,0,0
True,268,20,scoped_off,152,39,20,20,0,0,0,8,0
True,268,20,global_off,68,18,17,17,0,3,0,12,0
True,268,20,scoped_left,84,22,12,12,0,8,0,0,0
True,268,20,global_left,76,20,12,12,0,8,0,0,0
True,269,21,scoped_off,108,28,14,14,0,7,0,14,7
True,269,21,global_off,36,10,7,7,0,14,0,4,0
True,269,21,scoped_left,84,22,21,21,0,0,0,0,0
True,269,21,global_left,68,18,21,21,0,0,0,0,0
True,270,21,scoped_off,76,20,21,21,0,0,0,0,0
True,270,21,global_off,24,7,13,13,0,8,0,0,0
True,270,21,scoped_left,72,19,21,21,0,0,0,0,0
True,270,21,global_left,36,10,21,21,0,0,0,0,0
True,271,19,scoped_off,116,30,19,19,0,0,0,7,0
True,271,19,global_off,36,10,7,7,0,12,0,1,0
True,271,19,scoped_left,72,19,19,19,0,0,0,0,0
True,271,19,global_left,56,15,19,19,0,0,0,0,0
True,272,20,scoped_off,24,7,20,20,0,0,0,0,0
True,272,20,global_off,12,4,15,15,0,5,0,0,0
True,272,20,scoped_left,20,6,20,20,0,0,0,0,0
True,272,20,global_left,16,5,20,20,0,0,0,0,0
True,274,21,scoped_off,200,51,18,18,0,0,3,0,0
True,274,21,global_off,48,13,7,7,0,11,3,1,0
True,274,21,scoped_left,136,35,18,18,0,0,3,0,0
True,274,21,global_left,88,23,18,18,0,0,3,0,0
True,275,21,scoped_off,104,27,18,18,0,0,3,0,0
True,275,21,global_off,24,7,6,6,0,12,3,0,0
True,275,21,scoped_left,64,17,18,18,0,0,3,0,0
True,275,21,global_left,60,16,18,18,0,0,3,0,0
True,276,21,scoped_off,124,32,3,3,0,12,6,15,7
True,276,21,global_off,36,10,9,9,0,6,6,0,0
True,276,21,scoped_left,76,20,10,10,0,5,6,0,0
True,276,21,global_left,68,18,10,10,0,5,6,0,0
True,277,21,scoped_off,160,41,20,20,0,0,1,0,0
True,277,21,global_off,40,11,16,16,0,4,1,1,0
True,277,21,scoped_left,136,35,20,20,0,0,1,0,0
True,277,21,global_left,96,25,20,20,0,0,1,0,0
True,278,21,scoped_off,176,45,12,12,0,0,9,18,9
True,278,21,global_off,64,17,12,12,0,0,9,20,9
True,278,21,scoped_left,96,25,12,12,0,0,9,0,0
True,278,21,global_left,76,20,12,12,0,0,9,0,0
True,279,21,scoped_off,48,13,9,9,0,12,0,25,12
True,279,21,global_off,12,4,11,11,0,10,0,0,0
True,279,21,scoped_left,56,15,21,21,0,0,0,0,0
True,279,21,global_left,20,6,21,21,0,0,0,0,0
True,280,21,scoped_off,232,59,1,1,0,20,0,60,0
True,280,21,global_off,76,20,17,17,0,4,0,1,0
True,280,21,scoped_left,176,45,21,21,0,0,0,0,0
True,280,21,global_left,120,31,21,21,0,0,0,0,0
True,281,21,scoped_off,184,47,18,18,0,0,3,0,0
True,281,21,global_off,24,7,14,14,0,4,3,0,0
True,281,21,scoped_left,128,33,17,17,0,1,3,0,0
True,281,21,global_left,72,19,17,17,0,1,3,0,0
True,282,20,scoped_off,132,34,5,5,0,15,0,29,15
True,282,20,global_off,24,7,11,11,0,9,0,2,0
True,282,20,scoped_left,100,26,20,20,0,0,0,0,0
True,282,20,global_left,68,18,20,20,0,0,0,0,0
True,283,21,scoped_off,100,26,21,21,0,0,0,0,0
True,283,21,global_off,32,9,20,20,0,1,0,1,0
True,283,21,scoped_left,56,15,21,21,0,0,0,0,0
True,283,21,global_left,48,13,21,21,0,0,0,0,0
True,284,21,scoped_off,56,15,21,21,0,0,0,8,0
True,284,21,global_off,36,10,21,21,0,0,0,6,0
True,284,21,scoped_left,56,15,21,21,0,0,0,0,0
True,284,21,global_left,44,12,21,21,0,0,0,0,0
True,285,21,scoped_off,196,50,21,21,0,0,0,9,0
True,285,21,global_off,44,12,3,3,0,18,0,1,0
True,285,21,scoped_left,112,29,18,18,0,3,0,0,0
True,285,21,global_left,108,28,18,18,0,3,0,0,0
True,286,21,scoped_off,100,26,21,21,0,0,0,0,0
True,286,21,global_off,28,8,13,13,0,8,0,0,0
True,286,21,scoped_left,84,22,21,21,0,0,0,0,0
True,286,21,global_left,56,15,21,21,0,0,0,0,0
True,287,21,scoped_off,124,32,21,21,0,0,0,1,0
True,287,21,global_off,40,11,13,13,0,8,0,3,0
True,287,21,scoped_left,76,20,21,21,0,0,0,0,0
True,287,21,global_left,68,18,21,21,0,0,0,0,0
True,288,20,scoped_off,156,40,19,19,0,0,1,0,0
True,288,20,global_off,28,8,10,10,0,9,1,0,0
True,288,20,scoped_left,72,19,18,18,0,1,1,0,0
True,288,20,global_left,64,17,18,18,0,1,1,0,0
True,289,21,scoped_off,140,36,19,19,0,0,2,0,0
True,289,21,global_off,28,8,5,5,0,14,2,0,0
True,289,21,scoped_left,120,31,19,19,0,0,2,0,0
True,289,21,global_left,80,21,19,19,0,0,2,0,0
True,290,21,scoped_off,252,64,21,21,0,0,0,4,0
True,290,21,global_off,36,10,9,9,0,12,0,3,0
True,290,21,scoped_left,140,36,20,20,0,1,0,0,0
True,290,21,global_left,88,23,20,20,0,1,0,0,0
True,291,21,scoped_off,84,22,21,21,0,0,0,0,0
True,291,21,global_off,36,10,8,8,0,13,0,0,0
True,291,21,scoped_left,76,20,21,21,0,0,0,0,0
True,291,21,global_left,60,16,21,21,0,0,0,0,0
True,292,21,scoped_off,200,51,4,4,0,16,1,34,16
True,292,21,global_off,44,12,12,12,0,8,1,0,0
True,292,21,scoped_left,100,26,5,5,0,15,1,0,0
True,292,21,global_left,100,26,5,5,0,15,1,0,0
True,293,21,scoped_off,176,45,20,20,0,0,1,1,0
True,293,21,global_off,44,12,15,15,0,5,1,4,0
True,293,21,scoped_left,140,36,19,19,0,1,1,0,0
True,293,21,global_left,84,22,19,19,0,1,1,0,0
True,294,21,scoped_off,68,18,21,21,0,0,0,0,0
True,294,21,global_off,28,8,18,18,0,3,0,0,0
True,294,21,scoped_left,56,15,21,21,0,0,0,0,0
True,294,21,global_left,40,11,21,21,0,0,0,0,0
True,295,21,scoped_off,96,25,21,21,0,0,0,0,0
True,295,21,global_off,44,12,14,14,0,7,0,0,0
True,295,21,scoped_left,84,22,21,21,0,0,0,0,0
True,295,21,global_left,68,18,21,21,0,0,0,0,0
True,296,20,scoped_off,128,33,20,20,0,0,0,11,0
True,296,20,global_off,32,9,19,19,0,1,0,1,0
True,296,20,scoped_left,104,27,20,20,0,0,0,0,0
True,296,20,global_left,68,18,20,20,0,0,0,0,0
True,297,21,scoped_off,72,19,21,21,0,0,0,0,0
True,297,21,global_off,24,7,15,15,0,6,0,2,0
True,297,21,scoped_left,44,12,21,21,0,0,0,0,0
True,297,21,global_left,36,10,21,21,0,0,0,0,0
True,298,21,scoped_off,80,21,21,21,0,0,0,0,0
True,298,21,global_off,36,10,21,21,0,0,0,0,0
True,298,21,scoped_left,76,20,21,21,0,0,0,0,0
True,298,21,global_left,56,15,21,21,0,0,0,0,0
True,299,20,scoped_off,220,56,20,20,0,0,0,0,0
True,299,20,global_off,76,20,13,13,0,7,0,1,0
True,299,20,scoped_left,152,39,20,20,0,0,0,0,0
True,299,20,global_left,108,28,20,20,0,0,0,0,0
True,300,20,scoped_off,240,61,15,15,0,5,0,10,0
True,300,20,global_off,48,13,6,6,0,14,0,0,0
True,300,20,scoped_left,140,36,8,8,0,12,0,0,0
True,300,20,global_left,80,21,8,8,0,12,0,0,0
True,301,20,scoped_off,156,40,6,6,0,12,2,25,12
True,301,20,global_off,40,11,7,7,0,11,2,24,9
True,301,20,scoped_left,96,25,16,16,0,2,2,0,0
True,301,20,global_left,72,19,16,16,0,2,2,0,0
True,303,21,scoped_off,132,34,4,4,0,17,0,35,17
True,303,21,global_off,40,11,3,3,0,18,0,7,0
True,303,21,scoped_left,96,25,20,20,0,1,0,0,0
True,303,21,global_left,92,24,20,20,0,1,0,0,0
True,304,21,scoped_off,76,20,21,21,0,0,0,0,0
True,304,21,global_off,12,4,17,17,0,4,0,0,0
True,304,21,scoped_left,52,14,21,21,0,0,0,0,0
True,304,21,global_left,28,8,21,21,0,0,0,0,0
True,306,21,scoped_off,164,42,20,20,0,0,1,0,0
True,306,21,global_off,36,10,15,15,0,5,1,0,0
True,306,21,scoped_left,148,38,20,20,0,0,1,0,0
True,306,21,global_left,80,21,20,20,0,0,1,0,0
True,307,21,scoped_off,152,39,21,21,0,0,0,2,0
True,307,21,global_off,56,15,18,18,0,3,0,0,0
True,307,21,scoped_left,144,37,20,20,0,1,0,0,0
True,307,21,global_left,100,26,20,20,0,1,0,0,0
True,308,20,scoped_off,120,31,19,19,0,0,1,0,0
True,308,20,global_off,28,8,16,16,0,3,1,1,0
True,308,20,scoped_left,100,26,19,19,0,0,1,0,0
True,308,20,global_left,48,13,19,19,0,0,1,0,0
True,309,21,scoped_off,100,26,21,21,0,0,0,2,0
True,309,21,global_off,40,11,15,15,0,6,0,0,0
True,309,21,scoped_left,92,24,21,21,0,0,0,0,0
True,309,21,global_left,80,21,21,21,0,0,0,0,0
True,310,20,scoped_off,116,30,20,20,0,0,0,0,0
True,310,20,global_off,20,6,3,3,0,17,0,1,0
True,310,20,scoped_left,72,19,20,20,0,0,0,0,0
True,310,20,global_left,68,18,20,20,0,0,0,0,0
True,311,21,scoped_off,92,24,21,21,0,0,0,0,0
True,311,21,global_off,24,7,19,19,0,2,0,0,0
True,311,21,scoped_left,88,23,21,21,0,0,0,0,0
True,311,21,global_left,36,10,21,21,0,0,0,0,0
True,312,21,scoped_off,52,14,21,21,0,0,0,0,0
True,312,21,global_off,20,6,14,14,0,7,0,0,0
True,312,21,scoped_left,44,12,21,21,0,0,0,0,0
True,312,21,global_left,24,7,21,21,0,0,0,0,0
True,313,20,scoped_off,176,45,19,19,0,0,1,2,0
True,313,20,global_off,40,11,8,8,0,11,1,4,0
True,313,20,scoped_left,112,29,19,19,0,0,1,0,0
True,313,20,global_left,92,24,19,19,0,0,1,0,0
True,314,21,scoped_off,52,14,21,21,0,0,0,0,0
True,314,21,global_off,20,6,7,7,0,14,0,0,0
True,314,21,scoped_left,88,23,19,19,0,2,0,0,0
True,314,21,global_left,60,16,19,19,0,2,0,0,0
True,316,20,scoped_off,184,47,2,2,0,18,0,36,18
True,316,20,global_off,68,18,5,5,0,15,0,4,0
True,316,20,scoped_left,88,23,15,15,0,5,0,0,0
True,316,20,global_left,88,23,15,15,0,5,0,0,0
True,318,21,scoped_off,112,29,9,9,0,12,0,25,12
True,318,21,global_off,36,10,1,1,0,20,0,14,0
True,318,21,scoped_left,100,26,21,21,0,0,0,0,0
True,318,21,global_left,68,18,21,21,0,0,0,0,0
True,319,21,scoped_off,108,28,5,5,0,14,2,34,14
True,319,21,global_off,32,9,13,13,0,6,2,0,0
True,319,21,scoped_left,100,26,19,19,0,0,2,0,0
True,319,21,global_left,68,18,19,19,0,0,2,0,0
True,320,21,scoped_off,212,54,21,21,0,0,0,0,0
True,320,21,global_off,56,15,17,17,0,4,0,1,0
True,320,21,scoped_left,180,46,21,21,0,0,0,0,0
True,320,21,global_left,116,30,21,21,0,0,0,0,0
True,321,21,scoped_off,220,56,1,1,0,20,0,40,20
True,321,21,global_off,48,13,4,4,0,17,0,7,0
True,321,21,scoped_left,124,32,21,21,0,0,0,0,0
True,321,21,global_left,100,26,21,21,0,0,0,0,0
True,322,21,scoped_off,196,50,21,21,0,0,0,0,0
True,322,21,global_off,52,14,20,20,0,1,0,0,0
True,322,21,scoped_left,112,29,21,21,0,0,0,0,0
True,322,21,global_left,92,24,21,21,0,0,0,0,0
True,323,21,scoped_off,192,49,21,21,0,0,0,7,0
True,323,21,global_off,56,15,17,17,0,4,0,1,0
True,323,21,scoped_left,128,33,21,21,0,0,0,0,0
True,323,21,global_left,96,25,21,21,0,0,0,0,0
True,324,21,scoped_off,212,54,20,20,0,0,1,0,0
True,324,21,global_off,44,12,17,17,0,3,1,0,0
True,324,21,scoped_left,168,43,20,20,0,0,1,0,0
True,324,21,global_left,116,30,20,20,0,0,1,0,0
True,325,21,scoped_off,124,32,20,20,0,0,1,3,0
True,325,21,global_off,36,10,17,17,0,3,1,9,0
True,325,21,scoped_left,104,27,20,20,0,0,1,0,0
True,325,21,global_left,84,22,20,20,0,0,1,0,0
True,326,21,scoped_off,84,22,21,21,0,0,0,2,0
True,326,21,global_off,12,4,10,10,0,11,0,0,0
True,326,21,scoped_left,64,17,21,21,0,0,0,0,0
True,326,21,global_left,48,13,21,21,0,0,0,0,0
True,327,21,scoped_off,100,26,21,21,0,0,0,0,0
True,327,21,global_off,36,10,19,19,0,2,0,1,0
True,327,21,scoped_left,92,24,21,21,0,0,0,0,0
True,327,21,global_left,56,15,21,21,0,0,0,0,0
True,330,21,scoped_off,264,67,20,20,0,0,1,0,0
True,330,21,global_off,48,13,12,12,0,8,1,0,0
True,330,21,scoped_left,252,64,20,20,0,0,1,0,0
True,330,21,global_left,152,39,20,20,0,0,1,0,0
True,332,20,scoped_off,116,30,20,20,0,0,0,14,0
True,332,20,global_off,40,11,7,7,0,13,0,1,0
True,332,20,scoped_left,64,17,19,19,0,1,0,0,0
True,332,20,global_left,64,17,19,19,0,1,0,0,0
True,333,21,scoped_off,212,54,21,21,0,0,0,0,0
True,333,21,global_off,44,12,13,13,0,8,0,0,0
True,333,21,scoped_left,156,40,21,21,0,0,0,0,0
True,333,21,global_left,112,29,21,21,0,0,0,0,0
True,334,21,scoped_off,216,55,1,1,0,17,3,33,17
True,334,21,global_off,64,17,15,15,0,3,3,7,0
True,334,21,scoped_left,100,26,18,18,0,0,3,0,0
True,334,21,global_left,100,26,18,18,0,0,3,0,0
True,335,19,scoped_off,240,61,15,15,0,0,4,0,0
True,335,19,global_off,60,16,7,7,0,8,4,2,0
True,335,19,scoped_left,188,48,15,15,0,0,4,0,0
True,335,19,global_left,116,30,15,15,0,0,4,0,0
True,336,21,scoped_off,132,34,20,20,0,0,1,0,0
True,336,21,global_off,32,9,12,12,0,8,1,0,0
True,336,21,scoped_left,68,18,20,20,0,0,1,0,0
True,336,21,global_left,56,15,20,20,0,0,1,0,0
True,337,21,scoped_off,92,24,3,3,0,18,0,46,18
True,337,21,global_off,36,10,10,10,0,11,0,16,7
True,337,21,scoped_left,96,25,21,21,0,0,0,0,0
True,337,21,global_left,72,19,21,21,0,0,0,0,0
True,338,20,scoped_off,156,40,15,15,0,0,5,0,0
True,338,20,global_off,52,14,11,11,0,4,5,0,0
True,338,20,scoped_left,100,26,15,15,0,0,5,0,0
True,338,20,global_left,84,22,15,15,0,0,5,0,0
True,339,21,scoped_off,252,64,2,2,0,19,0,41,19
True,339,21,global_off,88,23,13,13,0,8,0,11,0
True,339,21,scoped_left,164,42,21,21,0,0,0,0,0
True,339,21,global_left,136,35,21,21,0,0,0,0,0
True,341,20,scoped_off,104,27,17,17,0,3,0,7,3
True,341,20,global_off,32,9,6,6,0,14,0,2,0
True,341,20,scoped_left,80,21,17,17,0,3,0,0,0
True,341,20,global_left,48,13,17,17,0,3,0,0,0
True,343,21,scoped_off,204,52,21,21,0,0,0,0,0
True,343,21,global_off,100,26,16,16,0,5,0,0,0
True,343,21,scoped_left,140,36,21,21,0,0,0,0,0
True,343,21,global_left,124,32,21,21,0,0,0,0,0
True,344,21,scoped_off,220,56,21,21,0,0,0,0,0
True,344,21,global_off,72,19,18,18,0,3,0,0,0
True,344,21,scoped_left,100,26,16,16,0,5,0,0,0
True,344,21,global_left,84,22,16,16,0,5,0,0,0
True,345,21,scoped_off,136,35,18,18,0,1,2,0,0
True,345,21,global_off,48,13,12,12,0,7,2,0,0
True,345,21,scoped_left,112,29,17,17,0,2,2,0,0
True,345,21,global_left,84,22,17,17,0,2,2,0,0
True,346,21,scoped_off,132,34,21,21,0,0,0,0,0
True,346,21,global_off,36,10,14,14,0,7,0,5,0
True,346,21,scoped_left,128,33,21,21,0,0,0,0,0
True,346,21,global_left,64,17,21,21,0,0,0,0,0
True,347,21,scoped_off,176,45,20,20,0,0,1,10,0
True,347,21,global_off,72,19,16,16,0,4,1,3,0
True,347,21,scoped_left,112,29,20,20,0,0,1,0,0
True,347,21,global_left,108,28,20,20,0,0,1,0,0
True,348,21,scoped_off,84,22,21,21,0,0,0,0,0
True,348,21,global_off,32,9,21,21,0,0,0,0,0
True,348,21,scoped_left,60,16,21,21,0,0,0,0,0
True,348,21,global_left,48,13,21,21,0,0,0,0,0
True,349,21,scoped_off,56,15,1,1,0,20,0,79,0
True,349,21,global_off,12,4,16,16,0,5,0,0,0
True,349,21,scoped_left,40,11,21,21,0,0,0,0,0
True,349,21,global_left,24,7,21,21,0,0,0,0,0
True,352,20,scoped_off,192,49,19,19,0,0,1,0,0
True,352,20,global_off,48,13,17,17,0,2,1,6,0
True,352,20,scoped_left,100,26,16,16,0,3,1,0,0
True,352,20,global_left,68,18,16,16,0,3,1,0,0
True,355,21,scoped_off,88,23,21,21,0,0,0,9,0
True,355,21,global_off,32,9,14,14,0,7,0,6,0
True,355,21,scoped_left,96,25,20,20,0,1,0,0,0
True,355,21,global_left,72,19,20,20,0,1,0,0,0
True,356,21,scoped_off,116,30,19,19,0,2,0,5,0
True,356,21,global_off,28,8,16,16,0,5,0,1,0
True,356,21,scoped_left,84,22,19,19,0,2,0,0,0
True,356,21,global_left,56,15,19,19,0,2,0,0,0
True,357,21,scoped_off,104,27,21,21,0,0,0,0,0
True,357,21,global_off,12,4,16,16,0,5,0,0,0
True,357,21,scoped_left,64,17,21,21,0,0,0,0,0
True,357,21,global_left,20,6,21,21,0,0,0,0,0
True,358,21,scoped_off,168,43,21,21,0,0,0,9,0
True,358,21,global_off,16,5,16,16,0,5,0,0,0
True,358,21,scoped_left,56,15,19,19,0,2,0,0,0
True,358,21,global_left,56,15,19,19,0,2,0,0,0
True,359,21,scoped_off,180,46,21,21,0,0,0,16,0
True,359,21,global_off,68,18,6,6,0,15,0,31,15
True,359,21,scoped_left,76,20,21,21,0,0,0,0,0
True,359,21,global_left,76,20,21,21,0,0,0,0,0
True,360,21,scoped_off,172,44,13,13,0,8,0,8,1
True,360,21,global_off,64,17,2,2,0,19,0,11,4
True,360,21,scoped_left,92,24,13,13,0,8,0,0,0
True,360,21,global_left,92,24,13,13,0,8,0,0,0
True,361,21,scoped_off,72,19,21,21,0,0,0,0,0
True,361,21,global_off,28,8,16,16,0,5,0,0,0
True,361,21,scoped_left,100,26,21,21,0,0,0,0,0
True,361,21,global_left,56,15,21,21,0,0,0,0,0
True,362,21,scoped_off,144,37,3,3,0,13,5,26,13
True,362,21,global_off,56,15,11,11,0,5,5,7,0
True,362,21,scoped_left,68,18,15,15,0,1,5,0,0
True,362,21,global_left,68,18,15,15,0,1,5,0,0
True,363,21,scoped_off,196,50,21,21,0,0,0,0,0
True,363,21,global_off,36,10,9,9,0,12,0,0,0
True,363,21,scoped_left,144,37,21,21,0,0,0,0,0
True,363,21,global_left,56,15,21,21,0,0,0,0,0
True,364,21,scoped_off,120,31,14,14,0,5,2,9,5
True,364,21,global_off,36,10,19,19,0,0,2,0,0
True,364,21,scoped_left,108,28,19,19,0,0,2,0,0
True,364,21,global_left,80,21,19,19,0,0,2,0,0
True,365,21,scoped_off,80,21,1,1,0,20,0,50,20
True,365,21,global_off,24,7,2,2,0,19,0,0,0
True,365,21,scoped_left,80,21,14,14,0,7,0,0,0
True,365,21,global_left,64,17,14,14,0,7,0,0,0
True,366,21,scoped_off,196,50,20,20,0,0,1,0,0
True,366,21,global_off,40,11,12,12,0,8,1,0,0
True,366,21,scoped_left,160,41,20,20,0,0,1,0,0
True,366,21,global_left,96,25,20,20,0,0,1,0,0
True,368,21,scoped_off,152,39,14,14,0,5,2,10,5
True,368,21,global_off,52,14,3,3,0,16,2,29,14
True,368,21,scoped_left,124,32,17,17,0,2,2,0,0
True,368,21,global_left,84,22,17,17,0,2,2,0,0
True,369,21,scoped_off,56,15,21,21,0,0,0,0,0
True,369,21,global_off,16,5,14,14,0,7,0,0,0
True,369,21,scoped_left,56,15,21,21,0,0,0,0,0
True,369,21,global_left,52,14,21,21,0,0,0,0,0
True,371,21,scoped_off,152,39,21,21,0,0,0,6,0
True,371,21,global_off,32,9,21,21,0,0,0,9,0
True,371,21,scoped_left,84,22,20,20,0,1,0,0,0
True,371,21,global_left,72,19,20,20,0,1,0,0,0
True,373,20,scoped_off,312,79,2,2,0,17,1,39,17
True,373,20,global_off,88,23,10,10,0,9,1,26,8
True,373,20,scoped_left,96,25,9,9,0,10,1,0,0
True,373,20,global_left,96,25,9,9,0,10,1,0,0
True,374,21,scoped_off,112,29,21,21,0,0,0,2,0
True,374,21,global_off,36,10,16,16,0,5,0,8,0
True,374,21,scoped_left,56,15,20,20,0,1,0,0,0
True,374,21,global_left,48,13,20,20,0,1,0,0,0
True,375,21,scoped_off,164,42,13,13,0,7,1,15,7
True,375,21,global_off,56,15,15,15,0,5,1,4,0
True,375,21,scoped_left,108,28,20,20,0,0,1,0,0
True,375,21,global_left,100,26,20,20,0,0,1,0,0
True,376,21,scoped_off,252,64,10,10,0,11,0,23,11
True,376,21,global_off,72,19,7,7,0,14,0,3,0
True,376,21,scoped_left,100,26,20,20,0,1,0,0,0
True,376,21,global_left,92,24,20,20,0,1,0,0,0
True,377,21,scoped_off,56,15,21,21,0,0,0,0,0
True,377,21,global_off,20,6,15,15,0,6,0,0,0
True,377,21,scoped_left,48,13,21,21,0,0,0,0,0
True,377,21,global_left,36,10,21,21,0,0,0,0,0
True,378,19,scoped_off,152,39,19,19,0,0,0,10,0
True,378,19,global_off,80,21,16,16,0,3,0,4,0
True,378,19,scoped_left,84,22,15,15,0,4,0,0,0
True,378,19,global_left,80,21,15,15,0,4,0,0,0
True,380,21,scoped_off,136,35,19,19,0,0,2,0,0
True,380,21,global_off,48,13,18,18,0,1,2,4,0
True,380,21,scoped_left,96,25,19,19,0,0,2,0,0
True,380,21,global_left,64,17,19,19,0,0,2,0,0
True,381,21,scoped_off,108,28,5,5,0,16,0,33,16
True,381,21,global_off,24,7,4,4,0,17,0,2,0
True,381,21,scoped_left,84,22,21,21,0,0,0,0,0
True,381,21,global_left,72,19,21,21,0,0,0,0,0
True,382,21,scoped_off,152,39,21,21,0,0,0,18,0
True,382,21,global_off,32,9,7,7,0,14,0,0,0
True,382,21,scoped_left,100,26,12,12,0,9,0,0,0
True,382,21,global_left,72,19,12,12,0,9,0,0,0
True,383,21,scoped_off,260,66,20,20,0,0,1,0,0
True,383,21,global_off,72,19,4,4,0,16,1,30,13
True,383,21,scoped_left,140,36,19,19,0,1,1,0,0
True,383,21,global_left,120,31,19,19,0,1,1,0,0
True,385,21,scoped_off,144,37,21,21,0,0,0,3,0
True,385,21,global_off,24,7,17,17,0,4,0,7,0
True,385,21,scoped_left,112,29,18,18,0,3,0,0,0
True,385,21,global_left,48,13,18,18,0,3,0,0,0
True,389,21,scoped_off,144,37,2,2,0,19,0,37,19
True,389,21,global_off,20,6,6,6,0,15,0,0,0
True,389,21,scoped_left,92,24,17,17,0,4,0,0,0
True,389,21,global_left,56,15,17,17,0,4,0,0,0
True,390,20,scoped_off,116,30,18,18,0,0,2,3,0
True,390,20,global_off,32,9,13,13,0,5,2,4,0
True,390,20,scoped_left,84,22,18,18,0,0,2,0,0
True,390,20,global_left,52,14,18,18,0,0,2,0,0
True,391,21,scoped_off,120,31,18,18,0,0,3,0,0
True,391,21,global_off,28,8,17,17,0,1,3,4,0
True,391,21,scoped_left,120,31,18,18,0,0,3,0,0
True,391,21,global_left,60,16,18,18,0,0,3,0,0
True,392,21,scoped_off,236,60,19,19,0,0,2,0,0
True,392,21,global_off,52,14,12,12,0,7,2,3,0
True,392,21,scoped_left,180,46,19,19,0,0,2,0,0
True,392,21,global_left,144,37,19,19,0,0,2,0,0
True,394,20,scoped_off,60,16,2,2,0,18,0,36,18
True,394,20,global_off,12,4,13,13,0,7,0,0,0
True,394,20,scoped_left,24,7,13,13,0,7,0,0,0
True,394,20,global_left,20,6,13,13,0,7,0,0,0
True,395,20,scoped_off,120,31,20,20,0,0,0,2,0
True,395,20,global_off,52,14,13,13,0,7,0,5,0
True,395,20,scoped_left,96,25,20,20,0,0,0,0,0
True,395,20,global_left,96,25,20,20,0,0,0,0,0
True,396,20,scoped_off,84,22,20,20,0,0,0,7,0
True,396,20,global_off,32,9,17,17,0,3,0,4,0
True,396,20,scoped_left,96,25,20,20,0,0,0,0,0
True,396,20,global_left,48,13,20,20,0,0,0,0,0
True,398,21,scoped_off,160,41,19,19,0,0,2,0,0
True,398,21,global_off,28,8,17,17,0,2,2,1,0
True,398,21,scoped_left,84,22,19,19,0,0,2,0,0
True,398,21,global_left,68,18,19,19,0,0,2,0,0
True,399,21,scoped_off,128,33,21,21,0,0,0,0,0
True,399,21,global_off,28,8,14,14,0,7,0,0,0
True,399,21,scoped_left,100,26,21,21,0,0,0,0,0
True,399,21,global_left,76,20,21,21,0,0,0,0,0
True,402,21,scoped_off,168,43,21,21,0,0,0,1,0
True,402,21,global_off,32,9,5,5,0,16,0,2,0
True,402,21,scoped_left,164,42,21,21,0,0,0,0,0
True,402,21,global_left,148,38,21,21,0,0,0,0,0
True,403,21,scoped_off,96,25,21,21,0,0,0,1,0
True,403,21,global_off,28,8,2,2,0,19,0,5,0
True,403,21,scoped_left,76,20,21,21,0,0,0,0,0
True,403,21,global_left,76,20,21,21,0,0,0,0,0
True,404,21,scoped_off,120,31,20,20,0,0,1,0,0
True,404,21,global_off,28,8,16,16,0,4,1,0,0
True,404,21,scoped_left,112,29,20,20,0,0,1,0,0
True,404,21,global_left,60,16,20,20,0,0,1,0,0
True,406,21,scoped_off,168,43,20,20,0,0,1,0,0
True,406,21,global_off,44,12,20,20,0,0,1,0,0
True,406,21,scoped_left,156,40,20,20,0,0,1,0,0
True,406,21,global_left,104,27,20,20,0,0,1,0,0
True,407,20,scoped_off,132,34,10,10,0,10,0,0,0
True,407,20,global_off,40,11,8,8,0,12,0,0,0
True,407,20,scoped_left,68,18,9,9,0,11,0,0,0
True,407,20,global_left,68,18,9,9,0,11,0,0,0
True,408,21,scoped_off,160,41,21,21,0,0,0,0,0
True,408,21,global_off,40,11,12,12,0,9,0,0,0
True,408,21,scoped_left,140,36,21,21,0,0,0,0,0
True,408,21,global_left,84,22,21,21,0,0,0,0,0
True,409,21,scoped_off,192,49,16,16,0,0,5,0,0
True,409,21,global_off,80,21,10,10,0,6,5,0,0
True,409,21,scoped_left,120,31,16,16,0,0,5,0,0
True,409,21,global_left,120,31,16,16,0,0,5,0,0
True,410,21,scoped_off,216,55,19,19,0,0,2,9,0
True,410,21,global_off,56,15,15,15,0,4,2,8,0
True,410,21,scoped_left,176,45,19,19,0,0,2,0,0
True,410,21,global_left,108,28,19,19,0,0,2,0,0
True,411,21,scoped_off,144,37,21,21,0,0,0,1,0
True,411,21,global_off,52,14,18,18,0,3,0,2,0
True,411,21,scoped_left,108,28,21,21,0,0,0,0,0
True,411,21,global_left,84,22,21,21,0,0,0,0,0
True,412,21,scoped_off,312,79,21,21,0,0,0,0,0
True,412,21,global_off,80,21,11,11,0,10,0,0,0
True,412,21,scoped_left,112,29,11,11,0,10,0,0,0
True,412,21,global_left,108,28,11,11,0,10,0,0,0
True,413,20,scoped_off,84,22,20,20,0,0,0,0,0
True,413,20,global_off,28,8,20,20,0,0,0,0,0
True,413,20,scoped_left,100,26,20,20,0,0,0,0,0
True,413,20,global_left,40,11,20,20,0,0,0,0,0
True,414,21,scoped_off,76,20,21,21,0,0,0,11,0
True,414,21,global_off,24,7,9,9,0,12,0,0,0
True,414,21,scoped_left,128,33,21,21,0,0,0,0,0
True,414,21,global_left,60,16,21,21,0,0,0,0,0
True,416,20,scoped_off,92,24,20,20,0,0,0,0,0
True,416,20,global_off,56,15,12,12,0,8,0,15,7
True,416,20,scoped_left,96,25,19,19,0,1,0,0,0
True,416,20,global_left,64,17,19,19,0,1,0,0,0
True,417,21,scoped_off,172,44,21,21,0,0,0,0,0
True,417,21,global_off,56,15,15,15,0,6,0,4,0
True,417,21,scoped_left,132,34,21,21,0,0,0,0,0
True,417,21,global_left,92,24,21,21,0,0,0,0,0
True,418,21,scoped_off,184,47,19,19,0,0,2,0,0
True,418,21,global_off,36,10,5,5,0,14,2,0,0
True,418,21,scoped_left,172,44,19,19,0,0,2,0,0
True,418,21,global_left,100,26,19,19,0,0,2,0,0
True,419,21,scoped_off,124,32,21,21,0,0,0,1,0
True,419,21,global_off,32,9,18,18,0,3,0,1,0
True,419,21,scoped_left,112,29,21,21,0,0,0,0,0
True,419,21,global_left,72,19,21,21,0,0,0,0,0
True,420,21,scoped_off,128,33,11,11,0,10,0,21,10
True,420,21,global_off,28,8,11,11,0,10,0,26,0
True,420,21,scoped_left,96,25,16,16,0,5,0,0,0
True,420,21,global_left,64,17,16,16,0,5,0,0,0
True,421,21,scoped_off,96,25,21,21,0,0,0,0,0
True,421,21,global_off,36,10,19,19,0,2,0,1,0
True,421,21,scoped_left,104,27,21,21,0,0,0,0,0
True,421,21,global_left,72,19,21,21,0,0,0,0,0
True,422,21,scoped_off,144,37,21,21,0,0,0,0,0
True,422,21,global_off,28,8,16,16,0,5,0,0,0
True,422,21,scoped_left,80,21,21,21,0,0,0,0,0
True,422,21,global_left,68,18,21,21,0,0,0,0,0
True,423,21,scoped_off,208,53,9,9,0,12,0,27,12
True,423,21,global_off,56,15,9,9,0,12,0,2,0
True,423,21,scoped_left,176,45,21,21,0,0,0,0,0
True,423,21,global_left,148,38,21,21,0,0,0,0,0
True,424,21,scoped_off,180,46,19,19,0,0,2,5,0
True,424,21,global_off,52,14,12,12,0,7,2,4,0
True,424,21,scoped_left,124,32,19,19,0,0,2,0,0
True,424,21,global_left,76,20,19,19,0,0,2,0,0
True,425,20,scoped_off,220,56,16,16,0,0,4,0,0
True,425,20,global_off,64,17,13,13,0,3,4,0,0
True,425,20,scoped_left,168,43,16,16,0,0,4,0,0
True,425,20,global_left,116,30,16,16,0,0,4,0,0
True,426,21,scoped_off,120,31,20,20,0,0,1,4,0
True,426,21,global_off,44,12,18,18,0,2,1,1,0
True,426,21,scoped_left,88,23,20,20,0,0,1,0,0
True,426,21,global_left,76,20,20,20,0,0,1,0,0
True,427,21,scoped_off,160,41,21,21,0,0,0,1,0
True,427,21,global_off,44,12,20,20,0,1,0,11,0
True,427,21,scoped_left,144,37,21,21,0,0,0,0,0
True,427,21,global_left,100,26,21,21,0,0,0,0,0
True,429,21,scoped_off,180,46,21,21,0,0,0,14,0
True,429,21,global_off,64,17,12,12,0,9,0,15,6
True,429,21,scoped_left,76,20,10,10,0,11,0,0,0
True,429,21,global_left,64,17,10,10,0,11,0,0,0
True,430,21,scoped_off,172,44,21,21,0,0,0,5,0
True,430,21,global_off,44,12,11,11,0,10,0,0,0
True,430,21,scoped_left,136,35,21,21,0,0,0,0,0
True,430,21,global_left,92,24,21,21,0,0,0,0,0
True,431,21,scoped_off,172,44,4,4,0,17,0,34,17
True,431,21,global_off,76,20,21,21,0,0,0,0,0
True,431,21,scoped_left,120,31,21,21,0,0,0,0,0
True,431,21,global_left,92,24,21,21,0,0,0,0,0
True,432,21,scoped_off,124,32,21,21,0,0,0,11,0
True,432,21,global_off,16,5,11,11,0,10,0,0,0
True,432,21,scoped_left,60,16,13,13,0,8,0,0,0
True,432,21,global_left,48,13,13,13,0,8,0,0,0
True,433,21,scoped_off,200,51,21,21,0,0,0,0,0
True,433,21,global_off,60,16,16,16,0,5,0,2,0
True,433,21,scoped_left,108,28,20,20,0,1,0,0,0
True,433,21,global_left,92,24,20,20,0,1,0,0,0
True,434,21,scoped_off,92,24,19,19,0,0,2,2,0
True,434,21,global_off,28,8,17,17,0,2,2,0,0
True,434,21,scoped_left,60,16,18,18,0,1,2,0,0
True,434,21,global_left,44,12,18,18,0,1,2,0,0
True,435,20,scoped_off,68,18,20,20,0,0,0,0,0
True,435,20,global_off,20,6,14,14,0,6,0,0,0
True,435,20,scoped_left,68,18,20,20,0,0,0,0,0
True,435,20,global_left,64,17,20,20,0,0,0,0,0
True,436,21,scoped_off,160,41,21,21,0,0,0,3,0
True,436,21,global_off,44,12,21,21,0,0,0,0,0
True,436,21,scoped_left,96,25,21,21,0,0,0,0,0
True,436,21,global_left,80,21,21,21,0,0,0,0,0
True,437,21,scoped_off,256,65,21,21,0,0,0,11,0
True,437,21,global_off,36,10,8,8,0,13,0,0,0
True,437,21,scoped_left,124,32,11,11,0,10,0,0,0
True,437,21,global_left,80,21,11,11,0,10,0,0,0
True,438,21,scoped_off,292,74,19,19,0,1,1,0,0
True,438,21,global_off,44,12,10,10,0,10,1,0,0
True,438,21,scoped_left,172,44,15,15,0,5,1,0,0
True,438,21,global_left,108,28,15,15,0,5,1,0,0
True,439,21,scoped_off,92,24,21,21,0,0,0,0,0
True,439,21,global_off,12,4,13,13,0,8,0,0,0
True,439,21,scoped_left,76,20,21,21,0,0,0,0,0
True,439,21,global_left,16,5,21,21,0,0,0,0,0
True,441,21,scoped_off,136,35,4,4,0,17,0,38,17
True,441,21,global_off,12,4,9,9,0,12,0,0,0
True,441,21,scoped_left,72,19,20,20,0,1,0,0,0
True,441,21,global_left,52,14,20,20,0,1,0,0,0
True,442,21,scoped_off,172,44,21,21,0,0,0,0,0
True,442,21,global_off,40,11,14,14,0,7,0,0,0
True,442,21,scoped_left,96,25,21,21,0,0,0,0,0
True,442,21,global_left,84,22,21,21,0,0,0,0,0
True,444,21,scoped_off,184,47,21,21,0,0,0,0,0
True,444,21,global_off,64,17,19,19,0,2,0,2,0
True,444,21,scoped_left,108,28,19,19,0,2,0,0,0
True,444,21,global_left,92,24,19,19,0,2,0,0,0
True,445,20,scoped_off,268,68,20,20,0,0,0,6,0
True,445,20,global_off,120,31,19,19,0,1,0,5,0
True,445,20,scoped_left,276,70,16,16,0,4,0,0,0
True,445,20,global_left,164,42,16,16,0,4,0,0,0
True,446,20,scoped_off,20,6,20,20,0,0,0,0,0
True,446,20,global_off,12,4,19,19,0,1,0,0,0
True,446,20,scoped_left,32,9,20,20,0,0,0,0,0
True,446,20,global_left,16,5,20,20,0,0,0,0,0
True,447,20,scoped_off,172,44,20,20,0,0,0,2,0
True,447,20,global_off,36,10,7,7,0,13,0,0,0
True,447,20,scoped_left,112,29,16,16,0,4,0,0,0
True,447,20,global_left,68,18,16,16,0,4,0,0,0
True,448,20,scoped_off,148,38,20,20,0,0,0,0,0
True,448,20,global_off,44,12,18,18,0,2,0,0,0
True,448,20,scoped_left,132,34,20,20,0,0,0,0,0
True,448,20,global_left,92,24,20,20,0,0,0,0,0
True,449,21,scoped_off,88,23,21,21,0,0,0,0,0
True,449,21,global_off,16,5,12,12,0,9,0,0,0
True,449,21,scoped_left,84,22,21,21,0,0,0,0,0
True,449,21,global_left,52,14,21,21,0,0,0,0,0
True,451,21,scoped_off,148,38,21,21,0,0,0,13,0
True,451,21,global_off,48,13,5,5,0,16,0,33,16
True,451,21,scoped_left,76,20,8,8,0,13,0,0,0
True,451,21,global_left,64,17,8,8,0,13,0,0,0
True,452,21,scoped_off,100,26,21,21,0,0,0,2,0
True,452,21,global_off,28,8,14,14,0,7,0,0,0
True,452,21,scoped_left,100,26,21,21,0,0,0,0,0
True,452,21,global_left,60,16,21,21,0,0,0,0,0
True,453,21,scoped_off,128,33,21,21,0,0,0,0,0
True,453,21,global_off,36,10,19,19,0,2,0,9,0
True,453,21,scoped_left,56,15,18,18,0,3,0,0,0
True,453,21,global_left,48,13,18,18,0,3,0,0,0
True,454,20,scoped_off,52,14,4,4,0,16,0,42,16
True,454,20,global_off,12,4,10,10,0,10,0,0,0
True,454,20,scoped_left,44,12,20,20,0,0,0,0,0
True,454,20,global_left,40,11,20,20,0,0,0,0,0
True,455,21,scoped_off,100,26,21,21,0,0,0,0,0
True,455,21,global_off,20,6,13,13,0,8,0,0,0
True,455,21,scoped_left,84,22,21,21,0,0,0,0,0
True,455,21,global_left,48,13,21,21,0,0,0,0,0
True,457,21,scoped_off,64,17,21,21,0,0,0,7,0
True,457,21,global_off,36,10,13,13,0,8,0,7,0
True,457,21,scoped_left,88,23,21,21,0,0,0,0,0
True,457,21,global_left,68,18,21,21,0,0,0,0,0
True,458,21,scoped_off,88,23,13,13,0,0,8,0,0
True,458,21,global_off,52,14,12,12,0,1,8,0,0
True,458,21,scoped_left,48,13,13,13,0,0,8,0,0
True,458,21,global_left,36,10,13,13,0,0,8,0,0
True,460,21,scoped_off,84,22,21,21,0,0,0,0,0
True,460,21,global_off,32,9,20,20,0,1,0,1,0
True,460,21,scoped_left,72,19,21,21,0,0,0,0,0
True,460,21,global_left,56,15,21,21,0,0,0,0,0
True,461,21,scoped_off,76,20,21,21,0,0,0,2,0
True,461,21,global_off,20,6,15,15,0,6,0,0,0
True,461,21,scoped_left,44,12,21,21,0,0,0,0,0
True,461,21,global_left,36,10,21,21,0,0,0,0,0
True,462,21,scoped_off,96,25,15,15,0,6,0,12,6
True,462,21,global_off,24,7,3,3,0,18,0,2,0
True,462,21,scoped_left,72,19,21,21,0,0,0,0,0
True,462,21,global_left,52,14,21,21,0,0,0,0,0
True,463,21,scoped_off,228,58,14,14,0,7,0,17,6
True,463,21,global_off,36,10,3,3,0,18,0,5,0
True,463,21,scoped_left,188,48,20,20,0,1,0,0,0
True,463,21,global_left,124,32,20,20,0,1,0,0,0
True,464,20,scoped_off,200,51,4,4,0,16,0,34,16
True,464,20,global_off,52,14,18,18,0,2,0,0,0
True,464,20,scoped_left,160,41,20,20,0,0,0,0,0
True,464,20,global_left,112,29,20,20,0,0,0,0,0
True,465,21,scoped_off,176,45,21,21,0,0,0,4,0
True,465,21,global_off,60,16,20,20,0,1,0,8,0
True,465,21,scoped_left,136,35,14,14,0,7,0,0,0
True,465,21,global_left,104,27,14,14,0,7,0,0,0
True,466,21,scoped_off,192,49,2,2,0,19,0,51,19
True,466,21,global_off,60,16,2,2,0,19,0,5,0
True,466,21,scoped_left,112,29,12,12,0,9,0,0,0
True,466,21,global_left,100,26,12,12,0,9,0,0,0
True,467,21,scoped_off,140,36,11,11,0,10,0,20,10
True,467,21,global_off,60,16,11,11,0,10,0,21,10
True,467,21,scoped_left,80,21,21,21,0,0,0,0,0
True,467,21,global_left,80,21,21,21,0,0,0,0,0
True,468,21,scoped_off,200,51,12,12,0,9,0,18,9
True,468,21,global_off,76,20,14,14,0,7,0,12,6
True,468,21,scoped_left,180,46,21,21,0,0,0,0,0
True,468,21,global_left,120,31,21,21,0,0,0,0,0
True,470,21,scoped_off,96,25,2,2,0,16,3,31,16
True,470,21,global_off,32,9,2,2,0,16,3,21,11
True,470,21,scoped_left,104,27,18,18,0,0,3,0,0
True,470,21,global_left,72,19,18,18,0,0,3,0,0
True,471,20,scoped_off,120,31,5,5,0,13,2,28,13
True,471,20,global_off,24,7,10,10,0,8,2,0,0
True,471,20,scoped_left,80,21,17,17,0,1,2,0,0
True,471,20,global_left,40,11,17,17,0,1,2,0,0
True,472,21,scoped_off,380,96,5,5,0,14,2,31,14
True,472,21,global_off,116,30,2,2,0,17,2,38,17
True,472,21,scoped_left,136,35,4,4,0,15,2,0,0
True,472,21,global_left,128,33,4,4,0,15,2,0,0
True,474,20,scoped_off,148,38,18,18,0,1,1,7,0
True,474,20,global_off,44,12,15,15,0,4,1,3,0
True,474,20,scoped_left,92,24,16,16,0,3,1,0,0
True,474,20,global_left,76,20,16,16,0,3,1,0,0
True,475,20,scoped_off,132,34,3,3,0,17,0,36,17
True,475,20,global_off,44,12,12,12,0,8,0,3,0
True,475,20,scoped_left,136,35,20,20,0,0,0,0,0
True,475,20,global_left,108,28,20,20,0,0,0,0,0
True,476,21,scoped_off,152,39,21,21,0,0,0,0,0
True,476,21,global_off,16,5,14,14,0,7,0,0,0
True,476,21,scoped_left,132,34,21,21,0,0,0,0,0
True,476,21,global_left,76,20,21,21,0,0,0,0,0
True,477,21,scoped_off,112,29,12,12,0,9,0,18,9
True,477,21,global_off,40,11,11,11,0,10,0,5,0
True,477,21,scoped_left,92,24,21,21,0,0,0,0,0
True,477,21,global_left,56,15,21,21,0,0,0,0,0
True,478,21,scoped_off,180,46,21,21,0,0,0,3,0
True,478,21,global_off,64,17,19,19,0,2,0,12,0
True,478,21,scoped_left,84,22,20,20,0,1,0,0,0
True,478,21,global_left,84,22,20,20,0,1,0,0,0
True,479,21,scoped_off,232,59,20,20,0,0,1,1,0
True,479,21,global_off,52,14,15,15,0,5,1,2,0
True,479,21,scoped_left,80,21,19,19,0,1,1,0,0
True,479,21,global_left,80,21,19,19,0,1,1,0,0
True,480,20,scoped_off,92,24,1,1,0,11,8,11,0
True,480,20,global_off,36,10,6,6,0,6,8,0,0
True,480,20,scoped_left,44,12,11,11,0,1,8,0,0
True,480,20,global_left,44,12,11,11,0,1,8,0,0
True,481,21,scoped_off,60,16,10,10,0,11,0,22,11
True,481,21,global_off,20,6,7,7,0,14,0,6,0
True,481,21,scoped_left,56,15,17,17,0,4,0,0,0
True,481,21,global_left,36,10,17,17,0,4,0,0,0
True,482,20,scoped_off,188,48,5,5,0,12,3,24,12
True,482,20,global_off,52,14,15,15,0,2,3,8,0
True,482,20,scoped_left,108,28,17,17,0,0,3,0,0
True,482,20,global_left,84,22,17,17,0,0,3,0,0
True,484,21,scoped_off,120,31,4,4,0,17,0,33,17
True,484,21,global_off,24,7,17,17,0,4,0,0,0
True,484,21,scoped_left,80,21,21,21,0,0,0,0,0
True,484,21,global_left,48,13,21,21,0,0,0,0,0
True,485,21,scoped_off,48,13,21,21,0,0,0,0,0
True,485,21,global_off,20,6,9,9,0,12,0,0,0
True,485,21,scoped_left,48,13,21,21,0,0,0,0,0
True,485,21,global_left,40,11,21,21,0,0,0,0,0
True,486,21,scoped_off,108,28,21,21,0,0,0,0,0
True,486,21,global_off,48,13,18,18,0,3,0,0,0
True,486,21,scoped_left,96,25,21,21,0,0,0,0,0
True,486,21,global_left,80,21,21,21,0,0,0,0,0
True,487,21,scoped_off,192,49,19,19,0,0,2,0,0
True,487,21,global_off,36,10,5,5,0,14,2,11,5
True,487,21,scoped_left,96,25,16,16,0,3,2,0,0
True,487,21,global_left,88,23,16,16,0,3,2,0,0
True,488,21,scoped_off,124,32,1,1,0,20,0,39,20
True,488,21,global_off,40,11,15,15,0,6,0,0,0
True,488,21,scoped_left,124,32,21,21,0,0,0,0,0
True,488,21,global_left,76,20,21,21,0,0,0,0,0
True,490,21,scoped_off,64,17,21,21,0,0,0,26,0
True,490,21,global_off,28,8,4,4,0,17,0,7,0
True,490,21,scoped_left,84,22,21,21,0,0,0,0,0
True,490,21,global_left,52,14,21,21,0,0,0,0,0
True,493,20,scoped_off,152,39,20,20,0,0,0,0,0
True,493,20,global_off,44,12,11,11,0,9,0,0,0
True,493,20,scoped_left,128,33,20,20,0,0,0,0,0
True,493,20,global_left,112,29,20,20,0,0,0,0,0
True,494,21,scoped_off,176,45,13,13,0,8,0,16,8
True,494,21,global_off,56,15,10,10,0,11,0,5,0
True,494,21,scoped_left,92,24,17,17,0,4,0,0,0
True,494,21,global_left,72,19,17,17,0,4,0,0,0
True,495,20,scoped_off,60,16,20,20,0,0,0,6,0
True,495,20,global_off,24,7,17,17,0,3,0,4,0
True,495,20,scoped_left,104,27,20,20,0,0,0,0,0
True,495,20,global_left,52,14,20,20,0,0,0,0,0
True,496,21,scoped_off,256,65,21,21,0,0,0,1,0
True,496,21,global_off,28,8,7,7,0,14,0,19,9
True,496,21,scoped_left,192,49,21,21,0,0,0,0,0
True,496,21,global_left,100,26,21,21,0,0,0,0,0
True,497,21,scoped_off,72,19,21,21,0,0,0,10,0
True,497,21,global_off,16,5,3,3,0,18,0,25,13
True,497,21,scoped_left,52,14,19,19,0,2,0,0,0
True,497,21,global_left,32,9,19,19,0,2,0,0,0
True,498,21,scoped_off,76,20,21,21,0,0,0,0,0
True,498,21,global_off,12,4,12,12,0,9,0,0,0
True,498,21,scoped_left,68,18,21,21,0,0,0,0,0
True,498,21,global_left,44,12,21,21,0,0,0,0,0
True,499,21,scoped_off,184,47,12,12,0,9,0,25,9
True,499,21,global_off,48,13,11,11,0,10,0,1,0
True,499,21,scoped_left,136,35,21,21,0,0,0,0,0
True,499,21,global_left,96,25,21,21,0,0,0,0,0
False,3,21,scoped_off,600,151,10,10,0,0,11,7,0
False,3,21,global_off,256,65,8,8,0,2,11,6,0
False,3,21,scoped_left,328,83,10,10,0,0,11,0,0
False,3,21,global_left,328,83,10,10,0,0,11,0,0
False,4,20,scoped_off,404,102,14,14,0,0,6,3,0
False,4,20,global_off,180,46,14,14,0,0,6,0,0
False,4,20,scoped_left,200,51,14,14,0,0,6,0,0
False,4,20,global_left,168,43,14,14,0,0,6,0,0
False,5,21,scoped_off,852,214,18,18,0,0,3,1,0
False,5,21,global_off,320,81,6,6,0,12,3,1,0
False,5,21,scoped_left,280,71,17,17,0,1,3,0,0
False,5,21,global_left,276,70,17,17,0,1,3,0,0
False,6,21,scoped_off,720,181,7,7,0,14,0,32,14
False,6,21,global_off,240,61,13,13,0,8,0,14,7
False,6,21,scoped_left,568,143,21,21,0,0,0,0,0
False,6,21,global_left,404,102,21,21,0,0,0,0,0
False,7,20,scoped_off,1080,271,20,20,0,0,0,0,0
False,7,20,global_off,376,95,18,18,0,2,0,1,0
False,7,20,scoped_left,524,132,20,20,0,0,0,0,0
False,7,20,global_left,448,113,20,20,0,0,0,0,0
False,8,21,scoped_off,1096,275,21,21,0,0,0,2,0
False,8,21,global_off,384,97,21,21,0,0,0,2,0
False,8,21,scoped_left,504,127,20,20,0,1,0,0,0
False,8,21,global_left,448,113,20,20,0,1,0,0,0
False,9,21,scoped_off,1220,306,21,21,0,0,0,0,0
False,9,21,global_off,412,104,15,15,0,6,0,0,0
False,9,21,scoped_left,692,174,21,21,0,0,0,0,0
False,9,21,global_left,552,139,21,21,0,0,0,0,0
False,10,21,scoped_off,808,203,5,5,0,16,0,32,16
False,10,21,global_off,296,75,21,21,0,0,0,2,0
False,10,21,scoped_left,516,130,21,21,0,0,0,0,0
False,10,21,global_left,400,101,21,21,0,0,0,0,0
False,12,20,scoped_off,540,136,5,5,0,14,1,27,14
False,12,20,global_off,188,48,4,4,0,15,1,23,12
False,12,20,scoped_left,292,74,18,18,0,1,1,0,0
False,12,20,global_left,244,62,18,18,0,1,1,0,0
False,13,21,scoped_off,1484,372,21,21,0,0,0,8,0
False,13,21,global_off,500,126,3,3,0,18,0,35,14
False,13,21,scoped_left,1116,280,21,21,0,0,0,0,0
False,13,21,global_left,808,203,21,21,0,0,0,0,0
False,14,21,scoped_off,1104,277,4,4,0,17,0,41,17
False,14,21,global_off,376,95,5,5,0,16,0,36,14
False,14,21,scoped_left,504,127,21,21,0,0,0,0,0
False,14,21,global_left,464,117,21,21,0,0,0,0,0
False,15,21,scoped_off,916,230,21,21,0,0,0,4,0
False,15,21,global_off,316,80,11,11,0,10,0,8,0
False,15,21,scoped_left,432,109,15,15,0,6,0,0,0
False,15,21,global_left,372,94,15,15,0,6,0,0,0
False,17,21,scoped_off,1084,272,3,3,0,18,0,36,18
False,17,21,global_off,380,96,17,17,0,4,0,2,0
False,17,21,scoped_left,600,151,21,21,0,0,0,0,0
False,17,21,global_left,556,140,21,21,0,0,0,0,0
False,19,21,scoped_off,896,225,21,21,0,0,0,15,0
False,19,21,global_off,304,77,20,20,0,1,0,8,0
False,19,21,scoped_left,592,149,21,21,0,0,0,0,0
False,19,21,global_left,448,113,21,21,0,0,0,0,0
False,20,21,scoped_off,1028,258,5,5,0,15,1,33,15
False,20,21,global_off,348,88,9,9,0,11,1,11,0
False,20,21,scoped_left,356,90,20,20,0,0,1,0,0
False,20,21,global_left,352,89,20,20,0,0,1,0,0
False,21,21,scoped_off,1420,356,15,15,0,6,0,21,6
False,21,21,global_off,476,120,13,13,0,8,0,15,3
False,21,21,scoped_left,572,144,21,21,0,0,0,0,0
False,21,21,global_left,568,143,21,21,0,0,0,0,0
False,22,21,scoped_off,600,151,3,3,0,1,17,1,0
False,22,21,global_off,300,76,3,3,0,1,17,1,0
False,22,21,scoped_left,60,16,4,4,0,0,17,0,0
False,22,21,global_left,60,16,4,4,0,0,17,0,0
False,23,21,scoped_off,788,198,21,21,0,0,0,0,0
False,23,21,global_off,268,68,19,19,0,2,0,8,0
False,23,21,scoped_left,672,169,21,21,0,0,0,0,0
False,23,21,global_left,476,120,21,21,0,0,0,0,0
False,24,21,scoped_off,508,128,21,21,0,0,0,8,0
False,24,21,global_off,188,48,21,21,0,0,0,7,0
False,24,21,scoped_left,256,65,21,21,0,0,0,0,0
False,24,21,global_left,224,57,21,21,0,0,0,0,0
False,25,21,scoped_off,860,216,3,3,0,18,0,49,18
False,25,21,global_off,316,80,4,4,0,17,0,21,0
False,25,21,scoped_left,404,102,21,21,0,0,0,0,0
False,25,21,global_left,396,100,21,21,0,0,0,0,0
False,26,21,scoped_off,880,221,21,21,0,0,0,0,0
False,26,21,global_off,304,77,20,20,0,1,0,0,0
False,26,21,scoped_left,616,155,21,21,0,0,0,0,0
False,26,21,global_left,464,117,21,21,0,0,0,0,0
False,27,21,scoped_off,712,179,21,21,0,0,0,1,0
False,27,21,global_off,256,65,21,21,0,0,0,1,0
False,27,21,scoped_left,496,125,21,21,0,0,0,0,0
False,27,21,global_left,368,93,21,21,0,0,0,0,0
False,28,21,scoped_off,1076,270,21,21,0,0,0,1,0
False,28,21,global_off,380,96,7,7,0,14,0,25,12
False,28,21,scoped_left,380,96,19,19,0,2,0,0,0
False,28,21,global_left,376,95,19,19,0,2,0,0,0
False,29,21,scoped_off,1208,303,21,21,0,0,0,0,0
False,29,21,global_off,408,103,19,19,0,2,0,5,0
False,29,21,scoped_left,864,217,21,21,0,0,0,0,0
False,29,21,global_left,656,165,21,21,0,0,0,0,0
False,31,21,scoped_off,520,131,21,21,0,0,0,2,0
False,31,21,global_off,176,45,18,18,0,3,0,2,0
False,31,21,scoped_left,448,113,21,21,0,0,0,0,0
False,31,21,global_left,312,79,21,21,0,0,0,0,0
False,32,21,scoped_off,1016,255,1,1,0,20,0,41,20
False,32,21,global_off,384,97,1,1,0,20,0,41,20
False,32,21,scoped_left,408,103,3,3,0,18,0,0,0
False,32,21,global_left,404,102,3,3,0,18,0,0,0
False,34,21,scoped_off,716,180,2,2,0,19,0,37,19
False,34,21,global_off,244,62,5,5,0,16,0,29,15
False,34,21,scoped_left,284,72,21,21,0,0,0,0,0
False,34,21,global_left,264,67,21,21,0,0,0,0,0
False,35,20,scoped_off,692,174,1,1,0,19,0,38,19
False,35,20,global_off,292,74,1,1,0,19,0,5,0
False,35,20,scoped_left,236,60,20,20,0,0,0,0,0
False,35,20,global_left,236,60,20,20,0,0,0,0,0
False,38,21,scoped_off,764,192,20,20,0,0,1,2,0
False,38,21,global_off,260,66,19,19,0,1,1,3,0
False,38,21,scoped_left,488,123,20,20,0,0,1,0,0
False,38,21,global_left,372,94,20,20,0,0,1,0,0
False,39,20,scoped_off,896,225,20,20,0,0,0,0,0
False,39,20,global_off,320,81,20,20,0,0,0,8,0
False,39,20,scoped_left,332,84,20,20,0,0,0,0,0
False,39,20,global_left,332,84,20,20,0,0,0,0,0
False,41,21,scoped_off,1000,251,2,2,0,19,0,37,19
False,41,21,global_off,344,87,21,21,0,0,0,17,0
False,41,21,scoped_left,352,89,21,21,0,0,0,0,0
False,41,21,global_left,352,89,21,21,0,0,0,0,0
False,42,20,scoped_off,1244,312,20,20,0,0,0,0,0
False,42,20,global_off,420,106,19,19,0,1,0,0,0
False,42,20,scoped_left,860,216,20,20,0,0,0,0,0
False,42,20,global_left,640,161,20,20,0,0,0,0,0
False,43,20,scoped_off,732,184,18,18,0,0,2,0,0
False,43,20,global_off,280,71,14,14,0,4,2,0,0
False,43,20,scoped_left,244,62,18,18,0,0,2,0,0
False,43,20,global_left,244,62,18,18,0,0,2,0,0
False,44,20,scoped_off,1236,310,4,4,0,15,1,30,15
False,44,20,global_off,436,110,18,18,0,1,1,14,0
False,44,20,scoped_left,548,138,19,19,0,0,1,0,0
False,44,20,global_left,528,133,19,19,0,0,1,0,0
False,46,21,scoped_off,808,203,21,21,0,0,0,7,0
False,46,21,global_off,272,69,20,20,0,1,0,9,0
False,46,21,scoped_left,744,187,21,21,0,0,0,0,0
False,46,21,global_left,508,128,21,21,0,0,0,0,0
False,47,21,scoped_off,880,221,20,20,0,0,1,0,0
False,47,21,global_off,304,77,16,16,0,4,1,1,0
False,47,21,scoped_left,528,133,20,20,0,0,1,0,0
False,47,21,global_left,456,115,20,20,0,0,1,0,0
False,48,21,scoped_off,804,202,21,21,0,0,0,0,0
False,48,21,global_off,268,68,21,21,0,0,0,0,0
False,48,21,scoped_left,484,122,21,21,0,0,0,0,0
False,48,21,global_left,376,95,21,21,0,0,0,0,0
False,49,21,scoped_off,1140,286,20,20,0,0,1,4,0
False,49,21,global_off,388,98,13,13,0,7,1,9,3
False,49,21,scoped_left,596,150,19,19,0,1,1,0,0
False,49,21,global_left,496,125,19,19,0,1,1,0,0
False,50,21,scoped_off,1096,275,19,19,0,0,2,3,0
False,50,21,global_off,376,95,10,10,0,9,2,2,0
False,50,21,scoped_left,376,95,16,16,0,3,2,0,0
False,50,21,global_left,376,95,16,16,0,3,2,0,0
False,51,21,scoped_off,1248,313,4,4,0,16,1,41,16
False,51,21,global_off,416,105,11,11,0,9,1,20,9
False,51,21,scoped_left,628,158,20,20,0,0,1,0,0
False,51,21,global_left,628,158,20,20,0,0,1,0,0
False,52,21,scoped_off,1292,324,21,21,0,0,0,0,0
False,52,21,global_off,444,112,18,18,0,3,0,1,0
False,52,21,scoped_left,964,242,21,21,0,0,0,0,0
False,52,21,global_left,704,177,21,21,0,0,0,0,0
False,53,21,scoped_off,940,236,21,21,0,0,0,3,0
False,53,21,global_off,332,84,13,13,0,8,0,7,0
False,53,21,scoped_left,440,111,18,18,0,3,0,0,0
False,53,21,global_left,392,99,18,18,0,3,0,0,0
False,54,21,scoped_off,1016,255,11,11,0,9,1,18,9
False,54,21,global_off,344,87,14,14,0,6,1,5,0
False,54,21,scoped_left,568,143,18,18,0,2,1,0,0
False,54,21,global_left,484,122,18,18,0,2,1,0,0
False,55,21,scoped_off,756,190,21,21,0,0,0,0,0
False,55,21,global_off,268,68,21,21,0,0,0,6,0
False,55,21,scoped_left,536,135,21,21,0,0,0,0,0
False,55,21,global_left,416,105,21,21,0,0,0,0,0
False,56,21,scoped_off,980,246,17,17,0,0,4,0,0
False,56,21,global_off,380,96,14,14,0,3,4,17,0
False,56,21,scoped_left,476,120,17,17,0,0,4,0,0
False,56,21,global_left,428,108,17,17,0,0,4,0,0
False,57,21,scoped_off,1212,304,21,21,0,0,0,0,0
False,57,21,global_off,412,104,21,21,0,0,0,0,0
False,57,21,scoped_left,560,141,21,21,0,0,0,0,0
False,57,21,global_left,536,135,21,21,0,0,0,0,0
False,58,21,scoped_off,996,250,21,21,0,0,0,2,0
False,58,21,global_off,332,84,20,20,0,1,0,4,0
False,58,21,scoped_left,860,216,21,21,0,0,0,0,0
False,58,21,global_left,596,150,21,21,0,0,0,0,0
False,59,21,scoped_off,1360,341,21,21,0,0,0,0,0
False,59,21,global_off,456,115,19,19,0,2,0,0,0
False,59,21,scoped_left,1128,283,21,21,0,0,0,0,0
False,59,21,global_left,792,199,21,21,0,0,0,0,0
False,60,21,scoped_off,1032,259,21,21,0,0,0,3,0
False,60,21,global_off,352,89,1,1,0,20,0,12,0
False,60,21,scoped_left,356,90,19,19,0,2,0,0,0
False,60,21,global_left,352,89,19,19,0,2,0,0,0
False,61,21,scoped_off,744,187,21,21,0,0,0,0,0
False,61,21,global_off,264,67,18,18,0,3,0,0,0
False,61,21,scoped_left,328,83,18,18,0,3,0,0,0
False,61,21,global_left,300,76,18,18,0,3,0,0,0
False,62,21,scoped_off,960,241,3,3,0,17,1,45,17
False,62,21,global_off,328,83,6,6,0,14,1,13,4
False,62,21,scoped_left,460,116,20,20,0,0,1,0,0
False,62,21,global_left,412,104,20,20,0,0,1,0,0
False,63,21,scoped_off,804,202,21,21,0,0,0,0,0
False,63,21,global_off,268,68,5,5,0,16,0,49,16
False,63,21,scoped_left,500,126,21,21,0,0,0,0,0
False,63,21,global_left,392,99,21,21,0,0,0,0,0
False,64,21,scoped_off,712,179,15,15,0,6,0,11,6
False,64,21,global_off,240,61,13,13,0,8,0,18,8
False,64,21,scoped_left,624,157,21,21,0,0,0,0,0
False,64,21,global_left,432,109,21,21,0,0,0,0,0
False,65,21,scoped_off,932,234,21,21,0,0,0,0,0
False,65,21,global_off,316,80,21,21,0,0,0,0,0
False,65,21,scoped_left,472,119,21,21,0,0,0,0,0
False,65,21,global_left,412,104,21,21,0,0,0,0,0
False,67,21,scoped_off,1088,273,21,21,0,0,0,3,0
False,67,21,global_off,360,91,21,21,0,0,0,12,0
False,67,21,scoped_left,536,135,21,21,0,0,0,0,0
False,67,21,global_left,480,121,21,21,0,0,0,0,0
False,68,21,scoped_off,1024,257,21,21,0,0,0,0,0
False,68,21,global_off,384,97,11,11,0,10,0,0,0
False,68,21,scoped_left,436,110,21,21,0,0,0,0,0
False,68,21,global_left,404,102,21,21,0,0,0,0,0
False,69,21,scoped_off,360,91,3,3,0,12,6,23,12
False,69,21,global_off,120,31,3,3,0,12,6,4,0
False,69,21,scoped_left,140,36,5,5,0,10,6,0,0
False,69,21,global_left,136,35,5,5,0,10,6,0,0
False,71,21,scoped_off,1120,281,21,21,0,0,0,8,0
False,71,21,global_off,376,95,19,19,0,2,0,6,2
False,71,21,scoped_left,924,232,21,21,0,0,0,0,0
False,71,21,global_left,660,166,21,21,0,0,0,0,0
False,73,21,scoped_off,1024,257,21,21,0,0,0,1,0
False,73,21,global_off,352,89,18,18,0,3,0,0,0
False,73,21,scoped_left,464,117,21,21,0,0,0,0,0
False,73,21,global_left,412,104,21,21,0,0,0,0,0
False,74,21,scoped_off,1064,267,21,21,0,0,0,0,0
False,74,21,global_off,360,91,20,20,0,1,0,6,0
False,74,21,scoped_left,560,141,21,21,0,0,0,0,0
False,74,21,global_left,556,140,21,21,0,0,0,0,0
False,75,21,scoped_off,848,213,19,19,0,0,2,0,0
False,75,21,global_off,304,77,8,8,0,11,2,26,11
False,75,21,scoped_left,528,133,17,17,0,2,2,0,0
False,75,21,global_left,412,104,17,17,0,2,2,0,0
False,76,20,scoped_off,800,201,20,20,0,0,0,7,0
False,76,20,global_off,296,75,19,19,0,1,0,5,0
False,76,20,scoped_left,460,116,20,20,0,0,0,0,0
False,76,20,global_left,376,95,20,20,0,0,0,0,0
False,77,20,scoped_off,688,173,20,20,0,0,0,2,0
False,77,20,global_off,232,59,13,13,0,7,0,0,0
False,77,20,scoped_left,460,116,20,20,0,0,0,0,0
False,77,20,global_left,360,91,20,20,0,0,0,0,0
False,78,21,scoped_off,792,199,21,21,0,0,0,7,0
False,78,21,global_off,280,71,16,16,0,5,0,12,0
False,78,21,scoped_left,356,90,18,18,0,3,0,0,0
False,78,21,global_left,344,87,18,18,0,3,0,0,0
False,80,21,scoped_off,680,171,21,21,0,0,0,0,0
False,80,21,global_off,232,59,14,14,0,7,0,14,7
False,80,21,scoped_left,364,92,21,21,0,0,0,0,0
False,80,21,global_left,316,80,21,21,0,0,0,0,0
False,81,21,scoped_off,736,185,21,21,0,0,0,0,0
False,81,21,global_off,248,63,21,21,0,0,0,1,0
False,81,21,scoped_left,532,134,21,21,0,0,0,0,0
False,81,21,global_left,392,99,21,21,0,0,0,0,0
False,83,21,scoped_off,1176,295,5,5,0,15,1,29,15
False,83,21,global_off,392,99,6,6,0,14,1,28,12
False,83,21,scoped_left,488,123,18,18,0,2,1,0,0
False,83,21,global_left,484,122,18,18,0,2,1,0,0
False,84,21,scoped_off,880,221,21,21,0,0,0,0,0
False,84,21,global_off,304,77,6,6,0,15,0,11,0
False,84,21,scoped_left,340,86,21,21,0,0,0,0,0
False,84,21,global_left,328,83,21,21,0,0,0,0,0
False,85,21,scoped_off,1524,382,21,21,0,0,0,1,0
False,85,21,global_off,524,132,21,21,0,0,0,6,0
False,85,21,scoped_left,780,196,21,21,0,0,0,0,0
False,85,21,global_left,664,167,21,21,0,0,0,0,0
False,86,21,scoped_off,1140,286,21,21,0,0,0,1,0
False,86,21,global_off,380,96,19,19,0,2,0,1,0
False,86,21,scoped_left,924,232,20,20,0,1,0,0,0
False,86,21,global_left,652,164,20,20,0,1,0,0,0
False,87,21,scoped_off,1104,277,21,21,0,0,0,0,0
False,87,21,global_off,368,93,18,18,0,3,0,0,0
False,87,21,scoped_left,436,110,21,21,0,0,0,0,0
False,87,21,global_left,428,108,21,21,0,0,0,0,0
False,88,21,scoped_off,976,245,20,20,0,0,1,0,0
False,88,21,global_off,344,87,11,11,0,9,1,19,8
False,88,21,scoped_left,776,195,19,19,0,1,1,0,0
False,88,21,global_left,556,140,19,19,0,1,1,0,0
False,89,21,scoped_off,904,227,2,2,0,19,0,61,0
False,89,21,global_off,320,81,7,7,0,14,0,15,0
False,89,21,scoped_left,380,96,17,17,0,4,0,0,0
False,89,21,global_left,380,96,17,17,0,4,0,0,0
False,91,21,scoped_off,1156,290,21,21,0,0,0,1,0
False,91,21,global_off,396,100,17,17,0,4,0,2,0
False,91,21,scoped_left,492,124,21,21,0,0,0,0,0
False,91,21,global_left,448,113,21,21,0,0,0,0,0
False,93,20,scoped_off,572,144,18,18,0,0,2,0,0
False,93,20,global_off,212,54,13,13,0,5,2,0,0
False,93,20,scoped_left,272,69,18,18,0,0,2,0,0
False,93,20,global_left,256,65,18,18,0,0,2,0,0
False,94,20,scoped_off,688,173,19,19,0,0,1,0,0
False,94,20,global_off,240,61,9,9,0,10,1,15,7
False,94,20,scoped_left,532,134,19,19,0,0,1,0,0
False,94,20,global_left,384,97,19,19,0,0,1,0,0
False,96,21,scoped_off,772,194,21,21,0,0,0,10,0
False,96,21,global_off,268,68,13,13,0,8,0,18,5
False,96,21,scoped_left,344,87,17,17,0,4,0,0,0
False,96,21,global_left,316,80,17,17,0,4,0,0,0
False,98,21,scoped_off,1272,319,17,17,0,4,0,8,4
False,98,21,global_off,440,111,9,9,0,12,0,23,10
False,98,21,scoped_left,1152,289,21,21,0,0,0,0,0
False,98,21,global_left,796,200,21,21,0,0,0,0,0
False,99,21,scoped_off,936,235,21,21,0,0,0,7,0
False,99,21,global_off,320,81,21,21,0,0,0,19,0
False,99,21,scoped_left,384,97,19,19,0,2,0,0,0
False,99,21,global_left,372,94,19,19,0,2,0,0,0
False,100,21,scoped_off,892,224,19,19,0,0,2,0,0
False,100,21,global_off,308,78,19,19,0,0,2,2,0
False,100,21,scoped_left,480,121,19,19,0,0,2,0,0
False,100,21,global_left,392,99,19,19,0,0,2,0,0
False,101,21,scoped_off,1144,287,21,21,0,0,0,0,0
False,101,21,global_off,384,97,13,13,0,8,0,23,8
False,101,21,scoped_left,572,144,21,21,0,0,0,0,0
False,101,21,global_left,564,142,21,21,0,0,0,0,0
False,102,21,scoped_off,764,192,10,10,0,0,11,0,0
False,102,21,global_off,312,79,8,8,0,2,11,2,0
False,102,21,scoped_left,508,128,10,10,0,0,11,0,0
False,102,21,global_left,356,90,10,10,0,0,11,0,0
False,104,20,scoped_off,932,234,20,20,0,0,0,3,0
False,104,20,global_off,316,80,20,20,0,0,0,9,0
False,104,20,scoped_left,412,104,17,17,0,3,0,0,0
False,104,20,global_left,404,102,17,17,0,3,0,0,0
False,105,21,scoped_off,480,121,17,17,0,3,1,0,0
False,105,21,global_off,188,48,5,5,0,15,1,4,0
False,105,21,scoped_left,368,93,17,17,0,3,1,0,0
False,105,21,global_left,276,70,17,17,0,3,1,0,0
False,106,21,scoped_off,468,118,21,21,0,0,0,0,0
False,106,21,global_off,172,44,19,19,0,2,0,2,0
False,106,21,scoped_left,344,87,21,21,0,0,0,0,0
False,106,21,global_left,272,69,21,21,0,0,0,0,0
False,107,21,scoped_off,768,193,21,21,0,0,0,0,0
False,107,21,global_off,256,65,21,21,0,0,0,4,0
False,107,21,scoped_left,408,103,21,21,0,0,0,0,0
False,107,21,global_left,400,101,21,21,0,0,0,0,0
False,108,21,scoped_off,964,242,9,9,0,12,0,41,0
False,108,21,global_off,324,82,19,19,0,2,0,12,0
False,108,21,scoped_left,696,175,21,21,0,0,0,0,0
False,108,21,global_left,512,129,21,21,0,0,0,0,0
False,109,21,scoped_off,688,173,21,21,0,0,0,0,0
False,109,21,global_off,232,59,15,15,0,6,0,0,0
False,109,21,scoped_left,640,161,21,21,0,0,0,0,0
False,109,21,global_left,436,110,21,21,0,0,0,0,0
False,113,21,scoped_off,720,181,21,21,0,0,0,3,0
False,113,21,global_off,248,63,18,18,0,3,0,4,0
False,113,21,scoped_left,388,98,21,21,0,0,0,0,0
False,113,21,global_left,332,84,21,21,0,0,0,0,0
False,114,21,scoped_off,860,216,10,10,0,11,0,33,11
False,114,21,global_off,300,76,17,17,0,4,0,17,4
False,114,21,scoped_left,312,79,15,15,0,6,0,0,0
False,114,21,global_left,312,79,15,15,0,6,0,0,0
False,115,21,scoped_off,576,145,13,13,0,0,8,0,0
False,115,21,global_off,252,64,1,1,0,12,8,35,0
False,115,21,scoped_left,192,49,13,13,0,0,8,0,0
False,115,21,global_left,180,46,13,13,0,0,8,0,0
False,116,20,scoped_off,1016,255,20,20,0,0,0,0,0
False,116,20,global_off,336,85,8,8,0,12,0,19,9
False,116,20,scoped_left,664,167,20,20,0,0,0,0,0
False,116,20,global_left,504,127,20,20,0,0,0,0,0
False,117,21,scoped_off,1036,260,20,20,0,0,1,0,0
False,117,21,global_off,356,90,18,18,0,2,1,1,0
False,117,21,scoped_left,656,165,20,20,0,0,1,0,0
False,117,21,global_left,516,130,20,20,0,0,1,0,0
False,118,21,scoped_off,696,175,21,21,0,0,0,0,0
False,118,21,global_off,232,59,12,12,0,9,0,5,0
False,118,21,scoped_left,484,122,21,21,0,0,0,0,0
False,118,21,global_left,360,91,21,21,0,0,0,0,0
False,119,21,scoped_off,888,223,20,20,0,0,1,0,0
False,119,21,global_off,344,87,18,18,0,2,1,3,0
False,119,21,scoped_left,460,116,20,20,0,0,1,0,0
False,119,21,global_left,388,98,20,20,0,0,1,0,0
False,120,21,scoped_off,1324,332,21,21,0,0,0,0,0
False,120,21,global_off,444,112,20,20,0,1,0,0,0
False,120,21,scoped_left,900,226,21,21,0,0,0,0,0
False,120,21,global_left,672,169,21,21,0,0,0,0,0
False,121,21,scoped_off,920,231,21,21,0,0,0,1,0
False,121,21,global_off,304,77,21,21,0,0,0,2,0
False,121,21,scoped_left,604,152,21,21,0,0,0,0,0
False,121,21,global_left,508,128,21,21,0,0,0,0,0
False,125,21,scoped_off,708,178,8,8,0,13,0,25,13
False,125,21,global_off,252,64,4,4,0,17,0,35,14
False,125,21,scoped_left,276,70,10,10,0,11,0,0,0
False,125,21,global_left,268,68,10,10,0,11,0,0,0
False,127,21,scoped_off,1244,312,20,20,0,0,1,1,0
False,127,21,global_off,428,108,19,19,0,1,1,1,0
False,127,21,scoped_left,504,127,19,19,0,1,1,0,0
False,127,21,global_left,488,123,19,19,0,1,1,0,0
False,128,21,scoped_off,1052,264,5,5,0,16,0,35,16
False,128,21,global_off,364,92,6,6,0,15,0,32,15
False,128,21,scoped_left,656,165,21,21,0,0,0,0,0
False,128,21,global_left,560,141,21,21,0,0,0,0,0
False,131,21,scoped_off,1176,295,21,21,0,0,0,0,0
False,131,21,global_off,400,101,21,21,0,0,0,4,0
False,131,21,scoped_left,600,151,21,21,0,0,0,0,0
False,131,21,global_left,528,133,21,21,0,0,0,0,0
False,132,21,scoped_off,960,241,2,2,0,19,0,40,19
False,132,21,global_off,328,83,3,3,0,18,0,14,1
False,132,21,scoped_left,348,88,21,21,0,0,0,0,0
False,132,21,global_left,348,88,21,21,0,0,0,0,0
False,133,20,scoped_off,836,210,20,20,0,0,0,0,0
False,133,20,global_off,284,72,20,20,0,0,0,6,0
False,133,20,scoped_left,532,134,20,20,0,0,0,0,0
False,133,20,global_left,412,104,20,20,0,0,0,0,0
False,135,21,scoped_off,1400,351,20,20,0,0,1,6,0
False,135,21,global_off,480,121,19,19,0,1,1,10,0
False,135,21,scoped_left,892,224,17,17,0,3,1,0,0
False,135,21,global_left,688,173,17,17,0,3,1,0,0
False,136,21,scoped_off,940,236,19,19,0,0,2,0,0
False,136,21,global_off,324,82,16,16,0,3,2,15,0
False,136,21,scoped_left,504,127,15,15,0,4,2,0,0
False,136,21,global_left,420,106,15,15,0,4,2,0,0
False,137,20,scoped_off,916,230,19,19,0,0,1,0,0
False,137,20,global_off,324,82,19,19,0,0,1,6,0
False,137,20,scoped_left,444,112,19,19,0,0,1,0,0
False,137,20,global_left,380,96,19,19,0,0,1,0,0
False,138,21,scoped_off,928,233,20,20,0,0,1,7,0
False,138,21,global_off,320,81,10,10,0,10,1,1,0
False,138,21,scoped_left,680,171,18,18,0,2,1,0,0
False,138,21,global_left,508,128,18,18,0,2,1,0,0
False,139,21,scoped_off,996,250,19,19,0,0,2,0,0
False,139,21,global_off,348,88,12,12,0,7,2,7,4
False,139,21,scoped_left,380,96,19,19,0,0,2,0,0
False,139,21,global_left,376,95,19,19,0,0,2,0,0
False,141,20,scoped_off,636,160,17,17,0,1,2,2,0
False,141,20,global_off,240,61,16,16,0,2,2,2,0
False,141,20,scoped_left,400,101,17,17,0,1,2,0,0
False,141,20,global_left,324,82,17,17,0,1,2,0,0
False,142,20,scoped_off,1372,344,20,20,0,0,0,0,0
False,142,20,global_off,468,118,6,6,0,14,0,22,11
False,142,20,scoped_left,792,199,20,20,0,0,0,0,0
False,142,20,global_left,632,159,20,20,0,0,0,0,0
False,144,21,scoped_off,780,196,21,21,0,0,0,0,0
False,144,21,global_off,292,74,21,21,0,0,0,4,0
False,144,21,scoped_left,632,159,21,21,0,0,0,0,0
False,144,21,global_left,452,114,21,21,0,0,0,0,0
False,145,21,scoped_off,824,207,20,20,0,0,1,12,0
False,145,21,global_off,272,69,8,8,0,12,1,12,0
False,145,21,scoped_left,392,99,20,20,0,0,1,0,0
False,145,21,global_left,364,92,20,20,0,0,1,0,0
False,146,21,scoped_off,980,246,21,21,0,0,0,5,0
False,146,21,global_off,392,99,18,18,0,3,0,5,0
False,146,21,scoped_left,556,140,21,21,0,0,0,0,0
False,146,21,global_left,480,121,21,21,0,0,0,0,0
False,148,21,scoped_off,868,218,20,20,0,0,1,0,0
False,148,21,global_off,304,77,20,20,0,0,1,4,0
False,148,21,scoped_left,788,198,20,20,0,0,1,0,0
False,148,21,global_left,548,138,20,20,0,0,1,0,0
False,149,21,scoped_off,1188,298,21,21,0,0,0,7,0
False,149,21,global_off,396,100,16,16,0,5,0,0,0
False,149,21,scoped_left,908,228,21,21,0,0,0,0,0
False,149,21,global_left,652,164,21,21,0,0,0,0,0
False,150,21,scoped_off,800,201,21,21,0,0,0,0,0
False,150,21,global_off,272,69,3,3,0,18,0,36,18
False,150,21,scoped_left,392,99,21,21,0,0,0,0,0
False,150,21,global_left,384,97,21,21,0,0,0,0,0
False,151,21,scoped_off,748,188,1,1,0,20,0,70,0
False,151,21,global_off,252,64,1,1,0,20,0,44,20
False,151,21,scoped_left,284,72,3,3,0,18,0,0,0
False,151,21,global_left,272,69,3,3,0,18,0,0,0
False,152,21,scoped_off,756,190,19,19,0,0,2,1,0
False,152,21,global_off,260,66,17,17,0,2,2,5,0
False,152,21,scoped_left,440,111,18,18,0,1,2,0,0
False,152,21,global_left,412,104,18,18,0,1,2,0,0
False,154,21,scoped_off,552,139,19,19,0,0,2,3,0
False,154,21,global_off,184,47,17,17,0,2,2,1,0
False,154,21,scoped_left,284,72,19,19,0,0,2,0,0
False,154,21,global_left,268,68,19,19,0,0,2,0,0
False,155,21,scoped_off,504,127,17,17,0,4,0,8,4
False,155,21,global_off,200,51,8,8,0,13,0,28,13
False,155,21,scoped_left,192,49,17,17,0,4,0,0,0
False,155,21,global_left,188,48,17,17,0,4,0,0,0
False,157,20,scoped_off,1132,284,19,19,0,0,1,5,0
False,157,20,global_off,404,102,18,18,0,1,1,0,0
False,157,20,scoped_left,904,227,19,19,0,0,1,0,0
False,157,20,global_left,676,170,19,19,0,0,1,0,0
False,158,20,scoped_off,900,226,20,20,0,0,0,7,0
False,158,20,global_off,316,80,18,18,0,2,0,11,0
False,158,20,scoped_left,716,180,20,20,0,0,0,0,0
False,158,20,global_left,516,130,20,20,0,0,0,0,0
False,159,21,scoped_off,1300,326,21,21,0,0,0,0,0
False,159,21,global_off,444,112,19,19,0,2,0,1,0
False,159,21,scoped_left,784,197,20,20,0,1,0,0,0
False,159,21,global_left,612,154,20,20,0,1,0,0,0
False,160,21,scoped_off,832,209,1,1,0,20,0,40,20
False,160,21,global_off,288,73,2,2,0,19,0,26,13
False,160,21,scoped_left,308,78,21,21,0,0,0,0,0
False,160,21,global_left,308,78,21,21,0,0,0,0,0
False,161,20,scoped_off,860,216,8,8,0,12,0,26,12
False,161,20,global_off,292,74,16,16,0,4,0,9,0
False,161,20,scoped_left,456,115,20,20,0,0,0,0,0
False,161,20,global_left,388,98,20,20,0,0,0,0,0
False,162,20,scoped_off,1028,258,4,4,0,16,0,52,0
False,162,20,global_off,348,88,5,5,0,15,0,44,0
False,162,20,scoped_left,396,100,16,16,0,4,0,0,0
False,162,20,global_left,388,98,16,16,0,4,0,0,0
False,167,21,scoped_off,792,199,21,21,0,0,0,0,0
False,167,21,global_off,312,79,21,21,0,0,0,9,0
False,167,21,scoped_left,260,66,21,21,0,0,0,0,0
False,167,21,global_left,260,66,21,21,0,0,0,0,0
False,168,21,scoped_off,616,155,10,10,0,11,0,27,11
False,168,21,global_off,232,59,17,17,0,4,0,11,4
False,168,21,scoped_left,256,65,21,21,0,0,0,0,0
False,168,21,global_left,256,65,21,21,0,0,0,0,0
False,169,20,scoped_off,1080,271,20,20,0,0,0,0,0
False,169,20,global_off,376,95,20,20,0,0,0,9,0
False,169,20,scoped_left,544,137,20,20,0,0,0,0,0
False,169,20,global_left,472,119,20,20,0,0,0,0,0
False,171,21,scoped_off,1716,430,21,21,0,0,0,0,0
False,171,21,global_off,572,144,21,21,0,0,0,5,0
False,171,21,scoped_left,1224,307,21,21,0,0,0,0,0
False,171,21,global_left,920,231,21,21,0,0,0,0,0
False,172,21,scoped_off,848,213,17,17,0,0,4,9,0
False,172,21,global_off,312,79,11,11,0,6,4,5,0
False,172,21,scoped_left,532,134,17,17,0,0,4,0,0
False,172,21,global_left,448,113,17,17,0,0,4,0,0
False,173,20,scoped_off,488,123,15,15,0,5,0,9,5
False,173,20,global_off,220,56,10,10,0,10,0,9,5
False,173,20,scoped_left,304,77,20,20,0,0,0,0,0
False,173,20,global_left,304,77,20,20,0,0,0,0,0
False,174,21,scoped_off,792,199,21,21,0,0,0,0,0
False,174,21,global_off,304,77,9,9,0,12,0,10,0
False,174,21,scoped_left,364,92,19,19,0,2,0,0,0
False,174,21,global_left,328,83,19,19,0,2,0,0,0
False,175,21,scoped_off,820,206,15,15,0,0,6,0,0
False,175,21,global_off,324,82,10,10,0,5,6,5,0
False,175,21,scoped_left,312,79,15,15,0,0,6,0,0
False,175,21,global_left,308,78,15,15,0,0,6,0,0
False,176,21,scoped_off,984,247,18,18,0,0,3,1,0
False,176,21,global_off,368,93,15,15,0,3,3,0,0
False,176,21,scoped_left,396,100,18,18,0,0,3,0,0
False,176,21,global_left,364,92,18,18,0,0,3,0,0
False,177,21,scoped_off,1024,257,21,21,0,0,0,0,0
False,177,21,global_off,344,87,21,21,0,0,0,0,0
False,177,21,scoped_left,564,142,21,21,0,0,0,0,0
False,177,21,global_left,456,115,21,21,0,0,0,0,0
False,178,21,scoped_off,1208,303,1,1,0,20,0,45,20
False,178,21,global_off,408,103,21,21,0,0,0,1,0
False,178,21,scoped_left,644,162,21,21,0,0,0,0,0
False,178,21,global_left,588,148,21,21,0,0,0,0,0
False,179,21,scoped_off,1412,354,21,21,0,0,0,0,0
False,179,21,global_off,468,118,14,14,0,7,0,3,0
False,179,21,scoped_left,512,129,21,21,0,0,0,0,0
False,179,21,global_left,508,128,21,21,0,0,0,0,0
False,180,21,scoped_off,412,104,19,19,0,0,2,0,0
False,180,21,global_off,156,40,18,18,0,1,2,5,0
False,180,21,scoped_left,180,46,16,16,0,3,2,0,0
False,180,21,global_left,176,45,16,16,0,3,2,0,0
False,181,21,scoped_off,876,220,21,21,0,0,0,0,0
False,181,21,global_off,292,74,7,7,0,14,0,19,0
False,181,21,scoped_left,520,131,21,21,0,0,0,0,0
False,181,21,global_left,408,103,21,21,0,0,0,0,0
False,182,21,scoped_off,1128,283,20,20,0,0,1,0,0
False,182,21,global_off,392,99,9,9,0,11,1,0,0
False,182,21,scoped_left,404,102,20,20,0,0,1,0,0
False,182,21,global_left,396,100,20,20,0,0,1,0,0
False,184,21,scoped_off,772,194,21,21,0,0,0,5,0
False,184,21,global_off,268,68,9,9,0,12,0,16,8
False,184,21,scoped_left,380,96,21,21,0,0,0,0,0
False,184,21,global_left,356,90,21,21,0,0,0,0,0
False,185,21,scoped_off,1032,259,3,3,0,14,4,29,14
False,185,21,global_off,392,99,13,13,0,4,4,15,0
False,185,21,scoped_left,396,100,7,7,0,10,4,0,0
False,185,21,global_left,388,98,7,7,0,10,4,0,0
False,187,20,scoped_off,1124,282,2,2,0,18,0,49,18
False,187,20,global_off,380,96,3,3,0,17,0,63,0
False,187,20,scoped_left,632,159,13,13,0,7,0,0,0
False,187,20,global_left,528,133,13,13,0,7,0,0,0
False,188,21,scoped_off,1376,345,21,21,0,0,0,4,0
False,188,21,global_off,456,115,19,19,0,2,0,5,0
False,188,21,scoped_left,752,189,19,19,0,2,0,0,0
False,188,21,global_left,604,152,19,19,0,2,0,0,0
False,189,21,scoped_off,604,152,16,16,0,2,3,2,0
False,189,21,global_off,212,54,14,14,0,4,3,3,0
False,189,21,scoped_left,412,104,16,16,0,2,3,0,0
False,189,21,global_left,320,81,16,16,0,2,3,0,0
False,190,21,scoped_off,728,183,21,21,0,0,0,0,0
False,190,21,global_off,248,63,20,20,0,1,0,4,0
False,190,21,scoped_left,332,84,19,19,0,2,0,0,0
False,190,21,global_left,316,80,19,19,0,2,0,0,0
False,191,21,scoped_off,772,194,19,19,0,0,2,0,0
False,191,21,global_off,268,68,18,18,0,1,2,3,0
False,191,21,scoped_left,340,86,16,16,0,3,2,0,0
False,191,21,global_left,312,79,16,16,0,3,2,0,0
False,197,21,scoped_off,1216,305,13,13,0,8,0,19,8
False,197,21,global_off,448,113,19,19,0,2,0,7,0
False,197,21,scoped_left,608,153,21,21,0,0,0,0,0
False,197,21,global_left,528,133,21,21,0,0,0,0,0
False,198,21,scoped_off,816,205,21,21,0,0,0,0,0
False,198,21,global_off,280,71,9,9,0,12,0,21,11
False,198,21,scoped_left,468,118,21,21,0,0,0,0,0
False,198,21,global_left,372,94,21,21,0,0,0,0,0
False,199,21,scoped_off,608,153,21,21,0,0,0,0,0
False,199,21,global_off,216,55,12,12,0,9,0,19,8
False,199,21,scoped_left,280,71,17,17,0,4,0,0,0
False,199,21,global_left,276,70,17,17,0,4,0,0,0
False,200,21,scoped_off,968,243,21,21,0,0,0,10,0
False,200,21,global_off,328,83,19,19,0,2,0,4,2
False,200,21,scoped_left,424,107,21,21,0,0,0,0,0
False,200,21,global_left,384,97,21,21,0,0,0,0,0
False,201,21,scoped_off,548,138,4,4,0,17,0,36,17
False,201,21,global_off,196,50,4,4,0,17,0,28,11
False,201,21,scoped_left,408,103,21,21,0,0,0,0,0
False,201,21,global_left,304,77,21,21,0,0,0,0,0
False,202,21,scoped_off,792,199,21,21,0,0,0,0,0
False,202,21,global_off,272,69,20,20,0,1,0,5,0
False,202,21,scoped_left,456,115,21,21,0,0,0,0,0
False,202,21,global_left,364,92,21,21,0,0,0,0,0
False,203,20,scoped_off,880,221,19,19,0,0,1,0,0
False,203,20,global_off,296,75,12,12,0,7,1,8,4
False,203,20,scoped_left,420,106,19,19,0,0,1,0,0
False,203,20,global_left,384,97,19,19,0,0,1,0,0
False,204,21,scoped_off,592,149,21,21,0,0,0,0,0
False,204,21,global_off,200,51,21,21,0,0,0,5,0
False,204,21,scoped_left,400,101,21,21,0,0,0,0,0
False,204,21,global_left,300,76,21,21,0,0,0,0,0
False,205,21,scoped_off,1120,281,21,21,0,0,0,8,0
False,205,21,global_off,384,97,18,18,0,3,0,0,0
False,205,21,scoped_left,976,245,21,21,0,0,0,0,0
False,205,21,global_left,684,172,21,21,0,0,0,0,0
False,206,21,scoped_off,1092,274,21,21,0,0,0,8,0
False,206,21,global_off,388,98,9,9,0,12,0,1,0
False,206,21,scoped_left,476,120,11,11,0,10,0,0,0
False,206,21,global_left,452,114,11,11,0,10,0,0,0
False,207,19,scoped_off,968,243,19,19,0,0,0,0,0
False,207,19,global_off,416,105,10,10,0,9,0,8,4
False,207,19,scoped_left,824,207,19,19,0,0,0,0,0
False,207,19,global_left,596,150,19,19,0,0,0,0,0
False,208,21,scoped_off,1152,289,20,20,0,0,1,13,0
False,208,21,global_off,384,97,4,4,0,16,1,42,16
False,208,21,scoped_left,780,196,20,20,0,0,1,0,0
False,208,21,global_left,600,151,20,20,0,0,1,0,0
False,209,21,scoped_off,964,242,20,20,0,0,1,1,0
False,209,21,global_off,332,84,6,6,0,14,1,1,0
False,209,21,scoped_left,360,91,19,19,0,1,1,0,0
False,209,21,global_left,352,89,19,19,0,1,1,0,0
False,210,21,scoped_off,680,171,20,20,0,0,1,0,0
False,210,21,global_off,248,63,9,9,0,11,1,3,0
False,210,21,scoped_left,336,85,9,9,0,11,1,0,0
False,210,21,global_left,308,78,9,9,0,11,1,0,0
False,212,21,scoped_off,1072,269,3,3,0,18,0,40,18
False,212,21,global_off,360,91,5,5,0,16,0,38,15
False,212,21,scoped_left,616,155,21,21,0,0,0,0,0
False,212,21,global_left,500,126,21,21,0,0,0,0,0
False,213,21,scoped_off,736,185,21,21,0,0,0,0,0
False,213,21,global_off,264,67,19,19,0,2,0,2,0
False,213,21,scoped_left,528,133,21,21,0,0,0,0,0
False,213,21,global_left,400,101,21,21,0,0,0,0,0
False,214,21,scoped_off,920,231,1,1,0,20,0,40,20
False,214,21,global_off,312,79,1,1,0,20,0,38,19
False,214,21,scoped_left,368,93,3,3,0,18,0,0,0
False,214,21,global_left,348,88,3,3,0,18,0,0,0
False,216,21,scoped_off,952,239,21,21,0,0,0,5,0
False,216,21,global_off,320,81,10,10,0,11,0,3,0
False,216,21,scoped_left,368,93,21,21,0,0,0,0,0
False,216,21,global_left,360,91,21,21,0,0,0,0,0
False,217,21,scoped_off,1396,350,21,21,0,0,0,0,0
False,217,21,global_off,476,120,21,21,0,0,0,0,0
False,217,21,scoped_left,600,151,21,21,0,0,0,0,0
False,217,21,global_left,564,142,21,21,0,0,0,0,0
False,218,21,scoped_off,1132,284,21,21,0,0,0,0,0
False,218,21,global_off,404,102,21,21,0,0,0,7,0
False,218,21,scoped_left,532,134,21,21,0,0,0,0,0
False,218,21,global_left,484,122,21,21,0,0,0,0,0
False,219,21,scoped_off,672,169,21,21,0,0,0,1,0
False,219,21,global_off,232,59,7,7,0,14,0,31,13
False,219,21,scoped_left,384,97,21,21,0,0,0,0,0
False,219,21,global_left,304,77,21,21,0,0,0,0,0
False,220,21,scoped_off,1104,277,4,4,0,17,0,39,17
False,220,21,global_off,376,95,9,9,0,12,0,24,11
False,220,21,scoped_left,508,128,21,21,0,0,0,0,0
False,220,21,global_left,440,111,21,21,0,0,0,0,0
False,221,21,scoped_off,1240,311,2,2,0,19,0,39,19
False,221,21,global_off,424,107,17,17,0,4,0,9,0
False,221,21,scoped_left,724,182,18,18,0,3,0,0,0
False,221,21,global_left,600,151,18,18,0,3,0,0,0
False,222,21,scoped_off,896,225,21,21,0,0,0,13,0
False,222,21,global_off,304,77,21,21,0,0,0,12,0
False,222,21,scoped_left,324,82,20,20,0,1,0,0,0
False,222,21,global_left,320,81,20,20,0,1,0,0,0
False,223,21,scoped_off,620,156,17,17,0,0,4,0,0
False,223,21,global_off,264,67,12,12,0,5,4,2,0
False,223,21,scoped_left,276,70,17,17,0,0,4,0,0
False,223,21,global_left,256,65,17,17,0,0,4,0,0
False,226,21,scoped_off,1032,259,1,1,0,20,0,40,20
False,226,21,global_off,360,91,17,17,0,4,0,24,3
False,226,21,scoped_left,404,102,17,17,0,4,0,0,0
False,226,21,global_left,384,97,17,17,0,4,0,0,0
False,227,21,scoped_off,596,150,21,21,0,0,0,1,0
False,227,21,global_off,204,52,21,21,0,0,0,2,0
False,227,21,scoped_left,324,82,21,21,0,0,0,0,0
False,227,21,global_left,268,68,21,21,0,0,0,0,0
False,228,21,scoped_off,1376,345,2,2,0,19,0,48,19
False,228,21,global_off,480,121,20,20,0,1,0,4,0
False,228,21,scoped_left,892,224,21,21,0,0,0,0,0
False,228,21,global_left,696,175,21,21,0,0,0,0,0
False,229,21,scoped_off,844,212,2,2,0,19,0,38,19
False,229,21,global_off,284,72,5,5,0,16,0,5,0
False,229,21,scoped_left,416,105,21,21,0,0,0,0,0
False,229,21,global_left,360,91,21,21,0,0,0,0,0
False,230,20,scoped_off,640,161,20,20,0,0,0,0,0
False,230,20,global_off,232,59,7,7,0,13,0,13,0
False,230,20,scoped_left,460,116,18,18,0,2,0,0,0
False,230,20,global_left,340,86,18,18,0,2,0,0,0
False,231,21,scoped_off,920,231,11,11,0,9,1,16,0
False,231,21,global_off,320,81,17,17,0,3,1,9,0
False,231,21,scoped_left,716,180,20,20,0,0,1,0,0
False,231,21,global_left,512,129,20,20,0,0,1,0,0
False,232,21,scoped_off,1452,364,21,21,0,0,0,13,0
False,232,21,global_off,492,124,17,17,0,4,0,11,0
False,232,21,scoped_left,560,141,7,7,0,14,0,0,0
False,232,21,global_left,536,135,7,7,0,14,0,0,0
False,233,21,scoped_off,752,189,21,21,0,0,0,15,0
False,233,21,global_off,272,69,18,18,0,3,0,16,2
False,233,21,scoped_left,332,84,14,14,0,7,0,0,0
False,233,21,global_left,316,80,14,14,0,7,0,0,0
False,234,19,scoped_off,808,203,19,19,0,0,0,14,0
False,234,19,global_off,272,69,19,19,0,0,0,12,0
False,234,19,scoped_left,512,129,19,19,0,0,0,0,0
False,234,19,global_left,396,100,19,19,0,0,0,0,0
False,235,21,scoped_off,980,246,18,18,0,0,3,0,0
False,235,21,global_off,368,93,15,15,0,3,3,0,0
False,235,21,scoped_left,316,80,18,18,0,0,3,0,0
False,235,21,global_left,312,79,18,18,0,0,3,0,0
False,236,21,scoped_off,660,166,21,21,0,0,0,0,0
False,236,21,global_off,220,56,7,7,0,14,0,31,12
False,236,21,scoped_left,556,140,21,21,0,0,0,0,0
False,236,21,global_left,388,98,21,21,0,0,0,0,0
False,237,20,scoped_off,704,177,18,18,0,0,2,0,0
False,237,20,global_off,288,73,18,18,0,0,2,0,0
False,237,20,scoped_left,352,89,18,18,0,0,2,0,0
False,237,20,global_left,284,72,18,18,0,0,2,0,0
False,238,21,scoped_off,1308,328,20,20,0,0,1,0,0
False,238,21,global_off,436,110,18,18,0,2,1,0,0
False,238,21,scoped_left,1196,300,20,20,0,0,1,0,0
False,238,21,global_left,824,207,20,20,0,0,1,0,0
False,239,20,scoped_off,792,199,1,1,0,19,0,37,19
False,239,20,global_off,264,67,8,8,0,12,0,28,0
False,239,20,scoped_left,456,115,20,20,0,0,0,0,0
False,239,20,global_left,376,95,20,20,0,0,0,0,0
False,240,21,scoped_off,700,176,5,5,0,15,1,29,15
False,240,21,global_off,236,60,5,5,0,15,1,26,13
False,240,21,scoped_left,420,106,20,20,0,0,1,0,0
False,240,21,global_left,328,83,20,20,0,0,1,0,0
False,241,21,scoped_off,832,209,1,1,0,16,4,37,16
False,241,21,global_off,288,73,1,1,0,16,4,30,15
False,241,21,scoped_left,308,78,10,10,0,7,4,0,0
False,241,21,global_left,308,78,10,10,0,7,4,0,0
False,243,21,scoped_off,1096,275,3,3,0,17,1,35,17
False,243,21,global_off,368,93,9,9,0,11,1,26,11
False,243,21,scoped_left,524,132,20,20,0,0,1,0,0
False,243,21,global_left,448,113,20,20,0,0,1,0,0
False,245,21,scoped_off,792,199,21,21,0,0,0,0,0
False,245,21,global_off,272,69,21,21,0,0,0,1,0
False,245,21,scoped_left,376,95,21,21,0,0,0,0,0
False,245,21,global_left,320,81,21,21,0,0,0,0,0
False,246,21,scoped_off,512,129,19,19,0,0,2,6,0
False,246,21,global_off,268,68,11,11,0,8,2,1,0
False,246,21,scoped_left,384,97,19,19,0,0,2,0,0
False,246,21,global_left,372,94,19,19,0,0,2,0,0
False,248,21,scoped_off,1064,267,21,21,0,0,0,15,0
False,248,21,global_off,352,89,21,21,0,0,0,6,0
False,248,21,scoped_left,768,193,21,21,0,0,0,0,0
False,248,21,global_left,560,141,21,21,0,0,0,0,0
False,249,21,scoped_off,1368,343,19,19,0,0,2,2,0
False,249,21,global_off,496,125,10,10,0,9,2,24,9
False,249,21,scoped_left,1016,255,19,19,0,0,2,0,0
False,249,21,global_left,760,191,19,19,0,0,2,0,0
False,250,20,scoped_off,772,194,18,18,0,0,2,2,0
False,250,20,global_off,292,74,18,18,0,0,2,5,0
False,250,20,scoped_left,340,86,17,17,0,1,2,0,0
False,250,20,global_left,316,80,17,17,0,1,2,0,0
False,252,21,scoped_off,1620,406,21,21,0,0,0,0,0
False,252,21,global_off,540,136,5,5,0,16,0,60,16
False,252,21,scoped_left,884,222,18,18,0,3,0,0,0
False,252,21,global_left,716,180,18,18,0,3,0,0,0
False,253,19,scoped_off,956,240,19,19,0,0,0,0,0
False,253,19,global_off,340,86,19,19,0,0,0,6,0
False,253,19,scoped_left,736,185,18,18,0,1,0,0,0
False,253,19,global_left,556,140,18,18,0,1,0,0,0
False,254,21,scoped_off,492,124,21,21,0,0,0,14,0
False,254,21,global_off,164,42,16,16,0,5,0,3,0
False,254,21,scoped_left,308,78,21,21,0,0,0,0,0
False,254,21,global_left,236,60,21,21,0,0,0,0,0
False,255,21,scoped_off,788,198,21,21,0,0,0,0,0
False,255,21,global_off,276,70,21,21,0,0,0,10,0
False,255,21,scoped_left,404,102,21,21,0,0,0,0,0
False,255,21,global_left,340,86,21,21,0,0,0,0,0
False,256,20,scoped_off,676,170,14,14,0,4,2,8,4
False,256,20,global_off,260,66,6,6,0,12,2,7,2
False,256,20,scoped_left,296,75,12,12,0,6,2,0,0
False,256,20,global_left,292,74,12,12,0,6,2,0,0
False,257,21,scoped_off,1304,327,20,20,0,0,1,0,0
False,257,21,global_off,464,117,18,18,0,2,1,2,0
False,257,21,scoped_left,620,156,19,19,0,1,1,0,0
False,257,21,global_left,548,138,19,19,0,1,1,0,0
False,260,21,scoped_off,804,202,21,21,0,0,0,7,0
False,260,21,global_off,300,76,2,2,0,19,0,33,15
False,260,21,scoped_left,320,81,21,21,0,0,0,0,0
False,260,21,global_left,300,76,21,21,0,0,0,0,0
False,261,21,scoped_off,892,224,3,3,0,18,0,53,18
False,261,21,global_off,340,86,5,5,0,16,0,17,0
False,261,21,scoped_left,488,123,21,21,0,0,0,0,0
False,261,21,global_left,412,104,21,21,0,0,0,0,0
False,263,21,scoped_off,864,217,17,17,0,0,4,0,0
False,263,21,global_off,368,93,11,11,0,6,4,0,0
False,263,21,scoped_left,332,84,17,17,0,0,4,0,0
False,263,21,global_left,328,83,17,17,0,0,4,0,0
False,264,21,scoped_off,916,230,20,20,0,0,1,23,0
False,264,21,global_off,324,82,8,8,0,12,1,13,0
False,264,21,scoped_left,380,96,19,19,0,1,1,0,0
False,264,21,global_left,356,90,19,19,0,1,1,0,0
False,265,21,scoped_off,520,131,21,21,0,0,0,0,0
False,265,21,global_off,184,47,18,18,0,3,0,8,0
False,265,21,scoped_left,256,65,21,21,0,0,0,0,0
False,265,21,global_left,220,56,21,21,0,0,0,0,0
False,266,20,scoped_off,812,204,5,5,0,14,1,30,14
False,266,20,global_off,284,72,19,19,0,0,1,2,0
False,266,20,scoped_left,388,98,19,19,0,0,1,0,0
False,266,20,global_left,344,87,19,19,0,0,1,0,0
False,267,21,scoped_off,1300,326,2,2,0,19,0,38,19
False,267,21,global_off,452,114,7,7,0,14,0,28,14
False,267,21,scoped_left,576,145,8,8,0,13,0,0,0
False,267,21,global_left,516,130,8,8,0,13,0,0,0
False,268,20,scoped_off,1076,270,20,20,0,0,0,6,0
False,268,20,global_off,380,96,19,19,0,1,0,14,0
False,268,20,scoped_left,440,111,14,14,0,6,0,0,0
False,268,20,global_left,400,101,14,14,0,6,0,0,0
False,269,21,scoped_off,748,188,6,6,0,15,0,30,15
False,269,21,global_off,252,64,8,8,0,13,0,15,8
False,269,21,scoped_left,340,86,21,21,0,0,0,0,0
False,269,21,global_left,296,75,21,21,0,0,0,0,0
False,270,21,scoped_off,624,157,21,21,0,0,0,0,0
False,270,21,global_off,216,55,16,16,0,5,0,0,0
False,270,21,scoped_left,388,98,21,21,0,0,0,0,0
False,270,21,global_left,304,77,21,21,0,0,0,0,0
False,271,19,scoped_off,964,242,19,19,0,0,0,0,0
False,271,19,global_off,324,82,16,16,0,3,0,1,0
False,271,19,scoped_left,400,101,19,19,0,0,0,0,0
False,271,19,global_left,380,96,19,19,0,0,0,0,0
False,272,20,scoped_off,628,158,20,20,0,0,0,7,0
False,272,20,global_off,212,54,19,19,0,1,0,2,0
False,272,20,scoped_left,472,119,20,20,0,0,0,0,0
False,272,20,global_left,344,87,20,20,0,0,0,0,0
False,274,21,scoped_off,784,197,18,18,0,0,3,0,0
False,274,21,global_off,280,71,15,15,0,3,3,0,0
False,274,21,scoped_left,544,137,18,18,0,0,3,0,0
False,274,21,global_left,412,104,18,18,0,0,3,0,0
False,275,21,scoped_off,760,191,18,18,0,0,3,0,0
False,275,21,global_off,264,67,15,15,0,3,3,0,0
False,275,21,scoped_left,312,79,18,18,0,0,3,0,0
False,275,21,global_left,308,78,18,18,0,0,3,0,0
False,276,21,scoped_off,596,150,2,2,0,13,6,18,8
False,276,21,global_off,244,62,9,9,0,6,6,0,0
False,276,21,scoped_left,304,77,10,10,0,5,6,0,0
False,276,21,global_left,284,72,10,10,0,5,6,0,0
False,277,21,scoped_off,1144,287,20,20,0,0,1,0,0
False,277,21,global_off,400,101,20,20,0,0,1,0,0
False,277,21,scoped_left,748,188,20,20,0,0,1,0,0
False,277,21,global_left,584,147,20,20,0,0,1,0,0
False,278,21,scoped_off,828,208,12,12,0,0,9,18,9
False,278,21,global_off,344,87,12,12,0,0,9,19,9
False,278,21,scoped_left,436,110,12,12,0,0,9,0,0
False,278,21,global_left,380,96,12,12,0,0,9,0,0
False,279,21,scoped_off,584,147,12,12,0,9,0,19,9
False,279,21,global_off,200,51,21,21,0,0,0,2,0
False,279,21,scoped_left,428,108,21,21,0,0,0,0,0
False,279,21,global_left,312,79,21,21,0,0,0,0,0
False,280,21,scoped_off,980,246,21,21,0,0,0,32,0
False,280,21,global_off,340,86,18,18,0,3,0,0,0
False,280,21,scoped_left,676,170,21,21,0,0,0,0,0
False,280,21,global_left,508,128,21,21,0,0,0,0,0
False,281,21,scoped_off,1096,275,18,18,0,0,3,0,0
False,281,21,global_off,384,97,16,16,0,2,3,3,0
False,281,21,scoped_left,608,153,17,17,0,1,3,0,0
False,281,21,global_left,500,126,17,17,0,1,3,0,0
False,282,20,scoped_off,1400,351,4,4,0,16,0,31,16
False,282,20,global_off,480,121,9,9,0,11,0,22,11
False,282,20,scoped_left,1208,303,20,20,0,0,0,0,0
False,282,20,global_left,848,213,20,20,0,0,0,0,0
False,283,21,scoped_off,744,187,21,21,0,0,0,0,0
False,283,21,global_off,256,65,21,21,0,0,0,3,0
False,283,21,scoped_left,292,74,21,21,0,0,0,0,0
False,283,21,global_left,284,72,21,21,0,0,0,0,0
False,284,21,scoped_off,808,203,21,21,0,0,0,8,0
False,284,21,global_off,272,69,21,21,0,0,0,6,0
False,284,21,scoped_left,508,128,21,21,0,0,0,0,0
False,284,21,global_left,404,102,21,21,0,0,0,0,0
False,285,21,scoped_off,996,250,9,9,0,12,0,23,12
False,285,21,global_off,348,88,3,3,0,18,0,35,13
False,285,21,scoped_left,360,91,21,21,0,0,0,0,0
False,285,21,global_left,360,91,21,21,0,0,0,0,0
False,286,21,scoped_off,784,197,21,21,0,0,0,0,0
False,286,21,global_off,264,67,16,16,0,5,0,2,0
False,286,21,scoped_left,592,149,21,21,0,0,0,0,0
False,286,21,global_left,428,108,21,21,0,0,0,0,0
False,287,21,scoped_off,728,183,21,21,0,0,0,0,0
False,287,21,global_off,248,63,17,17,0,4,0,3,0
False,287,21,scoped_left,320,81,21,21,0,0,0,0,0
False,287,21,global_left,320,81,21,21,0,0,0,0,0
False,288,20,scoped_off,628,158,19,19,0,0,1,0,0
False,288,20,global_off,252,64,13,13,0,6,1,1,0
False,288,20,scoped_left,348,88,18,18,0,1,1,0,0
False,288,20,global_left,340,86,18,18,0,1,1,0,0
False,289,21,scoped_off,544,137,19,19,0,0,2,0,0
False,289,21,global_off,184,47,10,10,0,9,2,2,0
False,289,21,scoped_left,504,127,19,19,0,0,2,0,0
False,289,21,global_left,344,87,19,19,0,0,2,0,0
False,290,21,scoped_off,820,206,21,21,0,0,0,4,0
False,290,21,global_off,292,74,16,16,0,5,0,4,0
False,290,21,scoped_left,436,110,20,20,0,1,0,0,0
False,290,21,global_left,376,95,20,20,0,1,0,0,0
False,291,21,scoped_off,564,142,21,21,0,0,0,0,0
False,291,21,global_off,220,56,13,13,0,8,0,0,0
False,291,21,scoped_left,516,130,21,21,0,0,0,0,0
False,291,21,global_left,376,95,21,21,0,0,0,0,0
False,292,21,scoped_off,1608,403,4,4,0,16,1,34,16
False,292,21,global_off,560,141,18,18,0,2,1,3,0
False,292,21,scoped_left,588,148,5,5,0,15,1,0,0
False,292,21,global_left,588,148,5,5,0,15,1,0,0
False,293,21,scoped_off,948,238,20,20,0,0,1,1,0
False,293,21,global_off,332,84,19,19,0,1,1,4,0
False,293,21,scoped_left,644,162,19,19,0,1,1,0,0
False,293,21,global_left,496,125,19,19,0,1,1,0,0
False,294,21,scoped_off,672,169,21,21,0,0,0,0,0
False,294,21,global_off,224,57,21,21,0,0,0,1,0
False,294,21,scoped_left,396,100,21,21,0,0,0,0,0
False,294,21,global_left,312,79,21,21,0,0,0,0,0
False,295,21,scoped_off,944,237,21,21,0,0,0,0,0
False,295,21,global_off,320,81,21,21,0,0,0,2,0
False,295,21,scoped_left,496,125,21,21,0,0,0,0,0
False,295,21,global_left,412,104,21,21,0,0,0,0,0
False,296,20,scoped_off,836,210,20,20,0,0,0,9,0
False,296,20,global_off,284,72,20,20,0,0,0,0,0
False,296,20,scoped_left,516,130,20,20,0,0,0,0,0
False,296,20,global_left,404,102,20,20,0,0,0,0,0
False,297,21,scoped_off,760,191,21,21,0,0,0,0,0
False,297,21,global_off,256,65,17,17,0,4,0,2,0
False,297,21,scoped_left,292,74,21,21,0,0,0,0,0
False,297,21,global_left,288,73,21,21,0,0,0,0,0
False,298,21,scoped_off,1024,257,21,21,0,0,0,0,0
False,298,21,global_off,344,87,21,21,0,0,0,0,0
False,298,21,scoped_left,872,219,21,21,0,0,0,0,0
False,298,21,global_left,608,153,21,21,0,0,0,0,0
False,299,20,scoped_off,968,243,20,20,0,0,0,0,0
False,299,20,global_off,328,83,18,18,0,2,0,1,0
False,299,20,scoped_left,696,175,19,19,0,1,0,0,0
False,299,20,global_left,512,129,19,19,0,1,0,0,0
False,300,20,scoped_off,852,214,19,19,0,1,0,9,0
False,300,20,global_off,292,74,10,10,0,10,0,1,0
False,300,20,scoped_left,504,127,15,15,0,5,0,0,0
False,300,20,global_left,416,105,15,15,0,5,0,0,0
False,301,20,scoped_off,808,203,7,7,0,11,2,22,11
False,301,20,global_off,272,69,6,6,0,12,2,26,10
False,301,20,scoped_left,404,102,16,16,0,2,2,0,0
False,301,20,global_left,356,90,16,16,0,2,2,0,0
False,303,21,scoped_off,1024,257,21,21,0,0,0,13,0
False,303,21,global_off,360,91,8,8,0,13,0,28,12
False,303,21,scoped_left,424,107,21,21,0,0,0,0,0
False,303,21,global_left,420,106,21,21,0,0,0,0,0
False,304,21,scoped_off,636,160,21,21,0,0,0,3,0
False,304,21,global_off,228,58,21,21,0,0,0,8,0
False,304,21,scoped_left,332,84,21,21,0,0,0,0,0
False,304,21,global_left,288,73,21,21,0,0,0,0,0
False,306,21,scoped_off,692,174,20,20,0,0,1,0,0
False,306,21,global_off,236,60,17,17,0,3,1,0,0
False,306,21,scoped_left,588,148,20,20,0,0,1,0,0
False,306,21,global_left,412,104,20,20,0,0,1,0,0
False,307,21,scoped_off,1188,298,21,21,0,0,0,0,0
False,307,21,global_off,428,108,20,20,0,1,0,0,0
False,307,21,scoped_left,616,155,21,21,0,0,0,0,0
False,307,21,global_left,532,134,21,21,0,0,0,0,0
False,308,20,scoped_off,972,244,19,19,0,0,1,0,0
False,308,20,global_off,332,84,19,19,0,0,1,3,0
False,308,20,scoped_left,608,153,19,19,0,0,1,0,0
False,308,20,global_left,484,122,19,19,0,0,1,0,0
False,309,21,scoped_off,740,186,21,21,0,0,0,2,0
False,309,21,global_off,252,64,19,19,0,2,0,0,0
False,309,21,scoped_left,328,83,21,21,0,0,0,0,0
False,309,21,global_left,292,74,21,21,0,0,0,0,0
False,310,20,scoped_off,1224,307,20,20,0,0,0,0,0
False,310,20,global_off,416,105,17,17,0,3,0,3,0
False,310,20,scoped_left,432,109,20,20,0,0,0,0,0
False,310,20,global_left,428,108,20,20,0,0,0,0,0
False,311,21,scoped_off,320,81,21,21,0,0,0,0,0
False,311,21,global_off,172,44,21,21,0,0,0,0,0
False,311,21,scoped_left,264,67,21,21,0,0,0,0,0
False,311,21,global_left,260,66,21,21,0,0,0,0,0
False,312,21,scoped_off,720,181,21,21,0,0,0,0,0
False,312,21,global_off,256,65,12,12,0,9,0,34,0
False,312,21,scoped_left,352,89,21,21,0,0,0,0,0
False,312,21,global_left,336,85,21,21,0,0,0,0,0
False,313,20,scoped_off,724,182,19,19,0,0,1,2,0
False,313,20,global_off,244,62,18,18,0,1,1,4,0
False,313,20,scoped_left,324,82,19,19,0,0,1,0,0
False,313,20,global_left,296,75,19,19,0,0,1,0,0
False,314,21,scoped_off,836,210,21,21,0,0,0,0,0
False,314,21,global_off,292,74,19,19,0,2,0,1,0
False,314,21,scoped_left,528,133,20,20,0,1,0,0,0
False,314,21,global_left,416,105,20,20,0,1,0,0,0
False,316,20,scoped_off,1224,307,2,2,0,18,0,36,18
False,316,20,global_off,408,103,2,2,0,18,0,29,13
False,316,20,scoped_left,432,109,16,16,0,4,0,0,0
False,316,20,global_left,432,109,16,16,0,4,0,0,0
False,318,21,scoped_off,816,205,21,21,0,0,0,1,0
False,318,21,global_off,280,71,4,4,0,17,0,18,0
False,318,21,scoped_left,484,122,21,21,0,0,0,0,0
False,318,21,global_left,380,96,21,21,0,0,0,0,0
False,319,21,scoped_off,628,158,5,5,0,14,2,35,14
False,319,21,global_off,228,58,5,5,0,14,2,27,13
False,319,21,scoped_left,424,107,19,19,0,0,2,0,0
False,319,21,global_left,332,84,19,19,0,0,2,0,0
False,320,21,scoped_off,1304,327,21,21,0,0,0,0,0
False,320,21,global_off,432,109,19,19,0,2,0,2,0
False,320,21,scoped_left,1176,295,21,21,0,0,0,0,0
False,320,21,global_left,804,202,21,21,0,0,0,0,0
False,321,21,scoped_off,1568,393,1,1,0,20,0,40,20
False,321,21,global_off,544,137,8,8,0,13,0,26,11
False,321,21,scoped_left,592,149,21,21,0,0,0,0,0
False,321,21,global_left,560,141,21,21,0,0,0,0,0
False,322,21,scoped_off,1024,257,21,21,0,0,0,0,0
False,322,21,global_off,344,87,17,17,0,4,0,3,0
False,322,21,scoped_left,504,127,21,21,0,0,0,0,0
False,322,21,global_left,448,113,21,21,0,0,0,0,0
False,323,21,scoped_off,760,191,21,21,0,0,0,7,0
False,323,21,global_off,256,65,19,19,0,2,0,6,0
False,323,21,scoped_left,480,121,21,21,0,0,0,0,0
False,323,21,global_left,376,95,21,21,0,0,0,0,0
False,324,21,scoped_off,1088,273,20,20,0,0,1,0,0
False,324,21,global_off,368,93,20,20,0,0,1,3,0
False,324,21,scoped_left,764,192,20,20,0,0,1,0,0
False,324,21,global_left,576,145,20,20,0,0,1,0,0
False,325,21,scoped_off,708,178,20,20,0,0,1,3,0
False,325,21,global_off,252,64,20,20,0,0,1,11,0
False,325,21,scoped_left,376,95,20,20,0,0,1,0,0
False,325,21,global_left,320,81,20,20,0,0,1,0,0
False,326,21,scoped_off,548,138,21,21,0,0,0,2,0
False,326,21,global_off,204,52,20,20,0,1,0,0,0
False,326,21,scoped_left,448,113,21,21,0,0,0,0,0
False,326,21,global_left,320,81,21,21,0,0,0,0,0
False,327,21,scoped_off,912,229,21,21,0,0,0,0,0
False,327,21,global_off,304,77,21,21,0,0,0,6,0
False,327,21,scoped_left,500,126,21,21,0,0,0,0,0
False,327,21,global_left,408,103,21,21,0,0,0,0,0
False,330,21,scoped_off,992,249,20,20,0,0,1,0,0
False,330,21,global_off,336,85,17,17,0,3,1,0,0
False,330,21,scoped_left,832,209,20,20,0,0,1,0,0
False,330,21,global_left,584,147,20,20,0,0,1,0,0
False,332,20,scoped_off,1428,358,20,20,0,0,0,9,0
False,332,20,global_off,492,124,19,19,0,1,0,1,0
False,332,20,scoped_left,664,167,17,17,0,3,0,0,0
False,332,20,global_left,604,152,17,17,0,3,0,0,0
False,333,21,scoped_off,692,174,21,21,0,0,0,0,0
False,333,21,global_off,236,60,21,21,0,0,0,2,0
False,333,21,scoped_left,448,113,21,21,0,0,0,0,0
False,333,21,global_left,352,89,21,21,0,0,0,0,0
False,334,21,scoped_off,956,240,1,1,0,17,3,33,17
False,334,21,global_off,324,82,18,18,0,0,3,11,0
False,334,21,scoped_left,412,104,18,18,0,0,3,0,0
False,334,21,global_left,408,103,18,18,0,0,3,0,0
False,335,19,scoped_off,848,213,15,15,0,0,4,0,0
False,335,19,global_off,308,78,12,12,0,3,4,0,0
False,335,19,scoped_left,524,132,15,15,0,0,4,0,0
False,335,19,global_left,400,101,15,15,0,0,4,0,0
False,336,21,scoped_off,740,186,20,20,0,0,1,0,0
False,336,21,global_off,288,73,18,18,0,2,1,6,0
False,336,21,scoped_left,336,85,20,20,0,0,1,0,0
False,336,21,global_left,332,84,20,20,0,0,1,0,0
False,337,21,scoped_off,848,213,3,3,0,18,0,48,18
False,337,21,global_off,288,73,3,3,0,18,0,46,17
False,337,21,scoped_left,580,146,21,21,0,0,0,0,0
False,337,21,global_left,468,118,21,21,0,0,0,0,0
False,338,20,scoped_off,628,158,14,14,0,1,5,1,0
False,338,20,global_off,256,65,13,13,0,2,5,1,0
False,338,20,scoped_left,184,47,15,15,0,0,5,0,0
False,338,20,global_left,156,40,15,15,0,0,5,0,0
False,339,21,scoped_off,1356,340,2,2,0,19,0,40,19
False,339,21,global_off,452,114,11,11,0,10,0,25,9
False,339,21,scoped_left,620,156,21,21,0,0,0,0,0
False,339,21,global_left,540,136,21,21,0,0,0,0,0
False,341,20,scoped_off,852,214,20,20,0,0,0,0,0
False,341,20,global_off,300,76,6,6,0,14,0,5,0
False,341,20,scoped_left,528,133,18,18,0,2,0,0,0
False,341,20,global_left,416,105,18,18,0,2,0,0,0
False,343,21,scoped_off,1268,318,21,21,0,0,0,0,0
False,343,21,global_off,428,108,16,16,0,5,0,4,0
False,343,21,scoped_left,532,134,21,21,0,0,0,0,0
False,343,21,global_left,488,123,21,21,0,0,0,0,0
False,344,21,scoped_off,768,193,21,21,0,0,0,0,0
False,344,21,global_off,272,69,18,18,0,3,0,10,0
False,344,21,scoped_left,316,80,16,16,0,5,0,0,0
False,344,21,global_left,296,75,16,16,0,5,0,0,0
False,345,21,scoped_off,808,203,16,16,0,3,2,4,2
False,345,21,global_off,280,71,14,14,0,5,2,0,0
False,345,21,scoped_left,580,146,17,17,0,2,2,0,0
False,345,21,global_left,428,108,17,17,0,2,2,0,0
False,346,21,scoped_off,2000,501,21,21,0,0,0,0,0
False,346,21,global_off,680,171,8,8,0,13,0,18,0
False,346,21,scoped_left,1636,410,21,21,0,0,0,0,0
False,346,21,global_left,1152,289,21,21,0,0,0,0,0
False,347,21,scoped_off,732,184,20,20,0,0,1,7,0
False,347,21,global_off,268,68,18,18,0,2,1,3,0
False,347,21,scoped_left,296,75,20,20,0,0,1,0,0
False,347,21,global_left,288,73,20,20,0,0,1,0,0
False,348,21,scoped_off,476,120,21,21,0,0,0,0,0
False,348,21,global_off,156,40,21,21,0,0,0,0,0
False,348,21,scoped_left,212,54,21,21,0,0,0,0,0
False,348,21,global_left,196,50,21,21,0,0,0,0,0
False,349,21,scoped_off,744,187,1,1,0,20,0,79,0
False,349,21,global_off,256,65,16,16,0,5,0,25,5
False,349,21,scoped_left,364,92,21,21,0,0,0,0,0
False,349,21,global_left,316,80,21,21,0,0,0,0,0
False,352,20,scoped_off,1496,375,19,19,0,0,1,0,0
False,352,20,global_off,520,131,19,19,0,0,1,5,0
False,352,20,scoped_left,644,162,16,16,0,3,1,0,0
False,352,20,global_left,596,150,16,16,0,3,1,0,0
False,355,21,scoped_off,1004,252,21,21,0,0,0,0,0
False,355,21,global_off,340,86,15,15,0,6,0,6,0
False,355,21,scoped_left,432,109,20,20,0,1,0,0,0
False,355,21,global_left,404,102,20,20,0,1,0,0,0
False,356,21,scoped_off,816,205,18,18,0,3,0,4,0
False,356,21,global_off,280,71,16,16,0,5,0,1,0
False,356,21,scoped_left,564,142,19,19,0,2,0,0,0
False,356,21,global_left,420,106,19,19,0,2,0,0,0
False,357,21,scoped_off,1024,257,21,21,0,0,0,0,0
False,357,21,global_off,344,87,21,21,0,0,0,6,0
False,357,21,scoped_left,728,183,21,21,0,0,0,0,0
False,357,21,global_left,544,137,21,21,0,0,0,0,0
False,358,21,scoped_off,672,169,21,21,0,0,0,6,0
False,358,21,global_off,252,64,20,20,0,1,0,8,0
False,358,21,scoped_left,296,75,19,19,0,2,0,0,0
False,358,21,global_left,296,75,19,19,0,2,0,0,0
False,359,21,scoped_off,776,195,21,21,0,0,0,20,0
False,359,21,global_off,276,70,13,13,0,8,0,21,8
False,359,21,scoped_left,332,84,21,21,0,0,0,0,0
False,359,21,global_left,332,84,21,21,0,0,0,0,0
False,360,21,scoped_off,620,156,15,15,0,6,0,9,0
False,360,21,global_off,236,60,10,10,0,11,0,5,0
False,360,21,scoped_left,224,57,14,14,0,7,0,0,0
False,360,21,global_left,224,57,14,14,0,7,0,0,0
False,361,21,scoped_off,944,237,21,21,0,0,0,0,0
False,361,21,global_off,320,81,20,20,0,1,0,6,0
False,361,21,scoped_left,560,141,21,21,0,0,0,0,0
False,361,21,global_left,460,116,21,21,0,0,0,0,0
False,362,21,scoped_off,516,130,2,2,0,14,5,28,14
False,362,21,global_off,180,46,5,5,0,11,5,9,4
False,362,21,scoped_left,196,50,15,15,0,1,5,0,0
False,362,21,global_left,196,50,15,15,0,1,5,0,0
False,363,21,scoped_off,1536,385,21,21,0,0,0,0,0
False,363,21,global_off,512,129,7,7,0,14,0,0,0
False,363,21,scoped_left,908,228,21,21,0,0,0,0,0
False,363,21,global_left,716,180,21,21,0,0,0,0,0
False,364,21,scoped_off,744,187,11,11,0,8,2,15,8
False,364,21,global_off,264,67,19,19,0,0,2,0,0
False,364,21,scoped_left,376,95,19,19,0,0,2,0,0
False,364,21,global_left,328,83,19,19,0,0,2,0,0
False,365,21,scoped_off,484,122,1,1,0,20,0,44,20
False,365,21,global_off,256,65,8,8,0,13,0,27,11
False,365,21,scoped_left,372,94,17,17,0,4,0,0,0
False,365,21,global_left,348,88,17,17,0,4,0,0,0
False,366,21,scoped_off,560,141,20,20,0,0,1,0,0
False,366,21,global_off,192,49,14,14,0,6,1,2,0
False,366,21,scoped_left,432,109,20,20,0,0,1,0,0
False,366,21,global_left,312,79,20,20,0,0,1,0,0
False,368,21,scoped_off,924,232,15,15,0,4,2,8,4
False,368,21,global_off,360,91,11,11,0,8,2,15,6
False,368,21,scoped_left,688,173,17,17,0,2,2,0,0
False,368,21,global_left,524,132,17,17,0,2,2,0,0
False,369,21,scoped_off,776,195,21,21,0,0,0,0,0
False,369,21,global_off,272,69,19,19,0,2,0,0,0
False,369,21,scoped_left,356,90,21,21,0,0,0,0,0
False,369,21,global_left,348,88,21,21,0,0,0,0,0
False,371,21,scoped_off,1008,253,7,7,0,14,0,36,14
False,371,21,global_off,344,87,6,6,0,15,0,34,15
False,371,21,scoped_left,464,117,21,21,0,0,0,0,0
False,371,21,global_left,448,113,21,21,0,0,0,0,0
False,373,20,scoped_off,1764,442,2,2,0,17,1,39,17
False,373,20,global_off,612,154,2,2,0,17,1,50,17
False,373,20,scoped_left,628,158,10,10,0,9,1,0,0
False,373,20,global_left,628,158,10,10,0,9,1,0,0
False,374,21,scoped_off,752,189,21,21,0,0,0,2,0
False,374,21,global_off,256,65,17,17,0,4,0,8,0
False,374,21,scoped_left,328,83,20,20,0,1,0,0,0
False,374,21,global_left,316,80,20,20,0,1,0,0,0
False,375,21,scoped_off,1104,277,20,20,0,0,1,3,0
False,375,21,global_off,400,101,18,18,0,2,1,4,0
False,375,21,scoped_left,468,118,20,20,0,0,1,0,0
False,375,21,global_left,452,114,20,20,0,0,1,0,0
False,376,21,scoped_off,1208,303,20,20,0,1,0,3,1
False,376,21,global_off,424,107,14,14,0,7,0,8,0
False,376,21,scoped_left,452,114,20,20,0,1,0,0,0
False,376,21,global_left,444,112,20,20,0,1,0,0,0
False,377,21,scoped_off,716,180,21,21,0,0,0,3,0
False,377,21,global_off,244,62,20,20,0,1,0,0,0
False,377,21,scoped_left,276,70,21,21,0,0,0,0,0
False,377,21,global_left,268,68,21,21,0,0,0,0,0
False,378,19,scoped_off,676,170,19,19,0,0,0,7,0
False,378,19,global_off,252,64,16,16,0,3,0,3,0
False,378,19,scoped_left,296,75,15,15,0,4,0,0,0
False,378,19,global_left,276,70,15,15,0,4,0,0,0
False,380,21,scoped_off,1140,286,19,19,0,0,2,0,0
False,380,21,global_off,388,98,19,19,0,0,2,4,0
False,380,21,scoped_left,588,148,19,19,0,0,2,0,0
False,380,21,global_left,496,125,19,19,0,0,2,0,0
False,381,21,scoped_off,428,108,5,5,0,16,0,33,16
False,381,21,global_off,140,36,5,5,0,16,0,13,0
False,381,21,scoped_left,204,52,21,21,0,0,0,0,0
False,381,21,global_left,184,47,21,21,0,0,0,0,0
False,382,21,scoped_off,1032,259,1,1,0,20,0,53,20
False,382,21,global_off,352,89,1,1,0,20,0,57,20
False,382,21,scoped_left,452,114,17,17,0,4,0,0,0
False,382,21,global_left,408,103,17,17,0,4,0,0,0
False,383,21,scoped_off,1072,269,20,20,0,0,1,0,0
False,383,21,global_off,376,95,18,18,0,2,1,2,0
False,383,21,scoped_left,476,120,19,19,0,1,1,0,0
False,383,21,global_left,436,110,19,19,0,1,1,0,0
False,385,21,scoped_off,992,249,21,21,0,0,0,2,0
False,385,21,global_off,336,85,12,12,0,9,0,8,2
False,385,21,scoped_left,716,180,19,19,0,2,0,0,0
False,385,21,global_left,528,133,19,19,0,2,0,0,0
False,389,21,scoped_off,820,206,2,2,0,19,0,37,19
False,389,21,global_off,276,70,2,2,0,19,0,50,0
False,389,21,scoped_left,600,151,16,16,0,5,0,0,0
False,389,21,global_left,448,113,16,16,0,5,0,0,0
False,390,20,scoped_off,1032,259,18,18,0,0,2,2,0
False,390,20,global_off,372,94,14,14,0,4,2,6,0
False,390,20,scoped_left,792,199,18,18,0,0,2,0,0
False,390,20,global_left,564,142,18,18,0,0,2,0,0
False,391,21,scoped_off,1112,279,18,18,0,0,3,0,0
False,391,21,global_off,424,107,17,17,0,1,3,3,0
False,391,21,scoped_left,900,226,18,18,0,0,3,0,0
False,391,21,global_left,632,159,18,18,0,0,3,0,0
False,392,21,scoped_off,936,235,19,19,0,0,2,0,0
False,392,21,global_off,328,83,16,16,0,3,2,8,0
False,392,21,scoped_left,768,193,19,19,0,0,2,0,0
False,392,21,global_left,544,137,19,19,0,0,2,0,0
False,394,20,scoped_off,752,189,20,20,0,0,0,11,0
False,394,20,global_off,256,65,18,18,0,2,0,8,0
False,394,20,scoped_left,268,68,18,18,0,2,0,0,0
False,394,20,global_left,268,68,18,18,0,2,0,0,0
False,395,20,scoped_off,852,214,20,20,0,0,0,3,0
False,395,20,global_off,300,76,18,18,0,2,0,4,0
False,395,20,scoped_left,332,84,20,20,0,0,0,0,0
False,395,20,global_left,320,81,20,20,0,0,0,0,0
False,396,20,scoped_off,624,157,20,20,0,0,0,2,0
False,396,20,global_off,208,53,19,19,0,1,0,9,0
False,396,20,scoped_left,372,94,20,20,0,0,0,0,0
False,396,20,global_left,292,74,20,20,0,0,0,0,0
False,398,21,scoped_off,1444,362,19,19,0,0,2,0,0
False,398,21,global_off,484,122,15,15,0,4,2,11,4
False,398,21,scoped_left,736,185,19,19,0,0,2,0,0
False,398,21,global_left,684,172,19,19,0,0,2,0,0
False,399,21,scoped_off,1064,267,21,21,0,0,0,0,0
False,399,21,global_off,360,91,20,20,0,1,0,0,0
False,399,21,scoped_left,456,115,21,21,0,0,0,0,0
False,399,21,global_left,416,105,21,21,0,0,0,0,0
False,402,21,scoped_off,1192,299,21,21,0,0,0,0,0
False,402,21,global_off,400,101,6,6,0,15,0,21,9
False,402,21,scoped_left,504,127,21,21,0,0,0,0,0
False,402,21,global_left,456,115,21,21,0,0,0,0,0
False,403,21,scoped_off,788,198,21,21,0,0,0,1,0
False,403,21,global_off,268,68,19,19,0,2,0,21,0
False,403,21,scoped_left,280,71,21,21,0,0,0,0,0
False,403,21,global_left,276,70,21,21,0,0,0,0,0
False,404,21,scoped_off,632,159,20,20,0,0,1,0,0
False,404,21,global_off,232,59,20,20,0,0,1,4,0
False,404,21,scoped_left,528,133,20,20,0,0,1,0,0
False,404,21,global_left,380,96,20,20,0,0,1,0,0
False,406,21,scoped_off,728,183,20,20,0,0,1,0,0
False,406,21,global_off,264,67,20,20,0,0,1,0,0
False,406,21,scoped_left,628,158,20,20,0,0,1,0,0
False,406,21,global_left,436,110,20,20,0,0,1,0,0
False,407,20,scoped_off,772,194,11,11,0,9,0,0,0
False,407,20,global_off,260,66,10,10,0,10,0,1,0
False,407,20,scoped_left,268,68,10,10,0,10,0,0,0
False,407,20,global_left,268,68,10,10,0,10,0,0,0
False,408,21,scoped_off,1016,255,21,21,0,0,0,0,0
False,408,21,global_off,336,85,14,14,0,7,0,9,4
False,408,21,scoped_left,808,203,21,21,0,0,0,0,0
False,408,21,global_left,572,144,21,21,0,0,0,0,0
False,409,21,scoped_off,1008,253,16,16,0,0,5,1,0
False,409,21,global_off,404,102,15,15,0,1,5,0,0
False,409,21,scoped_left,640,161,16,16,0,0,5,0,0
False,409,21,global_left,624,157,16,16,0,0,5,0,0
False,410,21,scoped_off,880,221,19,19,0,0,2,9,0
False,410,21,global_off,312,79,19,19,0,0,2,9,0
False,410,21,scoped_left,472,119,19,19,0,0,2,0,0
False,410,21,global_left,408,103,19,19,0,0,2,0,0
False,411,21,scoped_off,800,201,21,21,0,0,0,2,0
False,411,21,global_off,272,69,19,19,0,2,0,5,0
False,411,21,scoped_left,376,95,21,21,0,0,0,0,0
False,411,21,global_left,324,82,21,21,0,0,0,0,0
False,412,21,scoped_off,796,200,21,21,0,0,0,0,0
False,412,21,global_off,292,74,12,12,0,9,0,2,0
False,412,21,scoped_left,324,82,13,13,0,8,0,0,0
False,412,21,global_left,320,81,13,13,0,8,0,0,0
False,413,20,scoped_off,1604,402,20,20,0,0,0,2,0
False,413,20,global_off,532,134,20,20,0,0,0,0,0
False,413,20,scoped_left,1432,359,20,20,0,0,0,0,0
False,413,20,global_left,996,250,20,20,0,0,0,0,0
False,414,21,scoped_off,856,215,21,21,0,0,0,14,0
False,414,21,global_off,296,75,12,12,0,9,0,9,0
False,414,21,scoped_left,552,139,21,21,0,0,0,0,0
False,414,21,global_left,436,110,21,21,0,0,0,0,0
False,416,20,scoped_off,896,225,20,20,0,0,0,0,0
False,416,20,global_off,312,79,4,4,0,16,0,39,15
False,416,20,scoped_left,544,137,19,19,0,1,0,0,0
False,416,20,global_left,428,108,19,19,0,1,0,0,0
False,417,21,scoped_off,824,207,21,21,0,0,0,0,0
False,417,21,global_off,296,75,20,20,0,1,0,6,0
False,417,21,scoped_left,472,119,21,21,0,0,0,0,0
False,417,21,global_left,372,94,21,21,0,0,0,0,0
False,418,21,scoped_off,692,174,19,19,0,0,2,0,0
False,418,21,global_off,244,62,10,10,0,9,2,0,0
False,418,21,scoped_left,592,149,19,19,0,0,2,0,0
False,418,21,global_left,416,105,19,19,0,0,2,0,0
False,419,21,scoped_off,816,205,21,21,0,0,0,0,0
False,419,21,global_off,272,69,18,18,0,3,0,0,0
False,419,21,scoped_left,720,181,21,21,0,0,0,0,0
False,419,21,global_left,508,128,21,21,0,0,0,0,0
False,420,21,scoped_off,1056,265,10,10,0,11,0,23,11
False,420,21,global_off,360,91,13,13,0,8,0,18,7
False,420,21,scoped_left,592,149,18,18,0,3,0,0,0
False,420,21,global_left,476,120,18,18,0,3,0,0,0
False,421,21,scoped_off,1504,377,21,21,0,0,0,0,0
False,421,21,global_off,512,129,21,21,0,0,0,2,0
False,421,21,scoped_left,636,160,21,21,0,0,0,0,0
False,421,21,global_left,592,149,21,21,0,0,0,0,0
False,422,21,scoped_off,1092,274,21,21,0,0,0,0,0
False,422,21,global_off,372,94,21,21,0,0,0,3,0
False,422,21,scoped_left,532,134,21,21,0,0,0,0,0
False,422,21,global_left,524,132,21,21,0,0,0,0,0
False,423,21,scoped_off,1832,459,7,7,0,14,0,31,14
False,423,21,global_off,624,157,16,16,0,5,0,6,0
False,423,21,scoped_left,1124,282,21,21,0,0,0,0,0
False,423,21,global_left,876,220,21,21,0,0,0,0,0
False,424,21,scoped_off,676,170,19,19,0,0,2,7,0
False,424,21,global_off,244,62,14,14,0,5,2,6,0
False,424,21,scoped_left,360,91,19,19,0,0,2,0,0
False,424,21,global_left,300,76,19,19,0,0,2,0,0
False,425,20,scoped_off,1000,251,16,16,0,0,4,0,0
False,425,20,global_off,348,88,14,14,0,2,4,0,0
False,425,20,scoped_left,876,220,16,16,0,0,4,0,0
False,425,20,global_left,636,160,16,16,0,0,4,0,0
False,426,21,scoped_off,752,189,16,16,0,4,1,10,4
False,426,21,global_off,256,65,17,17,0,3,1,2,0
False,426,21,scoped_left,460,116,20,20,0,0,1,0,0
False,426,21,global_left,408,103,20,20,0,0,1,0,0
False,427,21,scoped_off,756,190,8,8,0,13,0,26,13
False,427,21,global_off,260,66,8,8,0,13,0,33,12
False,427,21,scoped_left,568,143,21,21,0,0,0,0,0
False,427,21,global_left,416,105,21,21,0,0,0,0,0
False,429,21,scoped_off,876,220,21,21,0,0,0,13,0
False,429,21,global_off,300,76,18,18,0,3,0,4,0
False,429,21,scoped_left,328,83,11,11,0,10,0,0,0
False,429,21,global_left,320,81,11,11,0,10,0,0,0
False,430,21,scoped_off,928,233,21,21,0,0,0,3,0
False,430,21,global_off,320,81,17,17,0,4,0,8,2
False,430,21,scoped_left,724,182,21,21,0,0,0,0,0
False,430,21,global_left,516,130,21,21,0,0,0,0,0
False,431,21,scoped_off,860,216,6,6,0,15,0,30,15
False,431,21,global_off,292,74,21,21,0,0,0,3,0
False,431,21,scoped_left,392,99,21,21,0,0,0,0,0
False,431,21,global_left,356,90,21,21,0,0,0,0,0
False,432,21,scoped_off,772,194,21,21,0,0,0,13,0
False,432,21,global_off,284,72,15,15,0,6,0,6,0
False,432,21,scoped_left,404,102,15,15,0,6,0,0,0
False,432,21,global_left,372,94,15,15,0,6,0,0,0
False,433,21,scoped_off,932,234,21,21,0,0,0,0,0
False,433,21,global_off,316,80,16,16,0,5,0,8,0
False,433,21,scoped_left,376,95,20,20,0,1,0,0,0
False,433,21,global_left,356,90,20,20,0,1,0,0,0
False,434,21,scoped_off,1436,360,19,19,0,0,2,0,0
False,434,21,global_off,484,122,18,18,0,1,2,0,0
False,434,21,scoped_left,712,179,18,18,0,1,2,0,0
False,434,21,global_left,612,154,18,18,0,1,2,0,0
False,435,20,scoped_off,1148,288,20,20,0,0,0,0,0
False,435,20,global_off,388,98,19,19,0,1,0,0,0
False,435,20,scoped_left,436,110,20,20,0,0,0,0,0
False,435,20,global_left,412,104,20,20,0,0,0,0,0
False,436,21,scoped_off,968,243,21,21,0,0,0,3,0
False,436,21,global_off,336,85,21,21,0,0,0,0,0
False,436,21,scoped_left,596,150,21,21,0,0,0,0,0
False,436,21,global_left,500,126,21,21,0,0,0,0,0
False,437,21,scoped_off,1472,369,21,21,0,0,0,7,0
False,437,21,global_off,488,123,4,4,0,17,0,35,17
False,437,21,scoped_left,832,209,14,14,0,7,0,0,0
False,437,21,global_left,680,171,14,14,0,7,0,0,0
False,438,21,scoped_off,1160,291,19,19,0,1,1,0,0
False,438,21,global_off,392,99,11,11,0,9,1,0,0
False,438,21,scoped_left,852,214,15,15,0,5,1,0,0
False,438,21,global_left,628,158,15,15,0,5,1,0,0
False,439,21,scoped_off,1224,307,21,21,0,0,0,0,0
False,439,21,global_off,424,107,20,20,0,1,0,3,0
False,439,21,scoped_left,700,176,21,21,0,0,0,0,0
False,439,21,global_left,572,144,21,21,0,0,0,0,0
False,441,21,scoped_off,904,227,12,12,0,9,0,27,9
False,441,21,global_off,344,87,17,17,0,4,0,14,0
False,441,21,scoped_left,552,139,20,20,0,1,0,0,0
False,441,21,global_left,436,110,20,20,0,1,0,0,0
False,442,21,scoped_off,712,179,21,21,0,0,0,0,0
False,442,21,global_off,272,69,17,17,0,4,0,0,0
False,442,21,scoped_left,308,78,21,21,0,0,0,0,0
False,442,21,global_left,292,74,21,21,0,0,0,0,0
False,444,21,scoped_off,828,208,21,21,0,0,0,0,0
False,444,21,global_off,292,74,20,20,0,1,0,5,0
False,444,21,scoped_left,404,102,19,19,0,2,0,0,0
False,444,21,global_left,348,88,19,19,0,2,0,0,0
False,445,20,scoped_off,1440,361,4,4,0,16,0,33,16
False,445,20,global_off,504,127,19,19,0,1,0,7,0
False,445,20,scoped_left,884,222,16,16,0,4,0,0,0
False,445,20,global_left,696,175,16,16,0,4,0,0,0
False,446,20,scoped_off,924,232,20,20,0,0,0,0,0
False,446,20,global_off,308,78,20,20,0,0,0,1,0
False,446,20,scoped_left,388,98,20,20,0,0,0,0,0
False,446,20,global_left,360,91,20,20,0,0,0,0,0
False,447,20,scoped_off,792,199,20,20,0,0,0,1,0
False,447,20,global_off,272,69,5,5,0,15,0,0,0
False,447,20,scoped_left,556,140,17,17,0,3,0,0,0
False,447,20,global_left,416,105,17,17,0,3,0,0,0
False,448,20,scoped_off,796,200,20,20,0,0,0,0,0
False,448,20,global_off,268,68,19,19,0,1,0,0,0
False,448,20,scoped_left,604,152,20,20,0,0,0,0,0
False,448,20,global_left,440,111,20,20,0,0,0,0,0
False,449,21,scoped_off,1064,267,21,21,0,0,0,0,0
False,449,21,global_off,368,93,21,21,0,0,0,1,0
False,449,21,scoped_left,876,220,21,21,0,0,0,0,0
False,449,21,global_left,620,156,21,21,0,0,0,0,0
False,451,21,scoped_off,568,143,21,21,0,0,0,12,0
False,451,21,global_off,224,57,8,8,0,13,0,28,13
False,451,21,scoped_left,240,61,9,9,0,12,0,0,0
False,451,21,global_left,216,55,9,9,0,12,0,0,0
False,452,21,scoped_off,692,174,21,21,0,0,0,1,0
False,452,21,global_off,244,62,20,20,0,1,0,1,0
False,452,21,scoped_left,560,141,21,21,0,0,0,0,0
False,452,21,global_left,400,101,21,21,0,0,0,0,0
False,453,21,scoped_off,724,182,21,21,0,0,0,0,0
False,453,21,global_off,244,62,19,19,0,2,0,2,0
False,453,21,scoped_left,288,73,18,18,0,3,0,0,0
False,453,21,global_left,272,69,18,18,0,3,0,0,0
False,454,20,scoped_off,912,229,1,1,0,19,0,42,19
False,454,20,global_off,304,77,5,5,0,15,0,36,15
False,454,20,scoped_left,452,114,20,20,0,0,0,0,0
False,454,20,global_left,424,107,20,20,0,0,0,0,0
False,455,21,scoped_off,1056,265,21,21,0,0,0,0,0
False,455,21,global_off,368,93,13,13,0,8,0,9,5
False,455,21,scoped_left,848,213,21,21,0,0,0,0,0
False,455,21,global_left,608,153,21,21,0,0,0,0,0
False,457,21,scoped_off,820,206,21,21,0,0,0,13,0
False,457,21,global_off,284,72,19,19,0,2,0,11,0
False,457,21,scoped_left,360,91,21,21,0,0,0,0,0
False,457,21,global_left,328,83,21,21,0,0,0,0,0
False,458,21,scoped_off,536,135,13,13,0,0,8,0,0
False,458,21,global_off,232,59,12,12,0,1,8,0,0
False,458,21,scoped_left,376,95,13,13,0,0,8,0,0
False,458,21,global_left,284,72,13,13,0,0,8,0,0
False,460,21,scoped_off,996,250,21,21,0,0,0,0,0
False,460,21,global_off,340,86,21,21,0,0,0,2,0
False,460,21,scoped_left,420,106,21,21,0,0,0,0,0
False,460,21,global_left,380,96,21,21,0,0,0,0,0
False,461,21,scoped_off,828,208,21,21,0,0,0,1,0
False,461,21,global_off,300,76,18,18,0,3,0,2,0
False,461,21,scoped_left,412,104,21,21,0,0,0,0,0
False,461,21,global_left,384,97,21,21,0,0,0,0,0
False,462,21,scoped_off,636,160,5,5,0,16,0,32,16
False,462,21,global_off,260,66,10,10,0,11,0,4,0
False,462,21,scoped_left,324,82,21,21,0,0,0,0,0
False,462,21,global_left,284,72,21,21,0,0,0,0,0
False,463,21,scoped_off,1200,301,20,20,0,1,0,3,0
False,463,21,global_off,416,105,17,17,0,4,0,2,0
False,463,21,scoped_left,864,217,20,20,0,1,0,0,0
False,463,21,global_left,644,162,20,20,0,1,0,0,0
False,464,20,scoped_off,1184,297,3,3,0,17,0,37,17
False,464,20,global_off,416,105,9,9,0,11,0,19,9
False,464,20,scoped_left,664,167,20,20,0,0,0,0,0
False,464,20,global_left,540,136,20,20,0,0,0,0,0
False,465,21,scoped_off,952,239,12,12,0,9,0,18,9
False,465,21,global_off,328,83,20,20,0,1,0,5,0
False,465,21,scoped_left,544,137,17,17,0,4,0,0,0
False,465,21,global_left,448,113,17,17,0,4,0,0,0
False,466,21,scoped_off,1620,406,2,2,0,19,0,49,19
False,466,21,global_off,540,136,4,4,0,17,0,14,6
False,466,21,scoped_left,596,150,10,10,0,11,0,0,0
False,466,21,global_left,592,149,10,10,0,11,0,0,0
False,467,21,scoped_off,1140,286,21,21,0,0,0,1,0
False,467,21,global_off,404,102,10,10,0,11,0,23,11
False,467,21,scoped_left,480,121,21,21,0,0,0,0,0
False,467,21,global_left,472,119,21,21,0,0,0,0,0
False,468,21,scoped_off,1200,301,5,5,0,16,0,35,16
False,468,21,global_off,400,101,15,15,0,6,0,13,6
False,468,21,scoped_left,812,204,21,21,0,0,0,0,0
False,468,21,global_left,620,156,21,21,0,0,0,0,0
False,470,21,scoped_off,608,153,2,2,0,16,3,41,16
False,470,21,global_off,208,53,3,3,0,15,3,25,11
False,470,21,scoped_left,356,90,18,18,0,0,3,0,0
False,470,21,global_left,284,72,18,18,0,0,3,0,0
False,471,20,scoped_off,676,170,5,5,0,13,2,28,13
False,471,20,global_off,264,67,6,6,0,12,2,27,11
False,471,20,scoped_left,396,100,17,17,0,1,2,0,0
False,471,20,global_left,316,80,17,17,0,1,2,0,0
False,472,21,scoped_off,1180,296,3,3,0,16,2,37,16
False,472,21,global_off,404,102,3,3,0,16,2,34,16
False,472,21,scoped_left,460,116,4,4,0,15,2,0,0
False,472,21,global_left,452,114,4,4,0,15,2,0,0
False,474,20,scoped_off,940,236,18,18,0,1,1,5,0
False,474,20,global_off,340,86,14,14,0,5,1,5,0
False,474,20,scoped_left,460,116,16,16,0,3,1,0,0
False,474,20,global_left,416,105,16,16,0,3,1,0,0
False,475,20,scoped_off,892,224,3,3,0,17,0,40,17
False,475,20,global_off,308,78,19,19,0,1,0,4,0
False,475,20,scoped_left,632,159,20,20,0,0,0,0,0
False,475,20,global_left,468,118,20,20,0,0,0,0,0
False,476,21,scoped_off,776,195,21,21,0,0,0,0,0
False,476,21,global_off,264,67,19,19,0,2,0,3,0
False,476,21,scoped_left,600,151,21,21,0,0,0,0,0
False,476,21,global_left,432,109,21,21,0,0,0,0,0
False,477,21,scoped_off,932,234,8,8,0,13,0,25,13
False,477,21,global_off,340,86,11,11,0,10,0,14,6
False,477,21,scoped_left,484,122,21,21,0,0,0,0,0
False,477,21,global_left,412,104,21,21,0,0,0,0,0
False,478,21,scoped_off,884,222,21,21,0,0,0,3,0
False,478,21,global_off,300,76,20,20,0,1,0,11,0
False,478,21,scoped_left,356,90,20,20,0,1,0,0,0
False,478,21,global_left,356,90,20,20,0,1,0,0,0
False,479,21,scoped_off,884,222,20,20,0,0,1,1,0
False,479,21,global_off,324,82,16,16,0,4,1,4,1
False,479,21,scoped_left,360,91,19,19,0,1,1,0,0
False,479,21,global_left,356,90,19,19,0,1,1,0,0
False,480,20,scoped_off,488,123,1,1,0,11,8,20,10
False,480,20,global_off,200,51,5,5,0,7,8,3,0
False,480,20,scoped_left,204,52,11,11,0,1,8,0,0
False,480,20,global_left,204,52,11,11,0,1,8,0,0
False,481,21,scoped_off,736,185,21,21,0,0,0,0,0
False,481,21,global_off,272,69,18,18,0,3,0,6,0
False,481,21,scoped_left,280,71,18,18,0,3,0,0,0
False,481,21,global_left,268,68,18,18,0,3,0,0,0
False,482,20,scoped_off,696,175,6,6,0,11,3,25,11
False,482,20,global_off,248,63,6,6,0,11,3,18,9
False,482,20,scoped_left,320,81,17,17,0,0,3,0,0
False,482,20,global_left,292,74,17,17,0,0,3,0,0
False,484,21,scoped_off,648,163,4,4,0,17,0,33,17
False,484,21,global_off,216,55,6,6,0,15,0,6,0
False,484,21,scoped_left,520,131,21,21,0,0,0,0,0
False,484,21,global_left,368,93,21,21,0,0,0,0,0
False,485,21,scoped_off,1136,285,21,21,0,0,0,0,0
False,485,21,global_off,404,102,15,15,0,6,0,4,2
False,485,21,scoped_left,856,215,21,21,0,0,0,0,0
False,485,21,global_left,624,157,21,21,0,0,0,0,0
False,486,21,scoped_off,1040,261,8,8,0,13,0,30,13
False,486,21,global_off,360,91,21,21,0,0,0,2,0
False,486,21,scoped_left,720,181,21,21,0,0,0,0,0
False,486,21,global_left,536,135,21,21,0,0,0,0,0
False,487,21,scoped_off,700,176,19,19,0,0,2,0,0
False,487,21,global_off,244,62,8,8,0,11,2,26,8
False,487,21,scoped_left,352,89,16,16,0,3,2,0,0
False,487,21,global_left,348,88,16,16,0,3,2,0,0
False,488,21,scoped_off,668,168,1,1,0,20,0,42,20
False,488,21,global_off,240,61,1,1,0,20,0,42,20
False,488,21,scoped_left,372,94,21,21,0,0,0,0,0
False,488,21,global_left,296,75,21,21,0,0,0,0,0
False,490,21,scoped_off,904,227,21,21,0,0,0,14,0
False,490,21,global_off,304,77,19,19,0,2,0,14,0
False,490,21,scoped_left,444,112,21,21,0,0,0,0,0
False,490,21,global_left,376,95,21,21,0,0,0,0,0
False,493,20,scoped_off,700,176,20,20,0,0,0,0,0
False,493,20,global_off,244,62,12,12,0,8,0,0,0
False,493,20,scoped_left,292,74,20,20,0,0,0,0,0
False,493,20,global_left,276,70,20,20,0,0,0,0,0
False,494,21,scoped_off,784,197,21,21,0,0,0,6,0
False,494,21,global_off,280,71,9,9,0,12,0,16,0
False,494,21,scoped_left,404,102,19,19,0,2,0,0,0
False,494,21,global_left,356,90,19,19,0,2,0,0,0
False,495,20,scoped_off,820,206,20,20,0,0,0,0,0
False,495,20,global_off,284,72,20,20,0,0,0,5,0
False,495,20,scoped_left,680,171,20,20,0,0,0,0,0
False,495,20,global_left,480,121,20,20,0,0,0,0,0
False,496,21,scoped_off,1240,311,21,21,0,0,0,0,0
False,496,21,global_off,424,107,21,21,0,0,0,4,0
False,496,21,scoped_left,836,210,21,21,0,0,0,0,0
False,496,21,global_left,644,162,21,21,0,0,0,0,0
False,497,21,scoped_off,672,169,21,21,0,0,0,11,0
False,497,21,global_off,224,57,19,19,0,2,0,3,0
False,497,21,scoped_left,388,98,19,19,0,2,0,0,0
False,497,21,global_left,324,82,19,19,0,2,0,0,0
False,498,21,scoped_off,932,234,21,21,0,0,0,0,0
False,498,21,global_off,316,80,20,20,0,1,0,3,0
False,498,21,scoped_left,892,224,21,21,0,0,0,0,0
False,498,21,global_left,604,152,21,21,0,0,0,0,0
False,499,21,scoped_off,1180,296,3,3,0,18,0,36,18
False,499,21,global_off,412,104,5,5,0,16,0,10,0
False,499,21,scoped_left,648,163,21,21,0,0,0,0,0
False,499,21,global_left,536,135,21,21,0,0,0,0,0
