problem_id,arm,dist1,dist2,min,max,spread,solved,node_count,expansions,disjunct_reached,picked_cheapest,hops1,hops2,cheaper_by_cost,cheaper_by_hops,agree
0,BFS,8164.148595575345,10116.091173892619,8164.148595575345,10116.091173892619,1951.9425783172737,True,356,89,d1,True,74,86,d1,d1,True
0,DFS,8164.148595575345,10116.091173892619,8164.148595575345,10116.091173892619,1951.9425783172737,True,299,74,d1,True,74,86,d1,d1,True
0,CheapestFirst,8164.148595575345,10116.091173892619,8164.148595575345,10116.091173892619,1951.9425783172737,True,356,89,d1,True,74,86,d1,d1,True
0,DNF,8164.148595575345,10116.091173892619,8164.148595575345,10116.091173892619,1951.9425783172737,True,643,160,,,74,86,d1,d1,True
1,BFS,5936.922247172439,8260.89175089974,5936.922247172439,8260.89175089974,2323.9695037273013,True,300,75,d1,True,57,70,d1,d1,True
1,DFS,5936.922247172439,8260.89175089974,5936.922247172439,8260.89175089974,2323.9695037273013,True,231,57,d1,True,57,70,d1,d1,True
1,CheapestFirst,5936.922247172439,8260.89175089974,5936.922247172439,8260.89175089974,2323.9695037273013,True,300,75,d1,True,57,70,d1,d1,True
1,DNF,5936.922247172439,8260.89175089974,5936.922247172439,8260.89175089974,2323.9695037273013,True,511,127,,,57,70,d1,d1,True
2,BFS,8015.827527290059,16281.85614387983,8015.827527290059,16281.85614387983,8266.02861658977,True,347,86,d1,True,43,100,d1,d1,True
2,DFS,8015.827527290059,16281.85614387983,8015.827527290059,16281.85614387983,8266.02861658977,True,175,43,d1,True,43,100,d1,d1,True
2,CheapestFirst,8015.827527290059,16281.85614387983,8015.827527290059,16281.85614387983,8266.02861658977,True,351,87,d1,True,43,100,d1,d1,True
2,DNF,8015.827527290059,16281.85614387983,8015.827527290059,16281.85614387983,8266.02861658977,True,575,143,,,43,100,d1,d1,True
3,BFS,3356.5400216665457,14070.328698120562,3356.5400216665457,14070.328698120562,10713.788676454016,True,107,26,d1,True,13,90,d1,d1,True
3,DFS,3356.5400216665457,14070.328698120562,3356.5400216665457,14070.328698120562,10713.788676454016,True,55,13,d1,True,13,90,d1,d1,True
3,CheapestFirst,3356.5400216665457,14070.328698120562,3356.5400216665457,14070.328698120562,10713.788676454016,True,183,45,d1,True,13,90,d1,d1,True
3,DNF,3356.5400216665457,14070.328698120562,3356.5400216665457,14070.328698120562,10713.788676454016,True,415,103,,,13,90,d1,d1,True
4,BFS,18907.381939601364,11796.479586091955,11796.479586091955,18907.381939601364,7110.902353509409,True,416,104,d2,True,100,59,d2,d2,True
4,DFS,18907.381939601364,11796.479586091955,11796.479586091955,18907.381939601364,7110.902353509409,True,403,100,d1,False,100,59,d2,d2,True
4,CheapestFirst,18907.381939601364,11796.479586091955,11796.479586091955,18907.381939601364,7110.902353509409,True,416,104,d2,True,100,59,d2,d2,True
4,DNF,18907.381939601364,11796.479586091955,11796.479586091955,18907.381939601364,7110.902353509409,True,639,159,,,100,59,d2,d2,True
5,BFS,7692.426054230095,8714.712281446342,7692.426054230095,8714.712281446342,1022.2862272162465,True,244,61,d1,True,53,59,d1,d1,True
5,DFS,7692.426054230095,8714.712281446342,7692.426054230095,8714.712281446342,1022.2862272162465,True,215,53,d1,True,53,59,d1,d1,True
5,CheapestFirst,7692.426054230095,8714.712281446342,7692.426054230095,8714.712281446342,1022.2862272162465,True,244,61,d1,True,53,59,d1,d1,True
5,DNF,7692.426054230095,8714.712281446342,7692.426054230095,8714.712281446342,1022.2862272162465,True,451,112,,,53,59,d1,d1,True
6,BFS,6932.067746529495,10245.53689203902,6932.067746529495,10245.53689203902,3313.4691455095244,True,220,55,d1,True,31,53,d1,d1,True
6,DFS,6932.067746529495,10245.53689203902,6932.067746529495,10245.53689203902,3313.4691455095244,True,127,31,d1,True,31,53,d1,d1,True
6,CheapestFirst,6932.067746529495,10245.53689203902,6932.067746529495,10245.53689203902,3313.4691455095244,True,220,55,d1,True,31,53,d1,d1,True
6,DNF,6932.067746529495,10245.53689203902,6932.067746529495,10245.53689203902,3313.4691455095244,True,339,84,,,31,53,d1,d1,True
7,BFS,13585.175517427328,3934.1509761323528,3934.1509761323528,13585.175517427328,9651.024541294975,True,263,65,d2,True,99,33,d2,d2,True
7,DFS,13585.175517427328,3934.1509761323528,3934.1509761323528,13585.175517427328,9651.024541294975,True,399,99,d1,False,99,33,d2,d2,True
7,CheapestFirst,13585.175517427328,3934.1509761323528,3934.1509761323528,13585.175517427328,9651.024541294975,True,275,68,d2,True,99,33,d2,d2,True
7,DNF,13585.175517427328,3934.1509761323528,3934.1509761323528,13585.175517427328,9651.024541294975,True,531,132,,,99,33,d2,d2,True
8,BFS,12926.464323992257,6992.936261600889,6992.936261600889,12926.464323992257,5933.528062391368,True,295,73,d2,True,95,37,d2,d2,True
8,DFS,12926.464323992257,6992.936261600889,6992.936261600889,12926.464323992257,5933.528062391368,True,383,95,d1,False,95,37,d2,d2,True
8,CheapestFirst,12926.464323992257,6992.936261600889,6992.936261600889,12926.464323992257,5933.528062391368,True,388,97,d2,True,95,37,d2,d2,True
8,DNF,12926.464323992257,6992.936261600889,6992.936261600889,12926.464323992257,5933.528062391368,True,531,132,,,95,37,d2,d2,True
9,BFS,8115.050542850499,4365.93295668614,4365.93295668614,8115.050542850499,3749.1175861643596,True,272,68,d2,True,65,36,d2,d2,True
9,DFS,8115.050542850499,4365.93295668614,4365.93295668614,8115.050542850499,3749.1175861643596,True,263,65,d1,False,65,36,d2,d2,True
9,CheapestFirst,8115.050542850499,4365.93295668614,4365.93295668614,8115.050542850499,3749.1175861643596,True,272,68,d2,True,65,36,d2,d2,True
9,DNF,8115.050542850499,4365.93295668614,4365.93295668614,8115.050542850499,3749.1175861643596,True,407,101,,,65,36,d2,d2,True
10,BFS,6009.893707304261,4744.668382501943,4744.668382501943,6009.893707304261,1265.225324802318,True,344,86,d2,True,84,62,d2,d2,True
10,DFS,6009.893707304261,4744.668382501943,4744.668382501943,6009.893707304261,1265.225324802318,True,339,84,d1,False,84,62,d2,d2,True
10,CheapestFirst,6009.893707304261,4744.668382501943,4744.668382501943,6009.893707304261,1265.225324802318,True,344,86,d2,True,84,62,d2,d2,True
10,DNF,6009.893707304261,4744.668382501943,4744.668382501943,6009.893707304261,1265.225324802318,True,587,146,,,84,62,d2,d2,True
11,BFS,12208.06027423866,391.29848011266813,391.29848011266813,12208.06027423866,11816.761794125992,True,55,13,d2,True,73,7,d2,d2,True
11,DFS,12208.06027423866,391.29848011266813,391.29848011266813,12208.06027423866,11816.761794125992,True,298,73,d1,False,73,7,d2,d2,True
11,CheapestFirst,12208.06027423866,391.29848011266813,391.29848011266813,12208.06027423866,11816.761794125992,True,51,12,d2,True,73,7,d2,d2,True
11,DNF,12208.06027423866,391.29848011266813,391.29848011266813,12208.06027423866,11816.761794125992,True,327,81,,,73,7,d2,d2,True
12,BFS,8233.062910078681,1721.570350976176,1721.570350976176,8233.062910078681,6511.492559102505,True,127,31,d2,True,67,16,d2,d2,True
12,DFS,8233.062910078681,1721.570350976176,1721.570350976176,8233.062910078681,6511.492559102505,True,271,67,d1,False,67,16,d2,d2,True
12,CheapestFirst,8233.062910078681,1721.570350976176,1721.570350976176,8233.062910078681,6511.492559102505,True,151,37,d2,True,67,16,d2,d2,True
12,DNF,8233.062910078681,1721.570350976176,1721.570350976176,8233.062910078681,6511.492559102505,True,335,83,,,67,16,d2,d2,True
13,BFS,1927.7971598303461,12244.769658304174,1927.7971598303461,12244.769658304174,10316.972498473828,True,155,38,d1,True,19,71,d1,d1,True
13,DFS,1927.7971598303461,12244.769658304174,1927.7971598303461,12244.769658304174,10316.972498473828,True,79,19,d1,True,19,71,d1,d1,True
13,CheapestFirst,1927.7971598303461,12244.769658304174,1927.7971598303461,12244.769658304174,10316.972498473828,True,119,29,d1,True,19,71,d1,d1,True
13,DNF,1927.7971598303461,12244.769658304174,1927.7971598303461,12244.769658304174,10316.972498473828,True,363,90,,,19,71,d1,d1,True
14,BFS,19603.315245654387,8735.28233410349,8735.28233410349,19603.315245654387,10868.032911550898,True,408,102,d2,True,100,55,d2,d2,True
14,DFS,19603.315245654387,8735.28233410349,8735.28233410349,19603.315245654387,10868.032911550898,True,403,100,d1,False,100,55,d2,d2,True
14,CheapestFirst,19603.315245654387,8735.28233410349,8735.28233410349,19603.315245654387,10868.032911550898,True,379,94,d2,True,100,55,d2,d2,True
14,DNF,19603.315245654387,8735.28233410349,8735.28233410349,19603.315245654387,10868.032911550898,True,623,155,,,100,55,d2,d2,True
15,BFS,10403.824475482741,949.5349222024886,949.5349222024886,10403.824475482741,9454.289553280252,True,87,21,d2,True,76,11,d2,d2,True
15,DFS,10403.824475482741,949.5349222024886,949.5349222024886,10403.824475482741,9454.289553280252,True,307,76,d1,False,76,11,d2,d2,True
15,CheapestFirst,10403.824475482741,949.5349222024886,949.5349222024886,10403.824475482741,9454.289553280252,True,103,25,d2,True,76,11,d2,d2,True
15,DNF,10403.824475482741,949.5349222024886,949.5349222024886,10403.824475482741,9454.289553280252,True,351,87,,,76,11,d2,d2,True
16,BFS,6041.965631844319,699.7977946695825,699.7977946695825,6041.965631844319,5342.167837174737,True,31,7,d2,True,41,4,d2,d2,True
16,DFS,6041.965631844319,699.7977946695825,699.7977946695825,6041.965631844319,5342.167837174737,True,167,41,d1,False,41,4,d2,d2,True
16,CheapestFirst,6041.965631844319,699.7977946695825,699.7977946695825,6041.965631844319,5342.167837174737,True,39,9,d2,True,41,4,d2,d2,True
16,DNF,6041.965631844319,699.7977946695825,699.7977946695825,6041.965631844319,5342.167837174737,True,183,45,,,41,4,d2,d2,True
17,BFS,9284.780776427177,1453.5984974695743,1453.5984974695743,9284.780776427177,7831.182278957602,True,103,25,d2,True,62,13,d2,d2,True
17,DFS,9284.780776427177,1453.5984974695743,1453.5984974695743,9284.780776427177,7831.182278957602,True,251,62,d1,False,62,13,d2,d2,True
17,CheapestFirst,9284.780776427177,1453.5984974695743,1453.5984974695743,9284.780776427177,7831.182278957602,True,99,24,d2,True,62,13,d2,d2,True
17,DNF,9284.780776427177,1453.5984974695743,1453.5984974695743,9284.780776427177,7831.182278957602,True,303,75,,,62,13,d2,d2,True
18,BFS,11171.863690495897,3269.265469194773,3269.265469194773,11171.863690495897,7902.598221301124,True,167,41,d2,True,73,21,d2,d2,True
18,DFS,11171.863690495897,3269.265469194773,3269.265469194773,11171.863690495897,7902.598221301124,True,295,73,d1,False,73,21,d2,d2,True
18,CheapestFirst,11171.863690495897,3269.265469194773,3269.265469194773,11171.863690495897,7902.598221301124,True,187,46,d2,True,73,21,d2,d2,True
18,DNF,11171.863690495897,3269.265469194773,3269.265469194773,11171.863690495897,7902.598221301124,True,379,94,,,73,21,d2,d2,True
19,BFS,708.9274472135473,1803.8495198604346,708.9274472135473,1803.8495198604346,1094.9220726468873,True,136,34,d1,True,19,29,d1,d1,True
19,DFS,708.9274472135473,1803.8495198604346,708.9274472135473,1803.8495198604346,1094.9220726468873,True,79,19,d1,True,19,29,d1,d1,True
19,CheapestFirst,708.9274472135473,1803.8495198604346,708.9274472135473,1803.8495198604346,1094.9220726468873,True,111,27,d1,True,19,29,d1,d1,True
19,DNF,708.9274472135473,1803.8495198604346,708.9274472135473,1803.8495198604346,1094.9220726468873,True,195,48,,,19,29,d1,d1,True
20,BFS,4458.583819133227,6536.905995494346,4458.583819133227,6536.905995494346,2078.322176361119,True,172,43,d1,True,33,40,d1,d1,True
20,DFS,4458.583819133227,6536.905995494346,4458.583819133227,6536.905995494346,2078.322176361119,True,135,33,d1,True,33,40,d1,d1,True
20,CheapestFirst,4458.583819133227,6536.905995494346,4458.583819133227,6536.905995494346,2078.322176361119,True,172,43,d1,True,33,40,d1,d1,True
20,DNF,4458.583819133227,6536.905995494346,4458.583819133227,6536.905995494346,2078.322176361119,True,295,73,,,33,40,d1,d1,True
21,BFS,9002.60825823687,8705.37675048144,8705.37675048144,9002.60825823687,297.23150775543036,True,356,89,d2,True,86,80,d2,d2,True
21,DFS,9002.60825823687,8705.37675048144,8705.37675048144,9002.60825823687,297.23150775543036,True,347,86,d1,False,86,80,d2,d2,True
21,CheapestFirst,9002.60825823687,8705.37675048144,8705.37675048144,9002.60825823687,297.23150775543036,True,356,89,d2,True,86,80,d2,d2,True
21,DNF,9002.60825823687,8705.37675048144,8705.37675048144,9002.60825823687,297.23150775543036,True,667,166,,,86,80,d2,d2,True
22,BFS,138.4599980329501,2285.8572199344626,138.4599980329501,2285.8572199344626,2147.3972219015127,True,19,4,d1,True,2,17,d1,d1,True
22,DFS,138.4599980329501,2285.8572199344626,138.4599980329501,2285.8572199344626,2147.3972219015127,True,11,2,d1,True,2,17,d1,d1,True
22,CheapestFirst,138.4599980329501,2285.8572199344626,138.4599980329501,2285.8572199344626,2147.3972219015127,True,15,3,d1,True,2,17,d1,d1,True
22,DNF,138.4599980329501,2285.8572199344626,138.4599980329501,2285.8572199344626,2147.3972219015127,True,79,19,,,2,17,d1,d1,True
23,BFS,14640.96301567083,13967.058160120852,13967.058160120852,14640.96301567083,673.9048555499776,True,408,102,d2,True,100,86,d2,d2,True
23,DFS,14640.96301567083,13967.058160120852,13967.058160120852,14640.96301567083,673.9048555499776,True,403,100,d1,False,100,86,d2,d2,True
23,CheapestFirst,14640.96301567083,13967.058160120852,13967.058160120852,14640.96301567083,673.9048555499776,True,408,102,d2,True,100,86,d2,d2,True
23,DNF,14640.96301567083,13967.058160120852,13967.058160120852,14640.96301567083,673.9048555499776,True,747,186,,,100,86,d2,d2,True
24,BFS,10990.256159112692,7162.061623681536,7162.061623681536,10990.256159112692,3828.1945354311565,True,340,85,d2,True,82,62,d2,d2,True
24,DFS,10990.256159112692,7162.061623681536,7162.061623681536,10990.256159112692,3828.1945354311565,True,331,82,d1,False,82,62,d2,d2,True
24,CheapestFirst,10990.256159112692,7162.061623681536,7162.061623681536,10990.256159112692,3828.1945354311565,True,340,85,d2,True,82,62,d2,d2,True
24,DNF,10990.256159112692,7162.061623681536,7162.061623681536,10990.256159112692,3828.1945354311565,True,579,144,,,82,62,d2,d2,True
25,BFS,2801.413605321949,7435.546797664388,2801.413605321949,7435.546797664388,4634.133192342439,True,163,40,d1,True,20,66,d1,d1,True
25,DFS,2801.413605321949,7435.546797664388,2801.413605321949,7435.546797664388,4634.133192342439,True,83,20,d1,True,20,66,d1,d1,True
25,CheapestFirst,2801.413605321949,7435.546797664388,2801.413605321949,7435.546797664388,4634.133192342439,True,219,54,d1,True,20,66,d1,d1,True
25,DNF,2801.413605321949,7435.546797664388,2801.413605321949,7435.546797664388,4634.133192342439,True,347,86,,,20,66,d1,d1,True
26,BFS,6042.647942063753,5068.310930487134,5068.310930487134,6042.647942063753,974.3370115766193,True,260,65,d2,True,60,58,d2,d2,True
26,DFS,6042.647942063753,5068.310930487134,5068.310930487134,6042.647942063753,974.3370115766193,True,243,60,d1,False,60,58,d2,d2,True
26,CheapestFirst,6042.647942063753,5068.310930487134,5068.310930487134,6042.647942063753,974.3370115766193,True,260,65,d2,True,60,58,d2,d2,True
26,DNF,6042.647942063753,5068.310930487134,5068.310930487134,6042.647942063753,974.3370115766193,True,475,118,,,60,58,d2,d2,True
27,BFS,9180.372903454376,12451.620582167383,9180.372903454376,12451.620582167383,3271.247678713007,True,376,94,d1,True,71,92,d1,d1,True
27,DFS,9180.372903454376,12451.620582167383,9180.372903454376,12451.620582167383,3271.247678713007,True,287,71,d1,True,71,92,d1,d1,True
27,CheapestFirst,9180.372903454376,12451.620582167383,9180.372903454376,12451.620582167383,3271.247678713007,True,376,94,d1,True,71,92,d1,d1,True
27,DNF,9180.372903454376,12451.620582167383,9180.372903454376,12451.620582167383,3271.247678713007,True,655,163,,,71,92,d1,d1,True
28,BFS,7875.2823765558205,4362.316685558482,4362.316685558482,7875.2823765558205,3512.9656909973382,True,175,43,d2,True,40,22,d2,d2,True
28,DFS,7875.2823765558205,4362.316685558482,4362.316685558482,7875.2823765558205,3512.9656909973382,True,163,40,d1,False,40,22,d2,d2,True
28,CheapestFirst,7875.2823765558205,4362.316685558482,4362.316685558482,7875.2823765558205,3512.9656909973382,True,167,41,d2,True,40,22,d2,d2,True
28,DNF,7875.2823765558205,4362.316685558482,4362.316685558482,7875.2823765558205,3512.9656909973382,True,251,62,,,40,22,d2,d2,True
29,BFS,7621.072367179486,12973.735880918763,7621.072367179486,12973.735880918763,5352.663513739277,True,267,66,d1,True,33,76,d1,d1,True
29,DFS,7621.072367179486,12973.735880918763,7621.072367179486,12973.735880918763,5352.663513739277,True,135,33,d1,True,33,76,d1,d1,True
29,CheapestFirst,7621.072367179486,12973.735880918763,7621.072367179486,12973.735880918763,5352.663513739277,True,316,79,d1,True,33,76,d1,d1,True
29,DNF,7621.072367179486,12973.735880918763,7621.072367179486,12973.735880918763,5352.663513739277,True,439,109,,,33,76,d1,d1,True
30,BFS,8429.51374917043,3568.817983359164,3568.817983359164,8429.51374917043,4860.695765811266,True,175,43,d2,True,53,22,d2,d2,True
30,DFS,8429.51374917043,3568.817983359164,3568.817983359164,8429.51374917043,4860.695765811266,True,215,53,d1,False,53,22,d2,d2,True
30,CheapestFirst,8429.51374917043,3568.817983359164,3568.817983359164,8429.51374917043,4860.695765811266,True,187,46,d2,True,53,22,d2,d2,True
30,DNF,8429.51374917043,3568.817983359164,3568.817983359164,8429.51374917043,4860.695765811266,True,303,75,,,53,22,d2,d2,True
31,BFS,10177.291449169757,11830.785601804191,10177.291449169757,11830.785601804191,1653.4941526344337,True,320,80,d1,True,63,78,d1,d1,True
31,DFS,10177.291449169757,11830.785601804191,10177.291449169757,11830.785601804191,1653.4941526344337,True,255,63,d1,True,63,78,d1,d1,True
31,CheapestFirst,10177.291449169757,11830.785601804191,10177.291449169757,11830.785601804191,1653.4941526344337,True,320,80,d1,True,63,78,d1,d1,True
31,DNF,10177.291449169757,11830.785601804191,10177.291449169757,11830.785601804191,1653.4941526344337,True,567,141,,,63,78,d1,d1,True
32,BFS,628.7195313225534,805.3036953047381,628.7195313225534,805.3036953047381,176.5841639821847,True,68,17,d1,True,12,15,d1,d1,True
32,DFS,628.7195313225534,805.3036953047381,628.7195313225534,805.3036953047381,176.5841639821847,True,51,12,d1,True,12,15,d1,d1,True
32,CheapestFirst,628.7195313225534,805.3036953047381,628.7195313225534,805.3036953047381,176.5841639821847,True,68,17,d1,True,12,15,d1,d1,True
32,DNF,628.7195313225534,805.3036953047381,628.7195313225534,805.3036953047381,176.5841639821847,True,111,27,,,12,15,d1,d1,True
33,BFS,13194.413389150526,15104.374038118063,13194.413389150526,15104.374038118063,1909.960648967537,True,348,87,d1,True,71,85,d1,d1,True
33,DFS,13194.413389150526,15104.374038118063,13194.413389150526,15104.374038118063,1909.960648967537,True,287,71,d1,True,71,85,d1,d1,True
33,CheapestFirst,13194.413389150526,15104.374038118063,13194.413389150526,15104.374038118063,1909.960648967537,True,348,87,d1,True,71,85,d1,d1,True
33,DNF,13194.413389150526,15104.374038118063,13194.413389150526,15104.374038118063,1909.960648967537,True,627,156,,,71,85,d1,d1,True
34,BFS,11085.12087027445,10226.340291013326,10226.340291013326,11085.12087027445,858.7805792611234,True,328,82,d2,True,78,74,d2,d2,True
34,DFS,11085.12087027445,10226.340291013326,10226.340291013326,11085.12087027445,858.7805792611234,True,315,78,d1,False,78,74,d2,d2,True
34,CheapestFirst,11085.12087027445,10226.340291013326,10226.340291013326,11085.12087027445,858.7805792611234,True,328,82,d2,True,78,74,d2,d2,True
34,DNF,11085.12087027445,10226.340291013326,10226.340291013326,11085.12087027445,858.7805792611234,True,611,152,,,78,74,d2,d2,True
35,BFS,6135.55519221113,9295.623149871963,6135.55519221113,9295.623149871963,3160.0679576608327,True,272,68,d1,True,42,66,d1,d1,True
35,DFS,6135.55519221113,9295.623149871963,6135.55519221113,9295.623149871963,3160.0679576608327,True,171,42,d1,True,42,66,d1,d1,True
35,CheapestFirst,6135.55519221113,9295.623149871963,6135.55519221113,9295.623149871963,3160.0679576608327,True,272,68,d1,True,42,66,d1,d1,True
35,DNF,6135.55519221113,9295.623149871963,6135.55519221113,9295.623149871963,3160.0679576608327,True,435,108,,,42,66,d1,d1,True
36,BFS,9424.676637220171,4043.600555921854,4043.600555921854,9424.676637220171,5381.076081298317,True,215,53,d2,True,81,27,d2,d2,True
36,DFS,9424.676637220171,4043.600555921854,4043.600555921854,9424.676637220171,5381.076081298317,True,327,81,d1,False,81,27,d2,d2,True
36,CheapestFirst,9424.676637220171,4043.600555921854,4043.600555921854,9424.676637220171,5381.076081298317,True,307,76,d2,True,81,27,d2,d2,True
36,DNF,9424.676637220171,4043.600555921854,4043.600555921854,9424.676637220171,5381.076081298317,True,435,108,,,81,27,d2,d2,True
37,BFS,246.85508595771756,11534.53165410373,246.85508595771756,11534.53165410373,11287.676568146013,True,35,8,d1,True,4,83,d1,d1,True
37,DFS,246.85508595771756,11534.53165410373,246.85508595771756,11534.53165410373,11287.676568146013,True,19,4,d1,True,4,83,d1,d1,True
37,CheapestFirst,246.85508595771756,11534.53165410373,246.85508595771756,11534.53165410373,11287.676568146013,True,39,9,d1,True,4,83,d1,d1,True
37,DNF,246.85508595771756,11534.53165410373,246.85508595771756,11534.53165410373,11287.676568146013,True,351,87,,,4,83,d1,d1,True
38,BFS,13811.34541309122,8107.59606688757,8107.59606688757,13811.34541309122,5703.74934620365,True,360,90,d2,True,86,50,d2,d2,True
38,DFS,13811.34541309122,8107.59606688757,8107.59606688757,13811.34541309122,5703.74934620365,True,347,86,d1,False,86,50,d2,d2,True
38,CheapestFirst,13811.34541309122,8107.59606688757,8107.59606688757,13811.34541309122,5703.74934620365,True,360,90,d2,True,86,50,d2,d2,True
38,DNF,13811.34541309122,8107.59606688757,8107.59606688757,13811.34541309122,5703.74934620365,True,547,136,,,86,50,d2,d2,True
39,BFS,3658.0158610571757,2403.4923627579674,2403.4923627579674,3658.0158610571757,1254.5234982992083,True,164,41,d2,True,38,22,d2,d2,True
39,DFS,3658.0158610571757,2403.4923627579674,2403.4923627579674,3658.0158610571757,1254.5234982992083,True,155,38,d1,False,38,22,d2,d2,True
39,CheapestFirst,3658.0158610571757,2403.4923627579674,2403.4923627579674,3658.0158610571757,1254.5234982992083,True,164,41,d2,True,38,22,d2,d2,True
39,DNF,3658.0158610571757,2403.4923627579674,2403.4923627579674,3658.0158610571757,1254.5234982992083,True,243,60,,,38,22,d2,d2,True
40,BFS,552.3245406626536,7014.593157477773,552.3245406626536,7014.593157477773,6462.2686168151195,True,35,8,d1,True,4,44,d1,d1,True
40,DFS,552.3245406626536,7014.593157477773,552.3245406626536,7014.593157477773,6462.2686168151195,True,19,4,d1,True,4,44,d1,d1,True
40,CheapestFirst,552.3245406626536,7014.593157477773,552.3245406626536,7014.593157477773,6462.2686168151195,True,27,6,d1,True,4,44,d1,d1,True
40,DNF,552.3245406626536,7014.593157477773,552.3245406626536,7014.593157477773,6462.2686168151195,True,195,48,,,4,44,d1,d1,True
41,BFS,7913.463469399918,10186.610899067375,7913.463469399918,10186.610899067375,2273.147429667457,True,312,78,d1,True,51,75,d1,d1,True
41,DFS,7913.463469399918,10186.610899067375,7913.463469399918,10186.610899067375,2273.147429667457,True,207,51,d1,True,51,75,d1,d1,True
41,CheapestFirst,7913.463469399918,10186.610899067375,7913.463469399918,10186.610899067375,2273.147429667457,True,312,78,d1,True,51,75,d1,d1,True
41,DNF,7913.463469399918,10186.610899067375,7913.463469399918,10186.610899067375,2273.147429667457,True,507,126,,,51,75,d1,d1,True
42,BFS,2925.268057103168,7077.274155980141,2925.268057103168,7077.274155980141,4152.006098876973,True,307,76,d1,True,38,79,d1,d1,True
42,DFS,2925.268057103168,7077.274155980141,2925.268057103168,7077.274155980141,4152.006098876973,True,155,38,d1,True,38,79,d1,d1,True
42,CheapestFirst,2925.268057103168,7077.274155980141,2925.268057103168,7077.274155980141,4152.006098876973,True,267,66,d1,True,38,79,d1,d1,True
42,DNF,2925.268057103168,7077.274155980141,2925.268057103168,7077.274155980141,4152.006098876973,True,471,117,,,38,79,d1,d1,True
43,BFS,6519.816400595353,3400.4050661741417,3400.4050661741417,6519.816400595353,3119.4113344212114,True,200,50,d2,True,47,26,d2,d2,True
43,DFS,6519.816400595353,3400.4050661741417,3400.4050661741417,6519.816400595353,3119.4113344212114,True,191,47,d1,False,47,26,d2,d2,True
43,CheapestFirst,6519.816400595353,3400.4050661741417,3400.4050661741417,6519.816400595353,3119.4113344212114,True,200,50,d2,True,47,26,d2,d2,True
43,DNF,6519.816400595353,3400.4050661741417,3400.4050661741417,6519.816400595353,3119.4113344212114,True,295,73,,,47,26,d2,d2,True
44,BFS,13448.549277530537,2750.331588914475,2750.331588914475,13448.549277530537,10698.217688616063,True,127,31,d2,True,100,16,d2,d2,True
44,DFS,13448.549277530537,2750.331588914475,2750.331588914475,13448.549277530537,10698.217688616063,True,403,100,d1,False,100,16,d2,d2,True
44,CheapestFirst,13448.549277530537,2750.331588914475,2750.331588914475,13448.549277530537,10698.217688616063,True,123,30,d2,True,100,16,d2,d2,True
44,DNF,13448.549277530537,2750.331588914475,2750.331588914475,13448.549277530537,10698.217688616063,True,467,116,,,100,16,d2,d2,True
45,BFS,1282.416242221363,8483.46732370436,1282.416242221363,8483.46732370436,7201.051081482998,True,115,28,d1,True,14,65,d1,d1,True
45,DFS,1282.416242221363,8483.46732370436,1282.416242221363,8483.46732370436,7201.051081482998,True,59,14,d1,True,14,65,d1,d1,True
45,CheapestFirst,1282.416242221363,8483.46732370436,1282.416242221363,8483.46732370436,7201.051081482998,True,115,28,d1,True,14,65,d1,d1,True
45,DNF,1282.416242221363,8483.46732370436,1282.416242221363,8483.46732370436,7201.051081482998,True,319,79,,,14,65,d1,d1,True
46,BFS,3078.979961630755,6064.21503148065,3078.979961630755,6064.21503148065,2985.2350698498954,True,176,44,d1,True,24,42,d1,d1,True
46,DFS,3078.979961630755,6064.21503148065,3078.979961630755,6064.21503148065,2985.2350698498954,True,99,24,d1,True,24,42,d1,d1,True
46,CheapestFirst,3078.979961630755,6064.21503148065,3078.979961630755,6064.21503148065,2985.2350698498954,True,176,44,d1,True,24,42,d1,d1,True
46,DNF,3078.979961630755,6064.21503148065,3078.979961630755,6064.21503148065,2985.2350698498954,True,267,66,,,24,42,d1,d1,True
47,BFS,13946.004364456387,414.04241932378955,414.04241932378955,13946.004364456387,13531.961945132596,True,55,13,d2,True,95,7,d2,d2,True
47,DFS,13946.004364456387,414.04241932378955,414.04241932378955,13946.004364456387,13531.961945132596,True,383,95,d1,False,95,7,d2,d2,True
47,CheapestFirst,13946.004364456387,414.04241932378955,414.04241932378955,13946.004364456387,13531.961945132596,True,35,8,d2,True,95,7,d2,d2,True
47,DNF,13946.004364456387,414.04241932378955,414.04241932378955,13946.004364456387,13531.961945132596,True,411,102,,,95,7,d2,d2,True
48,BFS,5061.870251836824,1237.7409552374875,1237.7409552374875,5061.870251836824,3824.129296599336,True,103,25,d2,True,55,13,d2,d2,True
48,DFS,5061.870251836824,1237.7409552374875,1237.7409552374875,5061.870251836824,3824.129296599336,True,223,55,d1,False,55,13,d2,d2,True
48,CheapestFirst,5061.870251836824,1237.7409552374875,1237.7409552374875,5061.870251836824,3824.129296599336,True,99,24,d2,True,55,13,d2,d2,True
48,DNF,5061.870251836824,1237.7409552374875,1237.7409552374875,5061.870251836824,3824.129296599336,True,275,68,,,55,13,d2,d2,True
49,BFS,2635.037127930517,3151.734572252246,2635.037127930517,3151.734572252246,516.6974443217291,True,100,25,d1,True,19,24,d1,d1,True
49,DFS,2635.037127930517,3151.734572252246,2635.037127930517,3151.734572252246,516.6974443217291,True,79,19,d1,True,19,24,d1,d1,True
49,CheapestFirst,2635.037127930517,3151.734572252246,2635.037127930517,3151.734572252246,516.6974443217291,True,100,25,d1,True,19,24,d1,d1,True
49,DNF,2635.037127930517,3151.734572252246,2635.037127930517,3151.734572252246,516.6974443217291,True,175,43,,,19,24,d1,d1,True
50,BFS,14290.503970891912,10494.943894629369,10494.943894629369,14290.503970891912,3795.5600762625436,True,376,94,d2,True,91,61,d2,d2,True
50,DFS,14290.503970891912,10494.943894629369,10494.943894629369,14290.503970891912,3795.5600762625436,True,367,91,d1,False,91,61,d2,d2,True
50,CheapestFirst,14290.503970891912,10494.943894629369,10494.943894629369,14290.503970891912,3795.5600762625436,True,376,94,d2,True,91,61,d2,d2,True
50,DNF,14290.503970891912,10494.943894629369,10494.943894629369,14290.503970891912,3795.5600762625436,True,611,152,,,91,61,d2,d2,True
51,BFS,6695.793829110634,1239.844083205261,1239.844083205261,6695.793829110634,5455.949745905373,True,39,9,d2,True,57,5,d2,d2,True
51,DFS,6695.793829110634,1239.844083205261,1239.844083205261,6695.793829110634,5455.949745905373,True,231,57,d1,False,57,5,d2,d2,True
51,CheapestFirst,6695.793829110634,1239.844083205261,1239.844083205261,6695.793829110634,5455.949745905373,True,63,15,d2,True,57,5,d2,d2,True
51,DNF,6695.793829110634,1239.844083205261,1239.844083205261,6695.793829110634,5455.949745905373,True,251,62,,,57,5,d2,d2,True
52,BFS,1842.3583805930523,4488.298859638043,1842.3583805930523,4488.298859638043,2645.9404790449908,True,163,40,d1,True,20,55,d1,d1,True
52,DFS,1842.3583805930523,4488.298859638043,1842.3583805930523,4488.298859638043,2645.9404790449908,True,83,20,d1,True,20,55,d1,d1,True
52,CheapestFirst,1842.3583805930523,4488.298859638043,1842.3583805930523,4488.298859638043,2645.9404790449908,True,143,35,d1,True,20,55,d1,d1,True
52,DNF,1842.3583805930523,4488.298859638043,1842.3583805930523,4488.298859638043,2645.9404790449908,True,303,75,,,20,55,d1,d1,True
53,BFS,771.1173190261369,5072.989364332076,771.1173190261369,5072.989364332076,4301.872045305939,True,99,24,d1,True,12,47,d1,d1,True
53,DFS,771.1173190261369,5072.989364332076,771.1173190261369,5072.989364332076,4301.872045305939,True,51,12,d1,True,12,47,d1,d1,True
53,CheapestFirst,771.1173190261369,5072.989364332076,771.1173190261369,5072.989364332076,4301.872045305939,True,99,24,d1,True,12,47,d1,d1,True
53,DNF,771.1173190261369,5072.989364332076,771.1173190261369,5072.989364332076,4301.872045305939,True,239,59,,,12,47,d1,d1,True
54,BFS,4628.722843102038,675.350480707262,675.350480707262,4628.722843102038,3953.3723623947753,True,95,23,d2,True,37,12,d2,d2,True
54,DFS,4628.722843102038,675.350480707262,675.350480707262,4628.722843102038,3953.3723623947753,True,151,37,d1,False,37,12,d2,d2,True
54,CheapestFirst,4628.722843102038,675.350480707262,675.350480707262,4628.722843102038,3953.3723623947753,True,63,15,d2,True,37,12,d2,d2,True
54,DNF,4628.722843102038,675.350480707262,675.350480707262,4628.722843102038,3953.3723623947753,True,199,49,,,37,12,d2,d2,True
55,BFS,10060.560636657823,4249.4559370134375,4249.4559370134375,10060.560636657823,5811.104699644386,True,311,77,d2,True,95,39,d2,d2,True
55,DFS,10060.560636657823,4249.4559370134375,4249.4559370134375,10060.560636657823,5811.104699644386,True,383,95,d1,False,95,39,d2,d2,True
55,CheapestFirst,10060.560636657823,4249.4559370134375,4249.4559370134375,10060.560636657823,5811.104699644386,True,331,82,d2,True,95,39,d2,d2,True
55,DNF,10060.560636657823,4249.4559370134375,4249.4559370134375,10060.560636657823,5811.104699644386,True,539,134,,,95,39,d2,d2,True
56,BFS,7788.714626158265,661.7046108950324,661.7046108950324,7788.714626158265,7127.010015263232,True,55,13,d2,True,39,7,d2,d2,True
56,DFS,7788.714626158265,661.7046108950324,661.7046108950324,7788.714626158265,7127.010015263232,True,159,39,d1,False,39,7,d2,d2,True
56,CheapestFirst,7788.714626158265,661.7046108950324,661.7046108950324,7788.714626158265,7127.010015263232,True,63,15,d2,True,39,7,d2,d2,True
56,DNF,7788.714626158265,661.7046108950324,661.7046108950324,7788.714626158265,7127.010015263232,True,187,46,,,39,7,d2,d2,True
57,BFS,16027.158927853763,13138.547283950607,13138.547283950607,16027.158927853763,2888.6116439031557,True,384,96,d2,True,92,79,d2,d2,True
57,DFS,16027.158927853763,13138.547283950607,13138.547283950607,16027.158927853763,2888.6116439031557,True,371,92,d1,False,92,79,d2,d2,True
57,CheapestFirst,16027.158927853763,13138.547283950607,13138.547283950607,16027.158927853763,2888.6116439031557,True,384,96,d2,True,92,79,d2,d2,True
57,DNF,16027.158927853763,13138.547283950607,13138.547283950607,16027.158927853763,2888.6116439031557,True,687,171,,,92,79,d2,d2,True
58,BFS,889.8734496886053,6304.504659085541,889.8734496886053,6304.504659085541,5414.631209396935,True,67,16,d1,True,8,52,d1,d1,True
58,DFS,889.8734496886053,6304.504659085541,889.8734496886053,6304.504659085541,5414.631209396935,True,35,8,d1,True,8,52,d1,d1,True
58,CheapestFirst,889.8734496886053,6304.504659085541,889.8734496886053,6304.504659085541,5414.631209396935,True,63,15,d1,True,8,52,d1,d1,True
58,DNF,889.8734496886053,6304.504659085541,889.8734496886053,6304.504659085541,5414.631209396935,True,243,60,,,8,52,d1,d1,True
59,BFS,3903.56673840626,16192.72593376434,3903.56673840626,16192.72593376434,12289.159195358081,True,195,48,d1,True,24,94,d1,d1,True
59,DFS,3903.56673840626,16192.72593376434,3903.56673840626,16192.72593376434,12289.159195358081,True,99,24,d1,True,24,94,d1,d1,True
59,CheapestFirst,3903.56673840626,16192.72593376434,3903.56673840626,16192.72593376434,12289.159195358081,True,227,56,d1,True,24,94,d1,d1,True
59,DNF,3903.56673840626,16192.72593376434,3903.56673840626,16192.72593376434,12289.159195358081,True,475,118,,,24,94,d1,d1,True
60,BFS,3923.8525815407093,4979.342834751089,3923.8525815407093,4979.342834751089,1055.4902532103797,True,124,31,d1,True,23,28,d1,d1,True
60,DFS,3923.8525815407093,4979.342834751089,3923.8525815407093,4979.342834751089,1055.4902532103797,True,95,23,d1,True,23,28,d1,d1,True
60,CheapestFirst,3923.8525815407093,4979.342834751089,3923.8525815407093,4979.342834751089,1055.4902532103797,True,124,31,d1,True,23,28,d1,d1,True
60,DNF,3923.8525815407093,4979.342834751089,3923.8525815407093,4979.342834751089,1055.4902532103797,True,207,51,,,23,28,d1,d1,True
61,BFS,5816.85725680308,928.5122058151007,928.5122058151007,5816.85725680308,4888.345050987979,True,31,7,d2,True,34,4,d2,d2,True
61,DFS,5816.85725680308,928.5122058151007,928.5122058151007,5816.85725680308,4888.345050987979,True,139,34,d1,False,34,4,d2,d2,True
61,CheapestFirst,5816.85725680308,928.5122058151007,928.5122058151007,5816.85725680308,4888.345050987979,True,51,12,d2,True,34,4,d2,d2,True
61,DNF,5816.85725680308,928.5122058151007,928.5122058151007,5816.85725680308,4888.345050987979,True,155,38,,,34,4,d2,d2,True
62,BFS,861.3758949189204,8058.520715542711,861.3758949189204,8058.520715542711,7197.14482062379,True,147,36,d1,True,18,70,d1,d1,True
62,DFS,861.3758949189204,8058.520715542711,861.3758949189204,8058.520715542711,7197.14482062379,True,75,18,d1,True,18,70,d1,d1,True
62,CheapestFirst,861.3758949189204,8058.520715542711,861.3758949189204,8058.520715542711,7197.14482062379,True,83,20,d1,True,18,70,d1,d1,True
62,DNF,861.3758949189204,8058.520715542711,861.3758949189204,8058.520715542711,7197.14482062379,True,355,88,,,18,70,d1,d1,True
63,BFS,1182.1905121195248,8310.031348427214,1182.1905121195248,8310.031348427214,7127.840836307689,True,91,22,d1,True,11,80,d1,d1,True
63,DFS,1182.1905121195248,8310.031348427214,1182.1905121195248,8310.031348427214,7127.840836307689,True,47,11,d1,True,11,80,d1,d1,True
63,CheapestFirst,1182.1905121195248,8310.031348427214,1182.1905121195248,8310.031348427214,7127.840836307689,True,103,25,d1,True,11,80,d1,d1,True
63,DNF,1182.1905121195248,8310.031348427214,1182.1905121195248,8310.031348427214,7127.840836307689,True,367,91,,,11,80,d1,d1,True
64,BFS,15758.774355801006,12086.719818167454,12086.719818167454,15758.774355801006,3672.054537633552,True,400,100,d2,True,97,74,d2,d2,True
64,DFS,15758.774355801006,12086.719818167454,12086.719818167454,15758.774355801006,3672.054537633552,True,391,97,d1,False,97,74,d2,d2,True
64,CheapestFirst,15758.774355801006,12086.719818167454,12086.719818167454,15758.774355801006,3672.054537633552,True,400,100,d2,True,97,74,d2,d2,True
64,DNF,15758.774355801006,12086.719818167454,12086.719818167454,15758.774355801006,3672.054537633552,True,687,171,,,97,74,d2,d2,True
65,BFS,8625.289808241565,6233.532904456313,6233.532904456313,8625.289808241565,2391.756903785252,True,236,59,d2,True,55,34,d2,d2,True
65,DFS,8625.289808241565,6233.532904456313,6233.532904456313,8625.289808241565,2391.756903785252,True,223,55,d1,False,55,34,d2,d2,True
65,CheapestFirst,8625.289808241565,6233.532904456313,6233.532904456313,8625.289808241565,2391.756903785252,True,236,59,d2,True,55,34,d2,d2,True
65,DNF,8625.289808241565,6233.532904456313,6233.532904456313,8625.289808241565,2391.756903785252,True,359,89,,,55,34,d2,d2,True
66,BFS,3536.6711606508625,5414.689061917597,3536.6711606508625,5414.689061917597,1878.017901266735,True,228,57,d1,True,33,53,d1,d1,True
66,DFS,3536.6711606508625,5414.689061917597,3536.6711606508625,5414.689061917597,1878.017901266735,True,135,33,d1,True,33,53,d1,d1,True
66,CheapestFirst,3536.6711606508625,5414.689061917597,3536.6711606508625,5414.689061917597,1878.017901266735,True,228,57,d1,True,33,53,d1,d1,True
66,DNF,3536.6711606508625,5414.689061917597,3536.6711606508625,5414.689061917597,1878.017901266735,True,347,86,,,33,53,d1,d1,True
67,BFS,6881.030174706535,7953.618915870569,6881.030174706535,7953.618915870569,1072.5887411640342,True,248,62,d1,True,56,60,d1,d1,True
67,DFS,6881.030174706535,7953.618915870569,6881.030174706535,7953.618915870569,1072.5887411640342,True,227,56,d1,True,56,60,d1,d1,True
67,CheapestFirst,6881.030174706535,7953.618915870569,6881.030174706535,7953.618915870569,1072.5887411640342,True,248,62,d1,True,56,60,d1,d1,True
67,DNF,6881.030174706535,7953.618915870569,6881.030174706535,7953.618915870569,1072.5887411640342,True,467,116,,,56,60,d1,d1,True
68,BFS,17638.85470386109,13651.47111717557,13651.47111717557,17638.85470386109,3987.383586685519,True,412,103,d2,True,100,80,d2,d2,True
68,DFS,17638.85470386109,13651.47111717557,13651.47111717557,17638.85470386109,3987.383586685519,True,403,100,d1,False,100,80,d2,d2,True
68,CheapestFirst,17638.85470386109,13651.47111717557,13651.47111717557,17638.85470386109,3987.383586685519,True,412,103,d2,True,100,80,d2,d2,True
68,DNF,17638.85470386109,13651.47111717557,13651.47111717557,17638.85470386109,3987.383586685519,True,723,180,,,100,80,d2,d2,True
69,BFS,9089.546429362217,12287.196068352974,9089.546429362217,12287.196068352974,3197.649638990757,True,372,93,d1,True,73,91,d1,d1,True
69,DFS,9089.546429362217,12287.196068352974,9089.546429362217,12287.196068352974,3197.649638990757,True,295,73,d1,True,73,91,d1,d1,True
69,CheapestFirst,9089.546429362217,12287.196068352974,9089.546429362217,12287.196068352974,3197.649638990757,True,372,93,d1,True,73,91,d1,d1,True
69,DNF,9089.546429362217,12287.196068352974,9089.546429362217,12287.196068352974,3197.649638990757,True,659,164,,,73,91,d1,d1,True
70,BFS,8790.822788328922,7227.8688059060505,7227.8688059060505,8790.822788328922,1562.9539824228714,True,216,54,d2,True,52,38,d2,d2,True
70,DFS,8790.822788328922,7227.8688059060505,7227.8688059060505,8790.822788328922,1562.9539824228714,True,211,52,d1,False,52,38,d2,d2,True
70,CheapestFirst,8790.822788328922,7227.8688059060505,7227.8688059060505,8790.822788328922,1562.9539824228714,True,216,54,d2,True,52,38,d2,d2,True
70,DNF,8790.822788328922,7227.8688059060505,7227.8688059060505,8790.822788328922,1562.9539824228714,True,363,90,,,52,38,d2,d2,True
71,BFS,12645.550963218762,2280.250635328062,2280.250635328062,12645.550963218762,10365.3003278907,True,143,35,d2,True,77,18,d2,d2,True
71,DFS,12645.550963218762,2280.250635328062,2280.250635328062,12645.550963218762,10365.3003278907,True,311,77,d1,False,77,18,d2,d2,True
71,CheapestFirst,12645.550963218762,2280.250635328062,2280.250635328062,12645.550963218762,10365.3003278907,True,119,29,d2,True,77,18,d2,d2,True
71,DNF,12645.550963218762,2280.250635328062,2280.250635328062,12645.550963218762,10365.3003278907,True,383,95,,,77,18,d2,d2,True
72,BFS,3136.4722918022953,8691.980344991462,3136.4722918022953,8691.980344991462,5555.508053189166,True,155,38,d1,True,19,55,d1,d1,True
72,DFS,3136.4722918022953,8691.980344991462,3136.4722918022953,8691.980344991462,5555.508053189166,True,79,19,d1,True,19,55,d1,d1,True
72,CheapestFirst,3136.4722918022953,8691.980344991462,3136.4722918022953,8691.980344991462,5555.508053189166,True,167,41,d1,True,19,55,d1,d1,True
72,DNF,3136.4722918022953,8691.980344991462,3136.4722918022953,8691.980344991462,5555.508053189166,True,299,74,,,19,55,d1,d1,True
73,BFS,4542.985651827343,950.8882653822379,950.8882653822379,4542.985651827343,3592.097386445105,True,63,15,d2,True,39,8,d2,d2,True
73,DFS,4542.985651827343,950.8882653822379,950.8882653822379,4542.985651827343,3592.097386445105,True,159,39,d1,False,39,8,d2,d2,True
73,CheapestFirst,4542.985651827343,950.8882653822379,950.8882653822379,4542.985651827343,3592.097386445105,True,67,16,d2,True,39,8,d2,d2,True
73,DNF,4542.985651827343,950.8882653822379,950.8882653822379,4542.985651827343,3592.097386445105,True,191,47,,,39,8,d2,d2,True
74,BFS,1132.5901215960628,3920.2490618209863,1132.5901215960628,3920.2490618209863,2787.6589402249238,True,123,30,d1,True,15,37,d1,d1,True
74,DFS,1132.5901215960628,3920.2490618209863,1132.5901215960628,3920.2490618209863,2787.6589402249238,True,63,15,d1,True,15,37,d1,d1,True
74,CheapestFirst,1132.5901215960628,3920.2490618209863,1132.5901215960628,3920.2490618209863,2787.6589402249238,True,119,29,d1,True,15,37,d1,d1,True
74,DNF,1132.5901215960628,3920.2490618209863,1132.5901215960628,3920.2490618209863,2787.6589402249238,True,211,52,,,15,37,d1,d1,True
75,BFS,1990.0089716308157,6820.414043318403,1990.0089716308157,6820.414043318403,4830.405071687587,True,75,18,d1,True,9,40,d1,d1,True
75,DFS,1990.0089716308157,6820.414043318403,1990.0089716308157,6820.414043318403,4830.405071687587,True,39,9,d1,True,9,40,d1,d1,True
75,CheapestFirst,1990.0089716308157,6820.414043318403,1990.0089716308157,6820.414043318403,4830.405071687587,True,95,23,d1,True,9,40,d1,d1,True
75,DNF,1990.0089716308157,6820.414043318403,1990.0089716308157,6820.414043318403,4830.405071687587,True,199,49,,,9,40,d1,d1,True
76,BFS,5029.4151822080685,3019.764660852671,3019.764660852671,5029.4151822080685,2009.6505213553974,True,140,35,d2,True,32,18,d2,d2,True
76,DFS,5029.4151822080685,3019.764660852671,3019.764660852671,5029.4151822080685,2009.6505213553974,True,131,32,d1,False,32,18,d2,d2,True
76,CheapestFirst,5029.4151822080685,3019.764660852671,3019.764660852671,5029.4151822080685,2009.6505213553974,True,140,35,d2,True,32,18,d2,d2,True
76,DNF,5029.4151822080685,3019.764660852671,3019.764660852671,5029.4151822080685,2009.6505213553974,True,203,50,,,32,18,d2,d2,True
77,BFS,2191.2184197276724,5854.235270324599,2191.2184197276724,5854.235270324599,3663.0168505969264,True,83,20,d1,True,10,44,d1,d1,True
77,DFS,2191.2184197276724,5854.235270324599,2191.2184197276724,5854.235270324599,3663.0168505969264,True,43,10,d1,True,10,44,d1,d1,True
77,CheapestFirst,2191.2184197276724,5854.235270324599,2191.2184197276724,5854.235270324599,3663.0168505969264,True,75,18,d1,True,10,44,d1,d1,True
77,DNF,2191.2184197276724,5854.235270324599,2191.2184197276724,5854.235270324599,3663.0168505969264,True,219,54,,,10,44,d1,d1,True
78,BFS,9746.867544695908,4621.195354294305,4621.195354294305,9746.867544695908,5125.672190401603,True,199,49,d2,True,78,25,d2,d2,True
78,DFS,9746.867544695908,4621.195354294305,4621.195354294305,9746.867544695908,5125.672190401603,True,315,78,d1,False,78,25,d2,d2,True
78,CheapestFirst,9746.867544695908,4621.195354294305,4621.195354294305,9746.867544695908,5125.672190401603,True,291,72,d2,True,78,25,d2,d2,True
78,DNF,9746.867544695908,4621.195354294305,4621.195354294305,9746.867544695908,5125.672190401603,True,415,103,,,78,25,d2,d2,True
79,BFS,5057.396358264537,3822.071504089964,3822.071504089964,5057.396358264537,1235.3248541745734,True,256,64,d2,True,61,49,d2,d2,True
79,DFS,5057.396358264537,3822.071504089964,3822.071504089964,5057.396358264537,1235.3248541745734,True,247,61,d1,False,61,49,d2,d2,True
79,CheapestFirst,5057.396358264537,3822.071504089964,3822.071504089964,5057.396358264537,1235.3248541745734,True,256,64,d2,True,61,49,d2,d2,True
79,DNF,5057.396358264537,3822.071504089964,3822.071504089964,5057.396358264537,1235.3248541745734,True,443,110,,,61,49,d2,d2,True
80,BFS,4762.110402418035,10513.306741764316,4762.110402418035,10513.306741764316,5751.196339346281,True,147,36,d1,True,18,75,d1,d1,True
80,DFS,4762.110402418035,10513.306741764316,4762.110402418035,10513.306741764316,5751.196339346281,True,75,18,d1,True,18,75,d1,d1,True
80,CheapestFirst,4762.110402418035,10513.306741764316,4762.110402418035,10513.306741764316,5751.196339346281,True,183,45,d1,True,18,75,d1,d1,True
80,DNF,4762.110402418035,10513.306741764316,4762.110402418035,10513.306741764316,5751.196339346281,True,375,93,,,18,75,d1,d1,True
81,BFS,4199.249992734357,4836.190192682599,4199.249992734357,4836.190192682599,636.9401999482425,True,236,59,d1,True,46,56,d1,d1,True
81,DFS,4199.249992734357,4836.190192682599,4199.249992734357,4836.190192682599,636.9401999482425,True,187,46,d1,True,46,56,d1,d1,True
81,CheapestFirst,4199.249992734357,4836.190192682599,4199.249992734357,4836.190192682599,636.9401999482425,True,236,59,d1,True,46,56,d1,d1,True
81,DNF,4199.249992734357,4836.190192682599,4199.249992734357,4836.190192682599,636.9401999482425,True,411,102,,,46,56,d1,d1,True
82,BFS,7751.333915786746,5498.4237490226,5498.4237490226,7751.333915786746,2252.910166764146,True,272,68,d2,True,66,49,d2,d2,True
82,DFS,7751.333915786746,5498.4237490226,5498.4237490226,7751.333915786746,2252.910166764146,True,267,66,d1,False,66,49,d2,d2,True
82,CheapestFirst,7751.333915786746,5498.4237490226,5498.4237490226,7751.333915786746,2252.910166764146,True,272,68,d2,True,66,49,d2,d2,True
82,DNF,7751.333915786746,5498.4237490226,5498.4237490226,7751.333915786746,2252.910166764146,True,463,115,,,66,49,d2,d2,True
83,BFS,3344.179593196107,5737.361077678382,3344.179593196107,5737.361077678382,2393.1814844822748,True,160,40,d1,True,21,37,d1,d1,True
83,DFS,3344.179593196107,5737.361077678382,3344.179593196107,5737.361077678382,2393.1814844822748,True,87,21,d1,True,21,37,d1,d1,True
83,CheapestFirst,3344.179593196107,5737.361077678382,3344.179593196107,5737.361077678382,2393.1814844822748,True,160,40,d1,True,21,37,d1,d1,True
83,DNF,3344.179593196107,5737.361077678382,3344.179593196107,5737.361077678382,2393.1814844822748,True,235,58,,,21,37,d1,d1,True
84,BFS,11439.680238879711,4989.772896099655,4989.772896099655,11439.680238879711,6449.907342780057,True,367,91,d2,True,90,46,d2,d2,True
84,DFS,11439.680238879711,4989.772896099655,4989.772896099655,11439.680238879711,6449.907342780057,True,363,90,d1,False,90,46,d2,d2,True
84,CheapestFirst,11439.680238879711,4989.772896099655,4989.772896099655,11439.680238879711,6449.907342780057,True,327,81,d2,True,90,46,d2,d2,True
84,DNF,11439.680238879711,4989.772896099655,4989.772896099655,11439.680238879711,6449.907342780057,True,547,136,,,90,46,d2,d2,True
85,BFS,869.8119640287949,11689.46767887881,869.8119640287949,11689.46767887881,10819.655714850014,True,123,30,d1,True,15,95,d1,d1,True
85,DFS,869.8119640287949,11689.46767887881,869.8119640287949,11689.46767887881,10819.655714850014,True,63,15,d1,True,15,95,d1,d1,True
85,CheapestFirst,869.8119640287949,11689.46767887881,869.8119640287949,11689.46767887881,10819.655714850014,True,95,23,d1,True,15,95,d1,d1,True
85,DNF,869.8119640287949,11689.46767887881,869.8119640287949,11689.46767887881,10819.655714850014,True,443,110,,,15,95,d1,d1,True
86,BFS,6742.200647481796,4821.177365191779,4821.177365191779,6742.200647481796,1921.023282290017,True,208,52,d2,True,49,35,d2,d2,True
86,DFS,6742.200647481796,4821.177365191779,4821.177365191779,6742.200647481796,1921.023282290017,True,199,49,d1,False,49,35,d2,d2,True
86,CheapestFirst,6742.200647481796,4821.177365191779,4821.177365191779,6742.200647481796,1921.023282290017,True,208,52,d2,True,49,35,d2,d2,True
86,DNF,6742.200647481796,4821.177365191779,4821.177365191779,6742.200647481796,1921.023282290017,True,339,84,,,49,35,d2,d2,True
87,BFS,2069.6552223099934,9512.174584896797,2069.6552223099934,9512.174584896797,7442.519362586803,True,107,26,d1,True,13,62,d1,d1,True
87,DFS,2069.6552223099934,9512.174584896797,2069.6552223099934,9512.174584896797,7442.519362586803,True,55,13,d1,True,13,62,d1,d1,True
87,CheapestFirst,2069.6552223099934,9512.174584896797,2069.6552223099934,9512.174584896797,7442.519362586803,True,107,26,d1,True,13,62,d1,d1,True
87,DNF,2069.6552223099934,9512.174584896797,2069.6552223099934,9512.174584896797,7442.519362586803,True,303,75,,,13,62,d1,d1,True
88,BFS,10207.397785920804,12389.65154289247,10207.397785920804,12389.65154289247,2182.253756971666,True,412,103,d1,True,85,100,d1,d1,True
88,DFS,10207.397785920804,12389.65154289247,10207.397785920804,12389.65154289247,2182.253756971666,True,343,85,d1,True,85,100,d1,d1,True
88,CheapestFirst,10207.397785920804,12389.65154289247,10207.397785920804,12389.65154289247,2182.253756971666,True,412,103,d1,True,85,100,d1,d1,True
88,DNF,10207.397785920804,12389.65154289247,10207.397785920804,12389.65154289247,2182.253756971666,True,743,185,,,85,100,d1,d1,True
89,BFS,11652.448338199296,12184.816547284352,11652.448338199296,12184.816547284352,532.3682090850562,True,408,102,d1,True,93,98,d1,d1,True
89,DFS,11652.448338199296,12184.816547284352,11652.448338199296,12184.816547284352,532.3682090850562,True,375,93,d1,True,93,98,d1,d1,True
89,CheapestFirst,11652.448338199296,12184.816547284352,11652.448338199296,12184.816547284352,532.3682090850562,True,408,102,d1,True,93,98,d1,d1,True
89,DNF,11652.448338199296,12184.816547284352,11652.448338199296,12184.816547284352,532.3682090850562,True,767,191,,,93,98,d1,d1,True
90,BFS,15089.17916443028,13640.04272006716,13640.04272006716,15089.17916443028,1449.1364443631192,True,396,99,d2,True,97,90,d2,d2,True
90,DFS,15089.17916443028,13640.04272006716,13640.04272006716,15089.17916443028,1449.1364443631192,True,391,97,d1,False,97,90,d2,d2,True
90,CheapestFirst,15089.17916443028,13640.04272006716,13640.04272006716,15089.17916443028,1449.1364443631192,True,396,99,d2,True,97,90,d2,d2,True
90,DNF,15089.17916443028,13640.04272006716,13640.04272006716,15089.17916443028,1449.1364443631192,True,751,187,,,97,90,d2,d2,True
91,BFS,2181.5242082367,6988.956916754986,2181.5242082367,6988.956916754986,4807.432708518287,True,99,24,d1,True,12,44,d1,d1,True
91,DFS,2181.5242082367,6988.956916754986,2181.5242082367,6988.956916754986,4807.432708518287,True,51,12,d1,True,12,44,d1,d1,True
91,CheapestFirst,2181.5242082367,6988.956916754986,2181.5242082367,6988.956916754986,4807.432708518287,True,131,32,d1,True,12,44,d1,d1,True
91,DNF,2181.5242082367,6988.956916754986,2181.5242082367,6988.956916754986,4807.432708518287,True,227,56,,,12,44,d1,d1,True
92,BFS,7186.750136943556,7968.265893694932,7186.750136943556,7968.265893694932,781.5157567513761,True,364,91,d1,True,79,87,d1,d1,True
92,DFS,7186.750136943556,7968.265893694932,7186.750136943556,7968.265893694932,781.5157567513761,True,319,79,d1,True,79,87,d1,d1,True
92,CheapestFirst,7186.750136943556,7968.265893694932,7186.750136943556,7968.265893694932,781.5157567513761,True,364,91,d1,True,79,87,d1,d1,True
92,DNF,7186.750136943556,7968.265893694932,7186.750136943556,7968.265893694932,781.5157567513761,True,667,166,,,79,87,d1,d1,True
93,BFS,3593.4189597134955,6336.6252491700525,3593.4189597134955,6336.6252491700525,2743.206289456557,True,180,45,d1,True,24,40,d1,d1,True
93,DFS,3593.4189597134955,6336.6252491700525,3593.4189597134955,6336.6252491700525,2743.206289456557,True,99,24,d1,True,24,40,d1,d1,True
93,CheapestFirst,3593.4189597134955,6336.6252491700525,3593.4189597134955,6336.6252491700525,2743.206289456557,True,171,42,d1,True,24,40,d1,d1,True
93,DNF,3593.4189597134955,6336.6252491700525,3593.4189597134955,6336.6252491700525,2743.206289456557,True,259,64,,,24,40,d1,d1,True
94,BFS,12985.40067111705,6914.099976457443,6914.099976457443,12985.40067111705,6071.300694659607,True,255,63,d2,True,70,32,d2,d2,True
94,DFS,12985.40067111705,6914.099976457443,6914.099976457443,12985.40067111705,6071.300694659607,True,283,70,d1,False,70,32,d2,d2,True
94,CheapestFirst,12985.40067111705,6914.099976457443,6914.099976457443,12985.40067111705,6071.300694659607,True,288,72,d2,True,70,32,d2,d2,True
94,DNF,12985.40067111705,6914.099976457443,6914.099976457443,12985.40067111705,6071.300694659607,True,411,102,,,70,32,d2,d2,True
95,BFS,14071.63986633688,7049.929750194785,7049.929750194785,14071.63986633688,7021.710116142095,True,311,77,d2,True,82,39,d2,d2,True
95,DFS,14071.63986633688,7049.929750194785,7049.929750194785,14071.63986633688,7021.710116142095,True,331,82,d1,False,82,39,d2,d2,True
95,CheapestFirst,14071.63986633688,7049.929750194785,7049.929750194785,14071.63986633688,7021.710116142095,True,335,83,d2,True,82,39,d2,d2,True
95,DNF,14071.63986633688,7049.929750194785,7049.929750194785,14071.63986633688,7021.710116142095,True,487,121,,,82,39,d2,d2,True
96,BFS,64.05578023821336,8931.747063819277,64.05578023821336,8931.747063819277,8867.691283581064,True,19,4,d1,True,2,73,d1,d1,True
96,DFS,64.05578023821336,8931.747063819277,64.05578023821336,8931.747063819277,8867.691283581064,True,11,2,d1,True,2,73,d1,d1,True
96,CheapestFirst,64.05578023821336,8931.747063819277,64.05578023821336,8931.747063819277,8867.691283581064,True,15,3,d1,True,2,73,d1,d1,True
96,DNF,64.05578023821336,8931.747063819277,64.05578023821336,8931.747063819277,8867.691283581064,True,303,75,,,2,73,d1,d1,True
97,BFS,3408.037643997952,14139.54488312611,3408.037643997952,14139.54488312611,10731.507239128157,True,131,32,d1,True,16,99,d1,d1,True
97,DFS,3408.037643997952,14139.54488312611,3408.037643997952,14139.54488312611,10731.507239128157,True,67,16,d1,True,16,99,d1,d1,True
97,CheapestFirst,3408.037643997952,14139.54488312611,3408.037643997952,14139.54488312611,10731.507239128157,True,191,47,d1,True,16,99,d1,d1,True
97,DNF,3408.037643997952,14139.54488312611,3408.037643997952,14139.54488312611,10731.507239128157,True,463,115,,,16,99,d1,d1,True
98,BFS,4786.048727922478,7645.76819628422,4786.048727922478,7645.76819628422,2859.7194683617417,True,212,53,d1,True,29,47,d1,d1,True
98,DFS,4786.048727922478,7645.76819628422,4786.048727922478,7645.76819628422,2859.7194683617417,True,119,29,d1,True,29,47,d1,d1,True
98,CheapestFirst,4786.048727922478,7645.76819628422,4786.048727922478,7645.76819628422,2859.7194683617417,True,211,52,d1,True,29,47,d1,d1,True
98,DNF,4786.048727922478,7645.76819628422,4786.048727922478,7645.76819628422,2859.7194683617417,True,307,76,,,29,47,d1,d1,True
99,BFS,7562.153834678899,6745.1067102713305,6745.1067102713305,7562.153834678899,817.0471244075688,True,236,59,d2,True,55,48,d2,d2,True
99,DFS,7562.153834678899,6745.1067102713305,6745.1067102713305,7562.153834678899,817.0471244075688,True,223,55,d1,False,55,48,d2,d2,True
99,CheapestFirst,7562.153834678899,6745.1067102713305,6745.1067102713305,7562.153834678899,817.0471244075688,True,236,59,d2,True,55,48,d2,d2,True
99,DNF,7562.153834678899,6745.1067102713305,6745.1067102713305,7562.153834678899,817.0471244075688,True,415,103,,,55,48,d2,d2,True
100,BFS,3120.67750416148,5459.599475088548,3120.67750416148,5459.599475088548,2338.9219709270683,True,196,49,d1,True,29,46,d1,d1,True
100,DFS,3120.67750416148,5459.599475088548,3120.67750416148,5459.599475088548,2338.9219709270683,True,119,29,d1,True,29,46,d1,d1,True
100,CheapestFirst,3120.67750416148,5459.599475088548,3120.67750416148,5459.599475088548,2338.9219709270683,True,196,49,d1,True,29,46,d1,d1,True
100,DNF,3120.67750416148,5459.599475088548,3120.67750416148,5459.599475088548,2338.9219709270683,True,303,75,,,29,46,d1,d1,True
101,BFS,11915.173342551254,6536.913432122988,6536.913432122988,11915.173342551254,5378.259910428266,True,360,90,d2,True,87,69,d2,d2,True
101,DFS,11915.173342551254,6536.913432122988,6536.913432122988,11915.173342551254,5378.259910428266,True,351,87,d1,False,87,69,d2,d2,True
101,CheapestFirst,11915.173342551254,6536.913432122988,6536.913432122988,11915.173342551254,5378.259910428266,True,360,90,d2,True,87,69,d2,d2,True
101,DNF,11915.173342551254,6536.913432122988,6536.913432122988,11915.173342551254,5378.259910428266,True,627,156,,,87,69,d2,d2,True
102,BFS,14492.571536628957,4715.897845398883,4715.897845398883,14492.571536628957,9776.673691230073,True,215,53,d2,True,74,27,d2,d2,True
102,DFS,14492.571536628957,4715.897845398883,4715.897845398883,14492.571536628957,9776.673691230073,True,299,74,d1,False,74,27,d2,d2,True
102,CheapestFirst,14492.571536628957,4715.897845398883,4715.897845398883,14492.571536628957,9776.673691230073,True,191,47,d2,True,74,27,d2,d2,True
102,DNF,14492.571536628957,4715.897845398883,4715.897845398883,14492.571536628957,9776.673691230073,True,407,101,,,74,27,d2,d2,True
103,BFS,16151.564902796106,13590.4390197029,13590.4390197029,16151.564902796106,2561.1258830932056,True,408,102,d2,True,100,82,d2,d2,True
103,DFS,16151.564902796106,13590.4390197029,13590.4390197029,16151.564902796106,2561.1258830932056,True,403,100,d1,False,100,82,d2,d2,True
103,CheapestFirst,16151.564902796106,13590.4390197029,13590.4390197029,16151.564902796106,2561.1258830932056,True,408,102,d2,True,100,82,d2,d2,True
103,DNF,16151.564902796106,13590.4390197029,13590.4390197029,16151.564902796106,2561.1258830932056,True,731,182,,,100,82,d2,d2,True
104,BFS,2113.676277859618,13689.87597836359,2113.676277859618,13689.87597836359,11576.199700503972,True,139,34,d1,True,17,98,d1,d1,True
104,DFS,2113.676277859618,13689.87597836359,2113.676277859618,13689.87597836359,11576.199700503972,True,71,17,d1,True,17,98,d1,d1,True
104,CheapestFirst,2113.676277859618,13689.87597836359,2113.676277859618,13689.87597836359,11576.199700503972,True,103,25,d1,True,17,98,d1,d1,True
104,DNF,2113.676277859618,13689.87597836359,2113.676277859618,13689.87597836359,11576.199700503972,True,463,115,,,17,98,d1,d1,True
105,BFS,17572.163903827088,9888.942236223344,9888.942236223344,17572.163903827088,7683.221667603744,True,400,100,d2,True,98,54,d2,d2,True
105,DFS,17572.163903827088,9888.942236223344,9888.942236223344,17572.163903827088,7683.221667603744,True,395,98,d1,False,98,54,d2,d2,True
105,CheapestFirst,17572.163903827088,9888.942236223344,9888.942236223344,17572.163903827088,7683.221667603744,True,400,100,d2,True,98,54,d2,d2,True
105,DNF,17572.163903827088,9888.942236223344,9888.942236223344,17572.163903827088,7683.221667603744,True,611,152,,,98,54,d2,d2,True
106,BFS,3936.16872811899,8469.159998179479,3936.16872811899,8469.159998179479,4532.991270060489,True,352,88,d1,True,47,85,d1,d1,True
106,DFS,3936.16872811899,8469.159998179479,3936.16872811899,8469.159998179479,4532.991270060489,True,191,47,d1,True,47,85,d1,d1,True
106,CheapestFirst,3936.16872811899,8469.159998179479,3936.16872811899,8469.159998179479,4532.991270060489,True,283,70,d1,True,47,85,d1,d1,True
106,DNF,3936.16872811899,8469.159998179479,3936.16872811899,8469.159998179479,4532.991270060489,True,531,132,,,47,85,d1,d1,True
107,BFS,28.98964588112822,4647.305824946101,28.98964588112822,4647.305824946101,4618.316179064973,True,7,1,d1,True,1,68,d1,d1,True
107,DFS,28.98964588112822,4647.305824946101,28.98964588112822,4647.305824946101,4618.316179064973,True,7,1,d1,True,1,68,d1,d1,True
107,CheapestFirst,28.98964588112822,4647.305824946101,28.98964588112822,4647.305824946101,4618.316179064973,True,7,1,d1,True,1,68,d1,d1,True
107,DNF,28.98964588112822,4647.305824946101,28.98964588112822,4647.305824946101,4618.316179064973,True,279,69,,,1,68,d1,d1,True
108,BFS,7722.6800984278025,13478.039819989506,7722.6800984278025,13478.039819989506,5755.359721561704,True,404,101,d1,True,56,97,d1,d1,True
108,DFS,7722.6800984278025,13478.039819989506,7722.6800984278025,13478.039819989506,5755.359721561704,True,227,56,d1,True,56,97,d1,d1,True
108,CheapestFirst,7722.6800984278025,13478.039819989506,7722.6800984278025,13478.039819989506,5755.359721561704,True,404,101,d1,True,56,97,d1,d1,True
108,DNF,7722.6800984278025,13478.039819989506,7722.6800984278025,13478.039819989506,5755.359721561704,True,615,153,,,56,97,d1,d1,True
109,BFS,12374.583720461666,1116.6789320869016,1116.6789320869016,12374.583720461666,11257.904788374764,True,79,19,d2,True,74,10,d2,d2,True
109,DFS,12374.583720461666,1116.6789320869016,1116.6789320869016,12374.583720461666,11257.904788374764,True,299,74,d1,False,74,10,d2,d2,True
109,CheapestFirst,12374.583720461666,1116.6789320869016,1116.6789320869016,12374.583720461666,11257.904788374764,True,63,15,d2,True,74,10,d2,d2,True
109,DNF,12374.583720461666,1116.6789320869016,1116.6789320869016,12374.583720461666,11257.904788374764,True,339,84,,,74,10,d2,d2,True
110,BFS,5778.846419528663,10680.168325771054,5778.846419528663,10680.168325771054,4901.3219062423905,True,259,64,d1,True,32,85,d1,d1,True
110,DFS,5778.846419528663,10680.168325771054,5778.846419528663,10680.168325771054,4901.3219062423905,True,131,32,d1,True,32,85,d1,d1,True
110,CheapestFirst,5778.846419528663,10680.168325771054,5778.846419528663,10680.168325771054,4901.3219062423905,True,356,89,d1,True,32,85,d1,d1,True
110,DNF,5778.846419528663,10680.168325771054,5778.846419528663,10680.168325771054,4901.3219062423905,True,471,117,,,32,85,d1,d1,True
111,BFS,873.2989238960639,6264.7482956409685,873.2989238960639,6264.7482956409685,5391.449371744905,True,35,8,d1,True,4,33,d1,d1,True
111,DFS,873.2989238960639,6264.7482956409685,873.2989238960639,6264.7482956409685,5391.449371744905,True,19,4,d1,True,4,33,d1,d1,True
111,CheapestFirst,873.2989238960639,6264.7482956409685,873.2989238960639,6264.7482956409685,5391.449371744905,True,67,16,d1,True,4,33,d1,d1,True
111,DNF,873.2989238960639,6264.7482956409685,873.2989238960639,6264.7482956409685,5391.449371744905,True,151,37,,,4,33,d1,d1,True
112,BFS,15296.829915289565,11728.818692764691,11728.818692764691,15296.829915289565,3568.011222524874,True,376,94,d2,True,91,75,d2,d2,True
112,DFS,15296.829915289565,11728.818692764691,11728.818692764691,15296.829915289565,3568.011222524874,True,367,91,d1,False,91,75,d2,d2,True
112,CheapestFirst,15296.829915289565,11728.818692764691,11728.818692764691,15296.829915289565,3568.011222524874,True,376,94,d2,True,91,75,d2,d2,True
112,DNF,15296.829915289565,11728.818692764691,11728.818692764691,15296.829915289565,3568.011222524874,True,667,166,,,91,75,d2,d2,True
113,BFS,2113.5822938329243,13673.236295924326,2113.5822938329243,13673.236295924326,11559.654002091402,True,107,26,d1,True,13,96,d1,d1,True
113,DFS,2113.5822938329243,13673.236295924326,2113.5822938329243,13673.236295924326,11559.654002091402,True,55,13,d1,True,13,96,d1,d1,True
113,CheapestFirst,2113.5822938329243,13673.236295924326,2113.5822938329243,13673.236295924326,11559.654002091402,True,99,24,d1,True,13,96,d1,d1,True
113,DNF,2113.5822938329243,13673.236295924326,2113.5822938329243,13673.236295924326,11559.654002091402,True,439,109,,,13,96,d1,d1,True
114,BFS,4554.3671508746565,2695.7995678498633,2695.7995678498633,4554.3671508746565,1858.5675830247933,True,127,31,d2,True,35,16,d2,d2,True
114,DFS,4554.3671508746565,2695.7995678498633,2695.7995678498633,4554.3671508746565,1858.5675830247933,True,143,35,d1,False,35,16,d2,d2,True
114,CheapestFirst,4554.3671508746565,2695.7995678498633,2695.7995678498633,4554.3671508746565,1858.5675830247933,True,148,37,d2,True,35,16,d2,d2,True
114,DNF,4554.3671508746565,2695.7995678498633,2695.7995678498633,4554.3671508746565,1858.5675830247933,True,207,51,,,35,16,d2,d2,True
115,BFS,9836.078405685905,10965.599941880668,9836.078405685905,10965.599941880668,1129.521536194763,True,348,87,d1,True,72,85,d1,d1,True
115,DFS,9836.078405685905,10965.599941880668,9836.078405685905,10965.599941880668,1129.521536194763,True,291,72,d1,True,72,85,d1,d1,True
115,CheapestFirst,9836.078405685905,10965.599941880668,9836.078405685905,10965.599941880668,1129.521536194763,True,348,87,d1,True,72,85,d1,d1,True
115,DNF,9836.078405685905,10965.599941880668,9836.078405685905,10965.599941880668,1129.521536194763,True,631,157,,,72,85,d1,d1,True
116,BFS,1234.819517875431,2543.797047246629,1234.819517875431,2543.797047246629,1308.977529371198,True,120,30,d1,True,16,28,d1,d1,True
116,DFS,1234.819517875431,2543.797047246629,1234.819517875431,2543.797047246629,1308.977529371198,True,67,16,d1,True,16,28,d1,d1,True
116,CheapestFirst,1234.819517875431,2543.797047246629,1234.819517875431,2543.797047246629,1308.977529371198,True,107,26,d1,True,16,28,d1,d1,True
116,DNF,1234.819517875431,2543.797047246629,1234.819517875431,2543.797047246629,1308.977529371198,True,179,44,,,16,28,d1,d1,True
117,BFS,8495.5657803732,5408.528504151141,5408.528504151141,8495.5657803732,3087.0372762220586,True,332,83,d2,True,79,49,d2,d2,True
117,DFS,8495.5657803732,5408.528504151141,5408.528504151141,8495.5657803732,3087.0372762220586,True,319,79,d1,False,79,49,d2,d2,True
117,CheapestFirst,8495.5657803732,5408.528504151141,5408.528504151141,8495.5657803732,3087.0372762220586,True,332,83,d2,True,79,49,d2,d2,True
117,DNF,8495.5657803732,5408.528504151141,5408.528504151141,8495.5657803732,3087.0372762220586,True,515,128,,,79,49,d2,d2,True
118,BFS,12015.425280315474,5824.145354313835,5824.145354313835,12015.425280315474,6191.279926001639,True,239,59,d2,True,76,30,d2,d2,True
118,DFS,12015.425280315474,5824.145354313835,5824.145354313835,12015.425280315474,6191.279926001639,True,307,76,d1,False,76,30,d2,d2,True
118,CheapestFirst,12015.425280315474,5824.145354313835,5824.145354313835,12015.425280315474,6191.279926001639,True,303,75,d2,True,76,30,d2,d2,True
118,DNF,12015.425280315474,5824.145354313835,5824.145354313835,12015.425280315474,6191.279926001639,True,427,106,,,76,30,d2,d2,True
119,BFS,11020.917825409084,12289.094493443463,11020.917825409084,12289.094493443463,1268.176668034379,True,360,90,d1,True,78,87,d1,d1,True
119,DFS,11020.917825409084,12289.094493443463,11020.917825409084,12289.094493443463,1268.176668034379,True,315,78,d1,True,78,87,d1,d1,True
119,CheapestFirst,11020.917825409084,12289.094493443463,11020.917825409084,12289.094493443463,1268.176668034379,True,360,90,d1,True,78,87,d1,d1,True
119,DNF,11020.917825409084,12289.094493443463,11020.917825409084,12289.094493443463,1268.176668034379,True,663,165,,,78,87,d1,d1,True
120,BFS,4544.058650441264,8356.990019527986,4544.058650441264,8356.990019527986,3812.931369086722,True,219,54,d1,True,27,54,d1,d1,True
120,DFS,4544.058650441264,8356.990019527986,4544.058650441264,8356.990019527986,3812.931369086722,True,111,27,d1,True,27,54,d1,d1,True
120,CheapestFirst,4544.058650441264,8356.990019527986,4544.058650441264,8356.990019527986,3812.931369086722,True,228,57,d1,True,27,54,d1,d1,True
120,DNF,4544.058650441264,8356.990019527986,4544.058650441264,8356.990019527986,3812.931369086722,True,327,81,,,27,54,d1,d1,True
121,BFS,10054.84994303503,2672.7178462154575,2672.7178462154575,10054.84994303503,7382.132096819572,True,247,61,d2,True,93,31,d2,d2,True
121,DFS,10054.84994303503,2672.7178462154575,2672.7178462154575,10054.84994303503,7382.132096819572,True,375,93,d1,False,93,31,d2,d2,True
121,CheapestFirst,10054.84994303503,2672.7178462154575,2672.7178462154575,10054.84994303503,7382.132096819572,True,175,43,d2,True,93,31,d2,d2,True
121,DNF,10054.84994303503,2672.7178462154575,2672.7178462154575,10054.84994303503,7382.132096819572,True,499,124,,,93,31,d2,d2,True
122,BFS,13620.025283938861,4147.535500455339,4147.535500455339,13620.025283938861,9472.489783483521,True,127,31,d2,True,91,16,d2,d2,True
122,DFS,13620.025283938861,4147.535500455339,4147.535500455339,13620.025283938861,9472.489783483521,True,367,91,d1,False,91,16,d2,d2,True
122,CheapestFirst,13620.025283938861,4147.535500455339,4147.535500455339,13620.025283938861,9472.489783483521,True,167,41,d2,True,91,16,d2,d2,True
122,DNF,13620.025283938861,4147.535500455339,4147.535500455339,13620.025283938861,9472.489783483521,True,431,107,,,91,16,d2,d2,True
123,BFS,6791.790697859133,3382.6865060143055,3382.6865060143055,6791.790697859133,3409.1041918448273,True,119,29,d2,True,56,15,d2,d2,True
123,DFS,6791.790697859133,3382.6865060143055,3382.6865060143055,6791.790697859133,3409.1041918448273,True,227,56,d1,False,56,15,d2,d2,True
123,CheapestFirst,6791.790697859133,3382.6865060143055,3382.6865060143055,6791.790697859133,3409.1041918448273,True,219,54,d2,True,56,15,d2,d2,True
123,DNF,6791.790697859133,3382.6865060143055,3382.6865060143055,6791.790697859133,3409.1041918448273,True,287,71,,,56,15,d2,d2,True
124,BFS,53.510052825570156,5976.480985793642,53.510052825570156,5976.480985793642,5922.970932968072,True,43,10,d1,True,5,59,d1,d1,True
124,DFS,53.510052825570156,5976.480985793642,53.510052825570156,5976.480985793642,5922.970932968072,True,23,5,d1,True,5,59,d1,d1,True
124,CheapestFirst,53.510052825570156,5976.480985793642,53.510052825570156,5976.480985793642,5922.970932968072,True,27,6,d1,True,5,59,d1,d1,True
124,DNF,53.510052825570156,5976.480985793642,53.510052825570156,5976.480985793642,5922.970932968072,True,259,64,,,5,59,d1,d1,True
125,BFS,1950.8333912188707,8035.021050992149,1950.8333912188707,8035.021050992149,6084.187659773278,True,163,40,d1,True,20,48,d1,d1,True
125,DFS,1950.8333912188707,8035.021050992149,1950.8333912188707,8035.021050992149,6084.187659773278,True,83,20,d1,True,20,48,d1,d1,True
125,CheapestFirst,1950.8333912188707,8035.021050992149,1950.8333912188707,8035.021050992149,6084.187659773278,True,103,25,d1,True,20,48,d1,d1,True
125,DNF,1950.8333912188707,8035.021050992149,1950.8333912188707,8035.021050992149,6084.187659773278,True,275,68,,,20,48,d1,d1,True
126,BFS,12811.934464287002,12825.177693037458,12811.934464287002,12825.177693037458,13.243228750456183,True,384,96,d1,True,91,93,d1,d1,True
126,DFS,12811.934464287002,12825.177693037458,12811.934464287002,12825.177693037458,13.243228750456183,True,367,91,d1,True,91,93,d1,d1,True
126,CheapestFirst,12811.934464287002,12825.177693037458,12811.934464287002,12825.177693037458,13.243228750456183,True,384,96,d1,True,91,93,d1,d1,True
126,DNF,12811.934464287002,12825.177693037458,12811.934464287002,12825.177693037458,13.243228750456183,True,739,184,,,91,93,d1,d1,True
127,BFS,4550.576339517647,2566.9171272300227,2566.9171272300227,4550.576339517647,1983.6592122876245,True,140,35,d2,True,32,21,d2,d2,True
127,DFS,4550.576339517647,2566.9171272300227,2566.9171272300227,4550.576339517647,1983.6592122876245,True,131,32,d1,False,32,21,d2,d2,True
127,CheapestFirst,4550.576339517647,2566.9171272300227,2566.9171272300227,4550.576339517647,1983.6592122876245,True,135,33,d2,True,32,21,d2,d2,True
127,DNF,4550.576339517647,2566.9171272300227,2566.9171272300227,4550.576339517647,1983.6592122876245,True,215,53,,,32,21,d2,d2,True
128,BFS,9315.327955445817,3047.1880460548364,3047.1880460548364,9315.327955445817,6268.13990939098,True,199,49,d2,True,81,25,d2,d2,True
128,DFS,9315.327955445817,3047.1880460548364,3047.1880460548364,9315.327955445817,6268.13990939098,True,327,81,d1,False,81,25,d2,d2,True
128,CheapestFirst,9315.327955445817,3047.1880460548364,3047.1880460548364,9315.327955445817,6268.13990939098,True,183,45,d2,True,81,25,d2,d2,True
128,DNF,9315.327955445817,3047.1880460548364,3047.1880460548364,9315.327955445817,6268.13990939098,True,427,106,,,81,25,d2,d2,True
129,BFS,3979.784453245826,2470.4211589787174,2470.4211589787174,3979.784453245826,1509.3632942671088,True,108,27,d2,True,24,17,d2,d2,True
129,DFS,3979.784453245826,2470.4211589787174,2470.4211589787174,3979.784453245826,1509.3632942671088,True,99,24,d1,False,24,17,d2,d2,True
129,CheapestFirst,3979.784453245826,2470.4211589787174,2470.4211589787174,3979.784453245826,1509.3632942671088,True,108,27,d2,True,24,17,d2,d2,True
129,DNF,3979.784453245826,2470.4211589787174,2470.4211589787174,3979.784453245826,1509.3632942671088,True,167,41,,,24,17,d2,d2,True
130,BFS,2939.3528378878163,8358.021693876635,2939.3528378878163,8358.021693876635,5418.668855988819,True,179,44,d1,True,22,52,d1,d1,True
130,DFS,2939.3528378878163,8358.021693876635,2939.3528378878163,8358.021693876635,5418.668855988819,True,91,22,d1,True,22,52,d1,d1,True
130,CheapestFirst,2939.3528378878163,8358.021693876635,2939.3528378878163,8358.021693876635,5418.668855988819,True,151,37,d1,True,22,52,d1,d1,True
130,DNF,2939.3528378878163,8358.021693876635,2939.3528378878163,8358.021693876635,5418.668855988819,True,299,74,,,22,52,d1,d1,True
131,BFS,12681.974923363234,1709.3411959482148,1709.3411959482148,12681.974923363234,10972.63372741502,True,87,21,d2,True,95,11,d2,d2,True
131,DFS,12681.974923363234,1709.3411959482148,1709.3411959482148,12681.974923363234,10972.63372741502,True,383,95,d1,False,95,11,d2,d2,True
131,CheapestFirst,12681.974923363234,1709.3411959482148,1709.3411959482148,12681.974923363234,10972.63372741502,True,123,30,d2,True,95,11,d2,d2,True
131,DNF,12681.974923363234,1709.3411959482148,1709.3411959482148,12681.974923363234,10972.63372741502,True,427,106,,,95,11,d2,d2,True
132,BFS,8286.887705929805,8295.600727879424,8286.887705929805,8295.600727879424,8.71302194961936,True,216,54,d1,True,50,51,d1,d1,True
132,DFS,8286.887705929805,8295.600727879424,8286.887705929805,8295.600727879424,8.71302194961936,True,203,50,d1,True,50,51,d1,d1,True
132,CheapestFirst,8286.887705929805,8295.600727879424,8286.887705929805,8295.600727879424,8.71302194961936,True,216,54,d1,True,50,51,d1,d1,True
132,DNF,8286.887705929805,8295.600727879424,8286.887705929805,8295.600727879424,8.71302194961936,True,407,101,,,50,51,d1,d1,True
133,BFS,11489.140170913939,9448.356262719863,9448.356262719863,11489.140170913939,2040.7839081940765,True,276,69,d2,True,66,50,d2,d2,True
133,DFS,11489.140170913939,9448.356262719863,9448.356262719863,11489.140170913939,2040.7839081940765,True,267,66,d1,False,66,50,d2,d2,True
133,CheapestFirst,11489.140170913939,9448.356262719863,9448.356262719863,11489.140170913939,2040.7839081940765,True,276,69,d2,True,66,50,d2,d2,True
133,DNF,11489.140170913939,9448.356262719863,9448.356262719863,11489.140170913939,2040.7839081940765,True,467,116,,,66,50,d2,d2,True
134,BFS,16.6405441538002,6768.379806424177,16.6405441538002,6768.379806424177,6751.739262270377,True,7,1,d1,True,1,53,d1,d1,True
134,DFS,16.6405441538002,6768.379806424177,16.6405441538002,6768.379806424177,6751.739262270377,True,7,1,d1,True,1,53,d1,d1,True
134,CheapestFirst,16.6405441538002,6768.379806424177,16.6405441538002,6768.379806424177,6751.739262270377,True,7,1,d1,True,1,53,d1,d1,True
134,DNF,16.6405441538002,6768.379806424177,16.6405441538002,6768.379806424177,6751.739262270377,True,219,54,,,1,53,d1,d1,True
135,BFS,9213.929333270726,14046.43781865385,9213.929333270726,14046.43781865385,4832.508485383125,True,388,97,d1,True,63,95,d1,d1,True
135,DFS,9213.929333270726,14046.43781865385,9213.929333270726,14046.43781865385,4832.508485383125,True,255,63,d1,True,63,95,d1,d1,True
135,CheapestFirst,9213.929333270726,14046.43781865385,9213.929333270726,14046.43781865385,4832.508485383125,True,388,97,d1,True,63,95,d1,d1,True
135,DNF,9213.929333270726,14046.43781865385,9213.929333270726,14046.43781865385,4832.508485383125,True,635,158,,,63,95,d1,d1,True
136,BFS,4743.548909903714,12058.466456726183,4743.548909903714,12058.466456726183,7314.9175468224685,True,347,86,d1,True,43,98,d1,d1,True
136,DFS,4743.548909903714,12058.466456726183,4743.548909903714,12058.466456726183,7314.9175468224685,True,175,43,d1,True,43,98,d1,d1,True
136,CheapestFirst,4743.548909903714,12058.466456726183,4743.548909903714,12058.466456726183,7314.9175468224685,True,295,73,d1,True,43,98,d1,d1,True
136,DNF,4743.548909903714,12058.466456726183,4743.548909903714,12058.466456726183,7314.9175468224685,True,567,141,,,43,98,d1,d1,True
137,BFS,725.1238958004873,2216.9683779186034,725.1238958004873,2216.9683779186034,1491.844482118116,True,19,4,d1,True,2,21,d1,d1,True
137,DFS,725.1238958004873,2216.9683779186034,725.1238958004873,2216.9683779186034,1491.844482118116,True,11,2,d1,True,2,21,d1,d1,True
137,CheapestFirst,725.1238958004873,2216.9683779186034,725.1238958004873,2216.9683779186034,1491.844482118116,True,15,3,d1,True,2,21,d1,d1,True
137,DNF,725.1238958004873,2216.9683779186034,725.1238958004873,2216.9683779186034,1491.844482118116,True,95,23,,,2,21,d1,d1,True
138,BFS,10358.730014796249,10445.786961755699,10358.730014796249,10445.786961755699,87.05694695945022,True,376,94,d1,True,89,91,d1,d1,True
138,DFS,10358.730014796249,10445.786961755699,10358.730014796249,10445.786961755699,87.05694695945022,True,359,89,d1,True,89,91,d1,d1,True
138,CheapestFirst,10358.730014796249,10445.786961755699,10358.730014796249,10445.786961755699,87.05694695945022,True,376,94,d1,True,89,91,d1,d1,True
138,DNF,10358.730014796249,10445.786961755699,10358.730014796249,10445.786961755699,87.05694695945022,True,723,180,,,89,91,d1,d1,True
139,BFS,13073.993994581331,12612.480052005089,12612.480052005089,13073.993994581331,461.5139425762427,True,376,94,d2,True,92,90,d2,d2,True
139,DFS,13073.993994581331,12612.480052005089,12612.480052005089,13073.993994581331,461.5139425762427,True,371,92,d1,False,92,90,d2,d2,True
139,CheapestFirst,13073.993994581331,12612.480052005089,12612.480052005089,13073.993994581331,461.5139425762427,True,376,94,d2,True,92,90,d2,d2,True
139,DNF,13073.993994581331,12612.480052005089,12612.480052005089,13073.993994581331,461.5139425762427,True,731,182,,,92,90,d2,d2,True
140,BFS,12959.127969867755,3144.7922652694406,3144.7922652694406,12959.127969867755,9814.335704598314,True,215,53,d2,True,99,27,d2,d2,True
140,DFS,12959.127969867755,3144.7922652694406,3144.7922652694406,12959.127969867755,9814.335704598314,True,399,99,d1,False,99,27,d2,d2,True
140,CheapestFirst,12959.127969867755,3144.7922652694406,3144.7922652694406,12959.127969867755,9814.335704598314,True,187,46,d2,True,99,27,d2,d2,True
140,DNF,12959.127969867755,3144.7922652694406,3144.7922652694406,12959.127969867755,9814.335704598314,True,507,126,,,99,27,d2,d2,True
141,BFS,4369.367841424535,4793.043719800268,4369.367841424535,4793.043719800268,423.6758783757332,True,184,46,d1,True,40,43,d1,d1,True
141,DFS,4369.367841424535,4793.043719800268,4369.367841424535,4793.043719800268,423.6758783757332,True,163,40,d1,True,40,43,d1,d1,True
141,CheapestFirst,4369.367841424535,4793.043719800268,4369.367841424535,4793.043719800268,423.6758783757332,True,184,46,d1,True,40,43,d1,d1,True
141,DNF,4369.367841424535,4793.043719800268,4369.367841424535,4793.043719800268,423.6758783757332,True,335,83,,,40,43,d1,d1,True
142,BFS,7814.513499522083,1575.4993542978862,1575.4993542978862,7814.513499522083,6239.014145224197,True,135,33,d2,True,71,17,d2,d2,True
142,DFS,7814.513499522083,1575.4993542978862,1575.4993542978862,7814.513499522083,6239.014145224197,True,287,71,d1,False,71,17,d2,d2,True
142,CheapestFirst,7814.513499522083,1575.4993542978862,1575.4993542978862,7814.513499522083,6239.014145224197,True,147,36,d2,True,71,17,d2,d2,True
142,DNF,7814.513499522083,1575.4993542978862,1575.4993542978862,7814.513499522083,6239.014145224197,True,355,88,,,71,17,d2,d2,True
143,BFS,2595.5254879648255,13898.599220969616,2595.5254879648255,13898.599220969616,11303.07373300479,True,83,20,d1,True,10,98,d1,d1,True
143,DFS,2595.5254879648255,13898.599220969616,2595.5254879648255,13898.599220969616,11303.07373300479,True,43,10,d1,True,10,98,d1,d1,True
143,CheapestFirst,2595.5254879648255,13898.599220969616,2595.5254879648255,13898.599220969616,11303.07373300479,True,111,27,d1,True,10,98,d1,d1,True
143,DNF,2595.5254879648255,13898.599220969616,2595.5254879648255,13898.599220969616,11303.07373300479,True,435,108,,,10,98,d1,d1,True
144,BFS,16810.783899452523,7604.754150486903,7604.754150486903,16810.783899452523,9206.029748965619,True,295,73,d2,True,98,37,d2,d2,True
144,DFS,16810.783899452523,7604.754150486903,7604.754150486903,16810.783899452523,9206.029748965619,True,395,98,d1,False,98,37,d2,d2,True
144,CheapestFirst,16810.783899452523,7604.754150486903,7604.754150486903,16810.783899452523,9206.029748965619,True,335,83,d2,True,98,37,d2,d2,True
144,DNF,16810.783899452523,7604.754150486903,7604.754150486903,16810.783899452523,9206.029748965619,True,543,135,,,98,37,d2,d2,True
145,BFS,2844.3536969819634,2665.9035165618875,2665.9035165618875,2844.3536969819634,178.45018042007587,True,108,27,d2,True,25,17,d2,d2,True
145,DFS,2844.3536969819634,2665.9035165618875,2665.9035165618875,2844.3536969819634,178.45018042007587,True,103,25,d1,False,25,17,d2,d2,True
145,CheapestFirst,2844.3536969819634,2665.9035165618875,2665.9035165618875,2844.3536969819634,178.45018042007587,True,108,27,d2,True,25,17,d2,d2,True
145,DNF,2844.3536969819634,2665.9035165618875,2665.9035165618875,2844.3536969819634,178.45018042007587,True,171,42,,,25,17,d2,d2,True
146,BFS,8415.824661021303,160.65424076184257,160.65424076184257,8415.824661021303,8255.170420259461,True,23,5,d2,True,60,3,d2,d2,True
146,DFS,8415.824661021303,160.65424076184257,160.65424076184257,8415.824661021303,8255.170420259461,True,243,60,d1,False,60,3,d2,d2,True
146,CheapestFirst,8415.824661021303,160.65424076184257,160.65424076184257,8415.824661021303,8255.170420259461,True,19,4,d2,True,60,3,d2,d2,True
146,DNF,8415.824661021303,160.65424076184257,160.65424076184257,8415.824661021303,8255.170420259461,True,255,63,,,60,3,d2,d2,True
147,BFS,29.06542678373564,10584.380284048508,29.06542678373564,10584.380284048508,10555.314857264771,True,19,4,d1,True,2,89,d1,d1,True
147,DFS,29.06542678373564,10584.380284048508,29.06542678373564,10584.380284048508,10555.314857264771,True,11,2,d1,True,2,89,d1,d1,True
147,CheapestFirst,29.06542678373564,10584.380284048508,29.06542678373564,10584.380284048508,10555.314857264771,True,15,3,d1,True,2,89,d1,d1,True
147,DNF,29.06542678373564,10584.380284048508,29.06542678373564,10584.380284048508,10555.314857264771,True,367,91,,,2,89,d1,d1,True
148,BFS,13017.135153014173,7554.835952709774,7554.835952709774,13017.135153014173,5462.299200304399,True,376,94,d2,True,90,50,d2,d2,True
148,DFS,13017.135153014173,7554.835952709774,7554.835952709774,13017.135153014173,5462.299200304399,True,363,90,d1,False,90,50,d2,d2,True
148,CheapestFirst,13017.135153014173,7554.835952709774,7554.835952709774,13017.135153014173,5462.299200304399,True,376,94,d2,True,90,50,d2,d2,True
148,DNF,13017.135153014173,7554.835952709774,7554.835952709774,13017.135153014173,5462.299200304399,True,563,140,,,90,50,d2,d2,True
149,BFS,14589.130343528539,16063.563536756303,14589.130343528539,16063.563536756303,1474.4331932277637,True,348,87,d1,True,65,83,d1,d1,True
149,DFS,14589.130343528539,16063.563536756303,14589.130343528539,16063.563536756303,1474.4331932277637,True,263,65,d1,True,65,83,d1,d1,True
149,CheapestFirst,14589.130343528539,16063.563536756303,14589.130343528539,16063.563536756303,1474.4331932277637,True,348,87,d1,True,65,83,d1,d1,True
149,DNF,14589.130343528539,16063.563536756303,14589.130343528539,16063.563536756303,1474.4331932277637,True,595,148,,,65,83,d1,d1,True
150,BFS,122.81843401144731,5046.356603584414,122.81843401144731,5046.356603584414,4923.538169572967,True,19,4,d1,True,2,44,d1,d1,True
150,DFS,122.81843401144731,5046.356603584414,122.81843401144731,5046.356603584414,4923.538169572967,True,11,2,d1,True,2,44,d1,d1,True
150,CheapestFirst,122.81843401144731,5046.356603584414,122.81843401144731,5046.356603584414,4923.538169572967,True,15,3,d1,True,2,44,d1,d1,True
150,DNF,122.81843401144731,5046.356603584414,122.81843401144731,5046.356603584414,4923.538169572967,True,187,46,,,2,44,d1,d1,True
151,BFS,4122.162101892667,9088.13004734102,4122.162101892667,9088.13004734102,4965.967945448352,True,163,40,d1,True,20,57,d1,d1,True
151,DFS,4122.162101892667,9088.13004734102,4122.162101892667,9088.13004734102,4965.967945448352,True,83,20,d1,True,20,57,d1,d1,True
151,CheapestFirst,4122.162101892667,9088.13004734102,4122.162101892667,9088.13004734102,4965.967945448352,True,179,44,d1,True,20,57,d1,d1,True
151,DNF,4122.162101892667,9088.13004734102,4122.162101892667,9088.13004734102,4965.967945448352,True,311,77,,,20,57,d1,d1,True
152,BFS,4638.772576034877,6507.840396758648,4638.772576034877,6507.840396758648,1869.0678207237715,True,224,56,d1,True,38,53,d1,d1,True
152,DFS,4638.772576034877,6507.840396758648,4638.772576034877,6507.840396758648,1869.0678207237715,True,155,38,d1,True,38,53,d1,d1,True
152,CheapestFirst,4638.772576034877,6507.840396758648,4638.772576034877,6507.840396758648,1869.0678207237715,True,224,56,d1,True,38,53,d1,d1,True
152,DNF,4638.772576034877,6507.840396758648,4638.772576034877,6507.840396758648,1869.0678207237715,True,367,91,,,38,53,d1,d1,True
153,BFS,4882.091653406563,4932.2898424968525,4882.091653406563,4932.2898424968525,50.198189090289816,True,120,30,d1,True,25,27,d1,d1,True
153,DFS,4882.091653406563,4932.2898424968525,4882.091653406563,4932.2898424968525,50.198189090289816,True,103,25,d1,True,25,27,d1,d1,True
153,CheapestFirst,4882.091653406563,4932.2898424968525,4882.091653406563,4932.2898424968525,50.198189090289816,True,120,30,d1,True,25,27,d1,d1,True
153,DNF,4882.091653406563,4932.2898424968525,4882.091653406563,4932.2898424968525,50.198189090289816,True,211,52,,,25,27,d1,d1,True
154,BFS,9215.476810765997,2008.1880721194673,2008.1880721194673,9215.476810765997,7207.288738646529,True,111,27,d2,True,76,14,d2,d2,True
154,DFS,9215.476810765997,2008.1880721194673,2008.1880721194673,9215.476810765997,7207.288738646529,True,307,76,d1,False,76,14,d2,d2,True
154,CheapestFirst,9215.476810765997,2008.1880721194673,2008.1880721194673,9215.476810765997,7207.288738646529,True,99,24,d2,True,76,14,d2,d2,True
154,DNF,9215.476810765997,2008.1880721194673,2008.1880721194673,9215.476810765997,7207.288738646529,True,363,90,,,76,14,d2,d2,True
155,BFS,10779.123766255554,9373.220312710579,9373.220312710579,10779.123766255554,1405.9034535449755,True,404,101,d2,True,97,70,d2,d2,True
155,DFS,10779.123766255554,9373.220312710579,9373.220312710579,10779.123766255554,1405.9034535449755,True,391,97,d1,False,97,70,d2,d2,True
155,CheapestFirst,10779.123766255554,9373.220312710579,9373.220312710579,10779.123766255554,1405.9034535449755,True,404,101,d2,True,97,70,d2,d2,True
155,DNF,10779.123766255554,9373.220312710579,9373.220312710579,10779.123766255554,1405.9034535449755,True,671,167,,,97,70,d2,d2,True
156,BFS,10311.661098092305,8691.491426402637,8691.491426402637,10311.661098092305,1620.1696716896677,True,280,70,d2,True,67,43,d2,d2,True
156,DFS,10311.661098092305,8691.491426402637,8691.491426402637,10311.661098092305,1620.1696716896677,True,271,67,d1,False,67,43,d2,d2,True
156,CheapestFirst,10311.661098092305,8691.491426402637,8691.491426402637,10311.661098092305,1620.1696716896677,True,280,70,d2,True,67,43,d2,d2,True
156,DNF,10311.661098092305,8691.491426402637,8691.491426402637,10311.661098092305,1620.1696716896677,True,443,110,,,67,43,d2,d2,True
157,BFS,3713.2325400806567,12621.069366078451,3713.2325400806567,12621.069366078451,8907.836825997794,True,147,36,d1,True,18,80,d1,d1,True
157,DFS,3713.2325400806567,12621.069366078451,3713.2325400806567,12621.069366078451,8907.836825997794,True,75,18,d1,True,18,80,d1,d1,True
157,CheapestFirst,3713.2325400806567,12621.069366078451,3713.2325400806567,12621.069366078451,8907.836825997794,True,183,45,d1,True,18,80,d1,d1,True
157,DNF,3713.2325400806567,12621.069366078451,3713.2325400806567,12621.069366078451,8907.836825997794,True,395,98,,,18,80,d1,d1,True
158,BFS,653.6021835240407,7711.070655758302,653.6021835240407,7711.070655758302,7057.468472234261,True,75,18,d1,True,9,48,d1,d1,True
158,DFS,653.6021835240407,7711.070655758302,653.6021835240407,7711.070655758302,7057.468472234261,True,39,9,d1,True,9,48,d1,d1,True
158,CheapestFirst,653.6021835240407,7711.070655758302,653.6021835240407,7711.070655758302,7057.468472234261,True,55,13,d1,True,9,48,d1,d1,True
158,DNF,653.6021835240407,7711.070655758302,653.6021835240407,7711.070655758302,7057.468472234261,True,231,57,,,9,48,d1,d1,True
159,BFS,2733.8533999973833,987.0456886084249,987.0456886084249,2733.8533999973833,1746.8077113889585,True,95,23,d2,True,32,12,d2,d2,True
159,DFS,2733.8533999973833,987.0456886084249,987.0456886084249,2733.8533999973833,1746.8077113889585,True,131,32,d1,False,32,12,d2,d2,True
159,CheapestFirst,2733.8533999973833,987.0456886084249,987.0456886084249,2733.8533999973833,1746.8077113889585,True,103,25,d2,True,32,12,d2,d2,True
159,DNF,2733.8533999973833,987.0456886084249,987.0456886084249,2733.8533999973833,1746.8077113889585,True,179,44,,,32,12,d2,d2,True
160,BFS,10229.182829896698,12360.524105540626,10229.182829896698,12360.524105540626,2131.3412756439284,True,304,76,d1,True,60,73,d1,d1,True
160,DFS,10229.182829896698,12360.524105540626,10229.182829896698,12360.524105540626,2131.3412756439284,True,243,60,d1,True,60,73,d1,d1,True
160,CheapestFirst,10229.182829896698,12360.524105540626,10229.182829896698,12360.524105540626,2131.3412756439284,True,304,76,d1,True,60,73,d1,d1,True
160,DNF,10229.182829896698,12360.524105540626,10229.182829896698,12360.524105540626,2131.3412756439284,True,535,133,,,60,73,d1,d1,True
161,BFS,15371.149674113478,578.4635885574673,578.4635885574673,15371.149674113478,14792.68608555601,True,11,2,d2,True,96,1,d2,d2,True
161,DFS,15371.149674113478,578.4635885574673,578.4635885574673,15371.149674113478,14792.68608555601,True,387,96,d1,False,96,1,d2,d2,True
161,CheapestFirst,15371.149674113478,578.4635885574673,578.4635885574673,15371.149674113478,14792.68608555601,True,11,2,d2,True,96,1,d2,d2,True
161,DNF,15371.149674113478,578.4635885574673,578.4635885574673,15371.149674113478,14792.68608555601,True,391,97,,,96,1,d2,d2,True
162,BFS,3054.5317287378034,641.2735796944249,641.2735796944249,3054.5317287378034,2413.2581490433786,True,119,29,d2,True,34,15,d2,d2,True
162,DFS,3054.5317287378034,641.2735796944249,641.2735796944249,3054.5317287378034,2413.2581490433786,True,139,34,d1,False,34,15,d2,d2,True
162,CheapestFirst,3054.5317287378034,641.2735796944249,641.2735796944249,3054.5317287378034,2413.2581490433786,True,83,20,d2,True,34,15,d2,d2,True
162,DNF,3054.5317287378034,641.2735796944249,641.2735796944249,3054.5317287378034,2413.2581490433786,True,199,49,,,34,15,d2,d2,True
163,BFS,1106.905246391676,245.5904730160294,245.5904730160294,1106.905246391676,861.3147733756466,True,15,3,d2,True,14,2,d2,d2,True
163,DFS,1106.905246391676,245.5904730160294,245.5904730160294,1106.905246391676,861.3147733756466,True,59,14,d1,False,14,2,d2,d2,True
163,CheapestFirst,1106.905246391676,245.5904730160294,245.5904730160294,1106.905246391676,861.3147733756466,True,23,5,d2,True,14,2,d2,d2,True
163,DNF,1106.905246391676,245.5904730160294,245.5904730160294,1106.905246391676,861.3147733756466,True,67,16,,,14,2,d2,d2,True
164,BFS,2578.3853716610074,10653.94524586588,2578.3853716610074,10653.94524586588,8075.559874204872,True,219,54,d1,True,27,73,d1,d1,True
164,DFS,2578.3853716610074,10653.94524586588,2578.3853716610074,10653.94524586588,8075.559874204872,True,111,27,d1,True,27,73,d1,d1,True
164,CheapestFirst,2578.3853716610074,10653.94524586588,2578.3853716610074,10653.94524586588,8075.559874204872,True,131,32,d1,True,27,73,d1,d1,True
164,DNF,2578.3853716610074,10653.94524586588,2578.3853716610074,10653.94524586588,8075.559874204872,True,403,100,,,27,73,d1,d1,True
165,BFS,10695.12632525067,867.4293593126898,867.4293593126898,10695.12632525067,9827.696965937981,True,11,2,d2,True,82,1,d2,d2,True
165,DFS,10695.12632525067,867.4293593126898,867.4293593126898,10695.12632525067,9827.696965937981,True,331,82,d1,False,82,1,d2,d2,True
165,CheapestFirst,10695.12632525067,867.4293593126898,867.4293593126898,10695.12632525067,9827.696965937981,True,11,2,d2,True,82,1,d2,d2,True
165,DNF,10695.12632525067,867.4293593126898,867.4293593126898,10695.12632525067,9827.696965937981,True,335,83,,,82,1,d2,d2,True
166,BFS,3944.9861579974,5673.262566934389,3944.9861579974,5673.262566934389,1728.276408936989,True,260,65,d1,True,48,62,d1,d1,True
166,DFS,3944.9861579974,5673.262566934389,3944.9861579974,5673.262566934389,1728.276408936989,True,195,48,d1,True,48,62,d1,d1,True
166,CheapestFirst,3944.9861579974,5673.262566934389,3944.9861579974,5673.262566934389,1728.276408936989,True,260,65,d1,True,48,62,d1,d1,True
166,DNF,3944.9861579974,5673.262566934389,3944.9861579974,5673.262566934389,1728.276408936989,True,443,110,,,48,62,d1,d1,True
167,BFS,978.475795015816,9754.426226033318,978.475795015816,9754.426226033318,8775.950431017502,True,51,12,d1,True,6,74,d1,d1,True
167,DFS,978.475795015816,9754.426226033318,978.475795015816,9754.426226033318,8775.950431017502,True,27,6,d1,True,6,74,d1,d1,True
167,CheapestFirst,978.475795015816,9754.426226033318,978.475795015816,9754.426226033318,8775.950431017502,True,39,9,d1,True,6,74,d1,d1,True
167,DNF,978.475795015816,9754.426226033318,978.475795015816,9754.426226033318,8775.950431017502,True,323,80,,,6,74,d1,d1,True
168,BFS,11052.03142869396,17692.150018171033,11052.03142869396,17692.150018171033,6640.118589477073,True,383,95,d1,True,47,96,d1,d1,True
168,DFS,11052.03142869396,17692.150018171033,11052.03142869396,17692.150018171033,6640.118589477073,True,191,47,d1,True,47,96,d1,d1,True
168,CheapestFirst,11052.03142869396,17692.150018171033,11052.03142869396,17692.150018171033,6640.118589477073,True,400,100,d1,True,47,96,d1,d1,True
168,DNF,11052.03142869396,17692.150018171033,11052.03142869396,17692.150018171033,6640.118589477073,True,579,144,,,47,96,d1,d1,True
169,BFS,8444.156592731115,8226.175280588013,8226.175280588013,8444.156592731115,217.9813121431016,True,208,52,d2,True,49,47,d2,d2,True
169,DFS,8444.156592731115,8226.175280588013,8226.175280588013,8444.156592731115,217.9813121431016,True,199,49,d1,False,49,47,d2,d2,True
169,CheapestFirst,8444.156592731115,8226.175280588013,8226.175280588013,8444.156592731115,217.9813121431016,True,208,52,d2,True,49,47,d2,d2,True
169,DNF,8444.156592731115,8226.175280588013,8226.175280588013,8444.156592731115,217.9813121431016,True,387,96,,,49,47,d2,d2,True
170,BFS,4741.222376486203,9869.412070891629,4741.222376486203,9869.412070891629,5128.189694405426,True,363,90,d1,True,45,94,d1,d1,True
170,DFS,4741.222376486203,9869.412070891629,4741.222376486203,9869.412070891629,5128.189694405426,True,183,45,d1,True,45,94,d1,d1,True
170,CheapestFirst,4741.222376486203,9869.412070891629,4741.222376486203,9869.412070891629,5128.189694405426,True,371,92,d1,True,45,94,d1,d1,True
170,DNF,4741.222376486203,9869.412070891629,4741.222376486203,9869.412070891629,5128.189694405426,True,559,139,,,45,94,d1,d1,True
171,BFS,14417.889332436258,15468.630053117873,14417.889332436258,15468.630053117873,1050.7407206816151,True,344,86,d1,True,79,83,d1,d1,True
171,DFS,14417.889332436258,15468.630053117873,14417.889332436258,15468.630053117873,1050.7407206816151,True,319,79,d1,True,79,83,d1,d1,True
171,CheapestFirst,14417.889332436258,15468.630053117873,14417.889332436258,15468.630053117873,1050.7407206816151,True,344,86,d1,True,79,83,d1,d1,True
171,DNF,14417.889332436258,15468.630053117873,14417.889332436258,15468.630053117873,1050.7407206816151,True,651,162,,,79,83,d1,d1,True
172,BFS,5188.818222317057,1425.4216989899128,1425.4216989899128,5188.818222317057,3763.396523327144,True,71,17,d2,True,28,9,d2,d2,True
172,DFS,5188.818222317057,1425.4216989899128,1425.4216989899128,5188.818222317057,3763.396523327144,True,115,28,d1,False,28,9,d2,d2,True
172,CheapestFirst,5188.818222317057,1425.4216989899128,1425.4216989899128,5188.818222317057,3763.396523327144,True,79,19,d2,True,28,9,d2,d2,True
172,DNF,5188.818222317057,1425.4216989899128,1425.4216989899128,5188.818222317057,3763.396523327144,True,151,37,,,28,9,d2,d2,True
173,BFS,11774.18895484658,8212.075429745673,8212.075429745673,11774.18895484658,3562.1135251009073,True,412,103,d2,True,100,72,d2,d2,True
173,DFS,11774.18895484658,8212.075429745673,8212.075429745673,11774.18895484658,3562.1135251009073,True,403,100,d1,False,100,72,d2,d2,True
173,CheapestFirst,11774.18895484658,8212.075429745673,8212.075429745673,11774.18895484658,3562.1135251009073,True,412,103,d2,True,100,72,d2,d2,True
173,DNF,11774.18895484658,8212.075429745673,8212.075429745673,11774.18895484658,3562.1135251009073,True,691,172,,,100,72,d2,d2,True
174,BFS,16360.171790653125,1993.7699315331083,1993.7699315331083,16360.171790653125,14366.401859120017,True,47,11,d2,True,79,6,d2,d2,True
174,DFS,16360.171790653125,1993.7699315331083,1993.7699315331083,16360.171790653125,14366.401859120017,True,319,79,d1,False,79,6,d2,d2,True
174,CheapestFirst,16360.171790653125,1993.7699315331083,1993.7699315331083,16360.171790653125,14366.401859120017,True,67,16,d2,True,79,6,d2,d2,True
174,DNF,16360.171790653125,1993.7699315331083,1993.7699315331083,16360.171790653125,14366.401859120017,True,343,85,,,79,6,d2,d2,True
175,BFS,7067.365189163002,2941.557099701422,2941.557099701422,7067.365189163002,4125.80808946158,True,199,49,d2,True,60,25,d2,d2,True
175,DFS,7067.365189163002,2941.557099701422,2941.557099701422,7067.365189163002,4125.80808946158,True,243,60,d1,False,60,25,d2,d2,True
175,CheapestFirst,7067.365189163002,2941.557099701422,2941.557099701422,7067.365189163002,4125.80808946158,True,199,49,d2,True,60,25,d2,d2,True
175,DNF,7067.365189163002,2941.557099701422,2941.557099701422,7067.365189163002,4125.80808946158,True,343,85,,,60,25,d2,d2,True
176,BFS,14075.5523357728,1221.0892126304266,1221.0892126304266,14075.5523357728,12854.463123142374,True,199,49,d2,True,99,25,d2,d2,True
176,DFS,14075.5523357728,1221.0892126304266,1221.0892126304266,14075.5523357728,12854.463123142374,True,399,99,d1,False,99,25,d2,d2,True
176,CheapestFirst,14075.5523357728,1221.0892126304266,1221.0892126304266,14075.5523357728,12854.463123142374,True,123,30,d2,True,99,25,d2,d2,True
176,DNF,14075.5523357728,1221.0892126304266,1221.0892126304266,14075.5523357728,12854.463123142374,True,499,124,,,99,25,d2,d2,True
177,BFS,7370.4197151008875,614.0633906750612,614.0633906750612,7370.4197151008875,6756.356324425827,True,39,9,d2,True,49,5,d2,d2,True
177,DFS,7370.4197151008875,614.0633906750612,614.0633906750612,7370.4197151008875,6756.356324425827,True,199,49,d1,False,49,5,d2,d2,True
177,CheapestFirst,7370.4197151008875,614.0633906750612,614.0633906750612,7370.4197151008875,6756.356324425827,True,27,6,d2,True,49,5,d2,d2,True
177,DNF,7370.4197151008875,614.0633906750612,614.0633906750612,7370.4197151008875,6756.356324425827,True,219,54,,,49,5,d2,d2,True
178,BFS,6124.662702260986,9510.202830955164,6124.662702260986,9510.202830955164,3385.540128694178,True,204,51,d1,True,34,49,d1,d1,True
178,DFS,6124.662702260986,9510.202830955164,6124.662702260986,9510.202830955164,3385.540128694178,True,139,34,d1,True,34,49,d1,d1,True
178,CheapestFirst,6124.662702260986,9510.202830955164,6124.662702260986,9510.202830955164,3385.540128694178,True,204,51,d1,True,34,49,d1,d1,True
178,DNF,6124.662702260986,9510.202830955164,6124.662702260986,9510.202830955164,3385.540128694178,True,335,83,,,34,49,d1,d1,True
179,BFS,7562.0095819289045,751.9001021734376,751.9001021734376,7562.0095819289045,6810.109479755467,True,71,17,d2,True,60,9,d2,d2,True
179,DFS,7562.0095819289045,751.9001021734376,751.9001021734376,7562.0095819289045,6810.109479755467,True,243,60,d1,False,60,9,d2,d2,True
179,CheapestFirst,7562.0095819289045,751.9001021734376,751.9001021734376,7562.0095819289045,6810.109479755467,True,59,14,d2,True,60,9,d2,d2,True
179,DNF,7562.0095819289045,751.9001021734376,751.9001021734376,7562.0095819289045,6810.109479755467,True,279,69,,,60,9,d2,d2,True
180,BFS,6897.621513414638,4929.425640132422,4929.425640132422,6897.621513414638,1968.1958732822159,True,244,61,d2,True,59,43,d2,d2,True
180,DFS,6897.621513414638,4929.425640132422,4929.425640132422,6897.621513414638,1968.1958732822159,True,239,59,d1,False,59,43,d2,d2,True
180,CheapestFirst,6897.621513414638,4929.425640132422,4929.425640132422,6897.621513414638,1968.1958732822159,True,244,61,d2,True,59,43,d2,d2,True
180,DNF,6897.621513414638,4929.425640132422,4929.425640132422,6897.621513414638,1968.1958732822159,True,411,102,,,59,43,d2,d2,True
181,BFS,9731.55150323354,4695.418292407679,4695.418292407679,9731.55150323354,5036.133210825862,True,352,88,d2,True,85,54,d2,d2,True
181,DFS,9731.55150323354,4695.418292407679,4695.418292407679,9731.55150323354,5036.133210825862,True,343,85,d1,False,85,54,d2,d2,True
181,CheapestFirst,9731.55150323354,4695.418292407679,4695.418292407679,9731.55150323354,5036.133210825862,True,311,77,d2,True,85,54,d2,d2,True
181,DNF,9731.55150323354,4695.418292407679,4695.418292407679,9731.55150323354,5036.133210825862,True,559,139,,,85,54,d2,d2,True
182,BFS,9293.198138332958,9074.506479270824,9074.506479270824,9293.198138332958,218.69165906213493,True,352,88,d2,True,86,82,d2,d2,True
182,DFS,9293.198138332958,9074.506479270824,9074.506479270824,9293.198138332958,218.69165906213493,True,347,86,d1,False,86,82,d2,d2,True
182,CheapestFirst,9293.198138332958,9074.506479270824,9074.506479270824,9293.198138332958,218.69165906213493,True,352,88,d2,True,86,82,d2,d2,True
182,DNF,9293.198138332958,9074.506479270824,9074.506479270824,9293.198138332958,218.69165906213493,True,675,168,,,86,82,d2,d2,True
183,BFS,6881.958971450156,11131.997444049584,6881.958971450156,11131.997444049584,4250.038472599428,True,288,72,d1,True,38,70,d1,d1,True
183,DFS,6881.958971450156,11131.997444049584,6881.958971450156,11131.997444049584,4250.038472599428,True,155,38,d1,True,38,70,d1,d1,True
183,CheapestFirst,6881.958971450156,11131.997444049584,6881.958971450156,11131.997444049584,4250.038472599428,True,288,72,d1,True,38,70,d1,d1,True
183,DNF,6881.958971450156,11131.997444049584,6881.958971450156,11131.997444049584,4250.038472599428,True,435,108,,,38,70,d1,d1,True
184,BFS,6362.015173374665,6882.9928398143265,6362.015173374665,6882.9928398143265,520.9776664396613,True,216,54,d1,True,49,51,d1,d1,True
184,DFS,6362.015173374665,6882.9928398143265,6362.015173374665,6882.9928398143265,520.9776664396613,True,199,49,d1,True,49,51,d1,d1,True
184,CheapestFirst,6362.015173374665,6882.9928398143265,6362.015173374665,6882.9928398143265,520.9776664396613,True,216,54,d1,True,49,51,d1,d1,True
184,DNF,6362.015173374665,6882.9928398143265,6362.015173374665,6882.9928398143265,520.9776664396613,True,403,100,,,49,51,d1,d1,True
185,BFS,12438.022260016973,12529.536061725312,12438.022260016973,12529.536061725312,91.51380170833909,True,296,74,d1,True,70,72,d1,d1,True
185,DFS,12438.022260016973,12529.536061725312,12438.022260016973,12529.536061725312,91.51380170833909,True,283,70,d1,True,70,72,d1,d1,True
185,CheapestFirst,12438.022260016973,12529.536061725312,12438.022260016973,12529.536061725312,91.51380170833909,True,296,74,d1,True,70,72,d1,d1,True
185,DNF,12438.022260016973,12529.536061725312,12438.022260016973,12529.536061725312,91.51380170833909,True,571,142,,,70,72,d1,d1,True
186,BFS,3629.7001013167505,9507.697159703197,3629.7001013167505,9507.697159703197,5877.997058386447,True,139,34,d1,True,17,55,d1,d1,True
186,DFS,3629.7001013167505,9507.697159703197,3629.7001013167505,9507.697159703197,5877.997058386447,True,71,17,d1,True,17,55,d1,d1,True
186,CheapestFirst,3629.7001013167505,9507.697159703197,3629.7001013167505,9507.697159703197,5877.997058386447,True,163,40,d1,True,17,55,d1,d1,True
186,DNF,3629.7001013167505,9507.697159703197,3629.7001013167505,9507.697159703197,5877.997058386447,True,291,72,,,17,55,d1,d1,True
187,BFS,5530.518651410833,11693.374658215853,5530.518651410833,11693.374658215853,6162.85600680502,True,352,88,d1,True,55,85,d1,d1,True
187,DFS,5530.518651410833,11693.374658215853,5530.518651410833,11693.374658215853,6162.85600680502,True,223,55,d1,True,55,85,d1,d1,True
187,CheapestFirst,5530.518651410833,11693.374658215853,5530.518651410833,11693.374658215853,6162.85600680502,True,307,76,d1,True,55,85,d1,d1,True
187,DNF,5530.518651410833,11693.374658215853,5530.518651410833,11693.374658215853,6162.85600680502,True,563,140,,,55,85,d1,d1,True
188,BFS,7060.941088210265,4864.904432677587,4864.904432677587,7060.941088210265,2196.036655532678,True,208,52,d2,True,49,33,d2,d2,True
188,DFS,7060.941088210265,4864.904432677587,4864.904432677587,7060.941088210265,2196.036655532678,True,199,49,d1,False,49,33,d2,d2,True
188,CheapestFirst,7060.941088210265,4864.904432677587,4864.904432677587,7060.941088210265,2196.036655532678,True,208,52,d2,True,49,33,d2,d2,True
188,DNF,7060.941088210265,4864.904432677587,4864.904432677587,7060.941088210265,2196.036655532678,True,331,82,,,49,33,d2,d2,True
189,BFS,7972.930400937649,85.89743218360515,85.89743218360515,7972.930400937649,7887.032968754044,True,11,2,d2,True,56,1,d2,d2,True
189,DFS,7972.930400937649,85.89743218360515,85.89743218360515,7972.930400937649,7887.032968754044,True,227,56,d1,False,56,1,d2,d2,True
189,CheapestFirst,7972.930400937649,85.89743218360515,85.89743218360515,7972.930400937649,7887.032968754044,True,11,2,d2,True,56,1,d2,d2,True
189,DNF,7972.930400937649,85.89743218360515,85.89743218360515,7972.930400937649,7887.032968754044,True,231,57,,,56,1,d2,d2,True
190,BFS,598.4941118326257,6019.024372381231,598.4941118326257,6019.024372381231,5420.530260548605,True,7,1,d1,True,1,49,d1,d1,True
190,DFS,598.4941118326257,6019.024372381231,598.4941118326257,6019.024372381231,5420.530260548605,True,7,1,d1,True,1,49,d1,d1,True
190,CheapestFirst,598.4941118326257,6019.024372381231,598.4941118326257,6019.024372381231,5420.530260548605,True,7,1,d1,True,1,49,d1,d1,True
190,DNF,598.4941118326257,6019.024372381231,598.4941118326257,6019.024372381231,5420.530260548605,True,203,50,,,1,49,d1,d1,True
191,BFS,13113.049374858889,14309.630648439412,13113.049374858889,14309.630648439412,1196.581273580523,True,384,96,d1,True,80,94,d1,d1,True
191,DFS,13113.049374858889,14309.630648439412,13113.049374858889,14309.630648439412,1196.581273580523,True,323,80,d1,True,80,94,d1,d1,True
191,CheapestFirst,13113.049374858889,14309.630648439412,13113.049374858889,14309.630648439412,1196.581273580523,True,384,96,d1,True,80,94,d1,d1,True
191,DNF,13113.049374858889,14309.630648439412,13113.049374858889,14309.630648439412,1196.581273580523,True,699,174,,,80,94,d1,d1,True
192,BFS,2365.287026263129,5263.669848452481,2365.287026263129,5263.669848452481,2898.3828221893523,True,99,24,d1,True,12,38,d1,d1,True
192,DFS,2365.287026263129,5263.669848452481,2365.287026263129,5263.669848452481,2898.3828221893523,True,51,12,d1,True,12,38,d1,d1,True
192,CheapestFirst,2365.287026263129,5263.669848452481,2365.287026263129,5263.669848452481,2898.3828221893523,True,131,32,d1,True,12,38,d1,d1,True
192,DNF,2365.287026263129,5263.669848452481,2365.287026263129,5263.669848452481,2898.3828221893523,True,203,50,,,12,38,d1,d1,True
193,BFS,5511.034870385935,5304.278911799024,5304.278911799024,5511.034870385935,206.75595858691122,True,296,74,d2,True,70,67,d2,d2,True
193,DFS,5511.034870385935,5304.278911799024,5304.278911799024,5511.034870385935,206.75595858691122,True,283,70,d1,False,70,67,d2,d2,True
193,CheapestFirst,5511.034870385935,5304.278911799024,5304.278911799024,5511.034870385935,206.75595858691122,True,296,74,d2,True,70,67,d2,d2,True
193,DNF,5511.034870385935,5304.278911799024,5304.278911799024,5511.034870385935,206.75595858691122,True,551,137,,,70,67,d2,d2,True
194,BFS,5487.735154865259,12958.598968107413,5487.735154865259,12958.598968107413,7470.863813242155,True,364,91,d1,True,56,87,d1,d1,True
194,DFS,5487.735154865259,12958.598968107413,5487.735154865259,12958.598968107413,7470.863813242155,True,227,56,d1,True,56,87,d1,d1,True
194,CheapestFirst,5487.735154865259,12958.598968107413,5487.735154865259,12958.598968107413,7470.863813242155,True,335,83,d1,True,56,87,d1,d1,True
194,DNF,5487.735154865259,12958.598968107413,5487.735154865259,12958.598968107413,7470.863813242155,True,575,143,,,56,87,d1,d1,True
195,BFS,8459.483973934031,7243.690878777337,7243.690878777337,8459.483973934031,1215.793095156694,True,344,86,d2,True,82,66,d2,d2,True
195,DFS,8459.483973934031,7243.690878777337,7243.690878777337,8459.483973934031,1215.793095156694,True,331,82,d1,False,82,66,d2,d2,True
195,CheapestFirst,8459.483973934031,7243.690878777337,7243.690878777337,8459.483973934031,1215.793095156694,True,344,86,d2,True,82,66,d2,d2,True
195,DNF,8459.483973934031,7243.690878777337,7243.690878777337,8459.483973934031,1215.793095156694,True,595,148,,,82,66,d2,d2,True
196,BFS,7768.246390919077,6089.230175233715,6089.230175233715,7768.246390919077,1679.016215685362,True,208,52,d2,True,49,38,d2,d2,True
196,DFS,7768.246390919077,6089.230175233715,6089.230175233715,7768.246390919077,1679.016215685362,True,199,49,d1,False,49,38,d2,d2,True
196,CheapestFirst,7768.246390919077,6089.230175233715,6089.230175233715,7768.246390919077,1679.016215685362,True,208,52,d2,True,49,38,d2,d2,True
196,DNF,7768.246390919077,6089.230175233715,6089.230175233715,7768.246390919077,1679.016215685362,True,351,87,,,49,38,d2,d2,True
197,BFS,5552.215530746524,4624.766417369006,4624.766417369006,5552.215530746524,927.4491133775173,True,152,38,d2,True,35,26,d2,d2,True
197,DFS,5552.215530746524,4624.766417369006,4624.766417369006,5552.215530746524,927.4491133775173,True,143,35,d1,False,35,26,d2,d2,True
197,CheapestFirst,5552.215530746524,4624.766417369006,4624.766417369006,5552.215530746524,927.4491133775173,True,152,38,d2,True,35,26,d2,d2,True
197,DNF,5552.215530746524,4624.766417369006,4624.766417369006,5552.215530746524,927.4491133775173,True,247,61,,,35,26,d2,d2,True
198,BFS,6887.0332735132615,4440.636134603577,4440.636134603577,6887.0332735132615,2446.397138909684,True,196,49,d2,True,46,30,d2,d2,True
198,DFS,6887.0332735132615,4440.636134603577,4440.636134603577,6887.0332735132615,2446.397138909684,True,187,46,d1,False,46,30,d2,d2,True
198,CheapestFirst,6887.0332735132615,4440.636134603577,4440.636134603577,6887.0332735132615,2446.397138909684,True,196,49,d2,True,46,30,d2,d2,True
198,DNF,6887.0332735132615,4440.636134603577,4440.636134603577,6887.0332735132615,2446.397138909684,True,307,76,,,46,30,d2,d2,True
199,BFS,11092.845715165857,5515.881847825513,5515.881847825513,11092.845715165857,5576.963867340343,True,215,53,d2,True,65,27,d2,d2,True
199,DFS,11092.845715165857,5515.881847825513,5515.881847825513,11092.845715165857,5576.963867340343,True,263,65,d1,False,65,27,d2,d2,True
199,CheapestFirst,11092.845715165857,5515.881847825513,5515.881847825513,11092.845715165857,5576.963867340343,True,259,64,d2,True,65,27,d2,d2,True
199,DNF,11092.845715165857,5515.881847825513,5515.881847825513,11092.845715165857,5576.963867340343,True,371,92,,,65,27,d2,d2,True
200,BFS,14442.603291553565,532.6305719583281,532.6305719583281,14442.603291553565,13909.972719595236,True,79,19,d2,True,94,10,d2,d2,True
200,DFS,14442.603291553565,532.6305719583281,532.6305719583281,14442.603291553565,13909.972719595236,True,379,94,d1,False,94,10,d2,d2,True
200,CheapestFirst,14442.603291553565,532.6305719583281,532.6305719583281,14442.603291553565,13909.972719595236,True,55,13,d2,True,94,10,d2,d2,True
200,DNF,14442.603291553565,532.6305719583281,532.6305719583281,14442.603291553565,13909.972719595236,True,419,104,,,94,10,d2,d2,True
201,BFS,9140.713846015631,8050.238660189763,8050.238660189763,9140.713846015631,1090.4751858258678,True,232,58,d2,True,53,44,d2,d2,True
201,DFS,9140.713846015631,8050.238660189763,8050.238660189763,9140.713846015631,1090.4751858258678,True,215,53,d1,False,53,44,d2,d2,True
201,CheapestFirst,9140.713846015631,8050.238660189763,8050.238660189763,9140.713846015631,1090.4751858258678,True,232,58,d2,True,53,44,d2,d2,True
201,DNF,9140.713846015631,8050.238660189763,8050.238660189763,9140.713846015631,1090.4751858258678,True,391,97,,,53,44,d2,d2,True
202,BFS,4505.638557678379,4312.147921840686,4312.147921840686,4505.638557678379,193.49063583769293,True,152,38,d2,True,34,32,d2,d2,True
202,DFS,4505.638557678379,4312.147921840686,4312.147921840686,4505.638557678379,193.49063583769293,True,139,34,d1,False,34,32,d2,d2,True
202,CheapestFirst,4505.638557678379,4312.147921840686,4312.147921840686,4505.638557678379,193.49063583769293,True,152,38,d2,True,34,32,d2,d2,True
202,DNF,4505.638557678379,4312.147921840686,4312.147921840686,4505.638557678379,193.49063583769293,True,267,66,,,34,32,d2,d2,True
203,BFS,4749.27336644551,2454.948117137308,2454.948117137308,4749.27336644551,2294.325249308202,True,111,27,d2,True,33,14,d2,d2,True
203,DFS,4749.27336644551,2454.948117137308,2454.948117137308,4749.27336644551,2294.325249308202,True,135,33,d1,False,33,14,d2,d2,True
203,CheapestFirst,4749.27336644551,2454.948117137308,2454.948117137308,4749.27336644551,2294.325249308202,True,139,34,d2,True,33,14,d2,d2,True
203,DNF,4749.27336644551,2454.948117137308,2454.948117137308,4749.27336644551,2294.325249308202,True,191,47,,,33,14,d2,d2,True
204,BFS,4195.853714880981,3527.6044243788574,3527.6044243788574,4195.853714880981,668.2492905021236,True,124,31,d2,True,29,26,d2,d2,True
204,DFS,4195.853714880981,3527.6044243788574,3527.6044243788574,4195.853714880981,668.2492905021236,True,119,29,d1,False,29,26,d2,d2,True
204,CheapestFirst,4195.853714880981,3527.6044243788574,3527.6044243788574,4195.853714880981,668.2492905021236,True,124,31,d2,True,29,26,d2,d2,True
204,DNF,4195.853714880981,3527.6044243788574,3527.6044243788574,4195.853714880981,668.2492905021236,True,223,55,,,29,26,d2,d2,True
205,BFS,4047.9800031536747,4504.159780152618,4047.9800031536747,4504.159780152618,456.179776998943,True,144,36,d1,True,31,34,d1,d1,True
205,DFS,4047.9800031536747,4504.159780152618,4047.9800031536747,4504.159780152618,456.179776998943,True,127,31,d1,True,31,34,d1,d1,True
205,CheapestFirst,4047.9800031536747,4504.159780152618,4047.9800031536747,4504.159780152618,456.179776998943,True,144,36,d1,True,31,34,d1,d1,True
205,DNF,4047.9800031536747,4504.159780152618,4047.9800031536747,4504.159780152618,456.179776998943,True,263,65,,,31,34,d1,d1,True
206,BFS,5164.68028641421,11323.76417865646,5164.68028641421,11323.76417865646,6159.08389224225,True,292,73,d1,True,38,71,d1,d1,True
206,DFS,5164.68028641421,11323.76417865646,5164.68028641421,11323.76417865646,6159.08389224225,True,155,38,d1,True,38,71,d1,d1,True
206,CheapestFirst,5164.68028641421,11323.76417865646,5164.68028641421,11323.76417865646,6159.08389224225,True,271,67,d1,True,38,71,d1,d1,True
206,DNF,5164.68028641421,11323.76417865646,5164.68028641421,11323.76417865646,6159.08389224225,True,439,109,,,38,71,d1,d1,True
207,BFS,8310.12390817232,9132.189117329872,8310.12390817232,9132.189117329872,822.0652091575521,True,188,47,d1,True,39,45,d1,d1,True
207,DFS,8310.12390817232,9132.189117329872,8310.12390817232,9132.189117329872,822.0652091575521,True,159,39,d1,True,39,45,d1,d1,True
207,CheapestFirst,8310.12390817232,9132.189117329872,8310.12390817232,9132.189117329872,822.0652091575521,True,188,47,d1,True,39,45,d1,d1,True
207,DNF,8310.12390817232,9132.189117329872,8310.12390817232,9132.189117329872,822.0652091575521,True,339,84,,,39,45,d1,d1,True
208,BFS,2261.5953145791873,16575.86896710974,2261.5953145791873,16575.86896710974,14314.273652530555,True,115,28,d1,True,14,83,d1,d1,True
208,DFS,2261.5953145791873,16575.86896710974,2261.5953145791873,16575.86896710974,14314.273652530555,True,59,14,d1,True,14,83,d1,d1,True
208,CheapestFirst,2261.5953145791873,16575.86896710974,2261.5953145791873,16575.86896710974,14314.273652530555,True,119,29,d1,True,14,83,d1,d1,True
208,DNF,2261.5953145791873,16575.86896710974,2261.5953145791873,16575.86896710974,14314.273652530555,True,391,97,,,14,83,d1,d1,True
209,BFS,9299.633631231443,8875.522787256034,8875.522787256034,9299.633631231443,424.1108439754098,True,288,72,d2,True,68,65,d2,d2,True
209,DFS,9299.633631231443,8875.522787256034,8875.522787256034,9299.633631231443,424.1108439754098,True,275,68,d1,False,68,65,d2,d2,True
209,CheapestFirst,9299.633631231443,8875.522787256034,8875.522787256034,9299.633631231443,424.1108439754098,True,288,72,d2,True,68,65,d2,d2,True
209,DNF,9299.633631231443,8875.522787256034,8875.522787256034,9299.633631231443,424.1108439754098,True,535,133,,,68,65,d2,d2,True
210,BFS,10462.842821907545,1379.0212351608004,1379.0212351608004,10462.842821907545,9083.821586746744,True,87,21,d2,True,71,11,d2,d2,True
210,DFS,10462.842821907545,1379.0212351608004,1379.0212351608004,10462.842821907545,9083.821586746744,True,287,71,d1,False,71,11,d2,d2,True
210,CheapestFirst,10462.842821907545,1379.0212351608004,1379.0212351608004,10462.842821907545,9083.821586746744,True,63,15,d2,True,71,11,d2,d2,True
210,DNF,10462.842821907545,1379.0212351608004,1379.0212351608004,10462.842821907545,9083.821586746744,True,331,82,,,71,11,d2,d2,True
211,BFS,1134.9564371210488,8430.87157171901,1134.9564371210488,8430.87157171901,7295.915134597961,True,107,26,d1,True,13,58,d1,d1,True
211,DFS,1134.9564371210488,8430.87157171901,1134.9564371210488,8430.87157171901,7295.915134597961,True,55,13,d1,True,13,58,d1,d1,True
211,CheapestFirst,1134.9564371210488,8430.87157171901,1134.9564371210488,8430.87157171901,7295.915134597961,True,67,16,d1,True,13,58,d1,d1,True
211,DNF,1134.9564371210488,8430.87157171901,1134.9564371210488,8430.87157171901,7295.915134597961,True,287,71,,,13,58,d1,d1,True
212,BFS,2049.6432304089735,7482.847324452595,2049.6432304089735,7482.847324452595,5433.204094043622,True,131,32,d1,True,16,52,d1,d1,True
212,DFS,2049.6432304089735,7482.847324452595,2049.6432304089735,7482.847324452595,5433.204094043622,True,67,16,d1,True,16,52,d1,d1,True
212,CheapestFirst,2049.6432304089735,7482.847324452595,2049.6432304089735,7482.847324452595,5433.204094043622,True,99,24,d1,True,16,52,d1,d1,True
212,DNF,2049.6432304089735,7482.847324452595,2049.6432304089735,7482.847324452595,5433.204094043622,True,275,68,,,16,52,d1,d1,True
213,BFS,2495.059779408559,9272.703624525111,2495.059779408559,9272.703624525111,6777.643845116552,True,155,38,d1,True,19,71,d1,d1,True
213,DFS,2495.059779408559,9272.703624525111,2495.059779408559,9272.703624525111,6777.643845116552,True,79,19,d1,True,19,71,d1,d1,True
213,CheapestFirst,2495.059779408559,9272.703624525111,2495.059779408559,9272.703624525111,6777.643845116552,True,99,24,d1,True,19,71,d1,d1,True
213,DNF,2495.059779408559,9272.703624525111,2495.059779408559,9272.703624525111,6777.643845116552,True,363,90,,,19,71,d1,d1,True
214,BFS,9003.223744697785,12728.031946221627,9003.223744697785,12728.031946221627,3724.8082015238415,True,272,68,d1,True,38,64,d1,d1,True
214,DFS,9003.223744697785,12728.031946221627,9003.223744697785,12728.031946221627,3724.8082015238415,True,155,38,d1,True,38,64,d1,d1,True
214,CheapestFirst,9003.223744697785,12728.031946221627,9003.223744697785,12728.031946221627,3724.8082015238415,True,272,68,d1,True,38,64,d1,d1,True
214,DNF,9003.223744697785,12728.031946221627,9003.223744697785,12728.031946221627,3724.8082015238415,True,411,102,,,38,64,d1,d1,True
215,BFS,4334.004393716941,2046.6343372559354,2046.6343372559354,4334.004393716941,2287.370056461006,True,215,53,d2,True,53,27,d2,d2,True
215,DFS,4334.004393716941,2046.6343372559354,2046.6343372559354,4334.004393716941,2287.370056461006,True,215,53,d1,False,53,27,d2,d2,True
215,CheapestFirst,4334.004393716941,2046.6343372559354,2046.6343372559354,4334.004393716941,2287.370056461006,True,211,52,d2,True,53,27,d2,d2,True
215,DNF,4334.004393716941,2046.6343372559354,2046.6343372559354,4334.004393716941,2287.370056461006,True,323,80,,,53,27,d2,d2,True
216,BFS,14205.95571105458,3836.739813145273,3836.739813145273,14205.95571105458,10369.215897909307,True,247,61,d2,True,86,31,d2,d2,True
216,DFS,14205.95571105458,3836.739813145273,3836.739813145273,14205.95571105458,10369.215897909307,True,347,86,d1,False,86,31,d2,d2,True
216,CheapestFirst,14205.95571105458,3836.739813145273,3836.739813145273,14205.95571105458,10369.215897909307,True,203,50,d2,True,86,31,d2,d2,True
216,DNF,14205.95571105458,3836.739813145273,3836.739813145273,14205.95571105458,10369.215897909307,True,471,117,,,86,31,d2,d2,True
217,BFS,9978.486750301505,1524.541199245192,1524.541199245192,9978.486750301505,8453.945551056313,True,127,31,d2,True,48,16,d2,d2,True
217,DFS,9978.486750301505,1524.541199245192,1524.541199245192,9978.486750301505,8453.945551056313,True,195,48,d1,False,48,16,d2,d2,True
217,CheapestFirst,9978.486750301505,1524.541199245192,1524.541199245192,9978.486750301505,8453.945551056313,True,75,18,d2,True,48,16,d2,d2,True
217,DNF,9978.486750301505,1524.541199245192,1524.541199245192,9978.486750301505,8453.945551056313,True,259,64,,,48,16,d2,d2,True
218,BFS,4525.339599924419,5126.043692146404,4525.339599924419,5126.043692146404,600.7040922219849,True,76,19,d1,True,14,17,d1,d1,True
218,DFS,4525.339599924419,5126.043692146404,4525.339599924419,5126.043692146404,600.7040922219849,True,59,14,d1,True,14,17,d1,d1,True
218,CheapestFirst,4525.339599924419,5126.043692146404,4525.339599924419,5126.043692146404,600.7040922219849,True,76,19,d1,True,14,17,d1,d1,True
218,DNF,4525.339599924419,5126.043692146404,4525.339599924419,5126.043692146404,600.7040922219849,True,127,31,,,14,17,d1,d1,True
219,BFS,5837.773110134739,5871.707960146641,5837.773110134739,5871.707960146641,33.9348500119022,True,176,44,d1,True,37,41,d1,d1,True
219,DFS,5837.773110134739,5871.707960146641,5837.773110134739,5871.707960146641,33.9348500119022,True,151,37,d1,True,37,41,d1,d1,True
219,CheapestFirst,5837.773110134739,5871.707960146641,5837.773110134739,5871.707960146641,33.9348500119022,True,176,44,d1,True,37,41,d1,d1,True
219,DNF,5837.773110134739,5871.707960146641,5837.773110134739,5871.707960146641,33.9348500119022,True,315,78,,,37,41,d1,d1,True
220,BFS,274.3016276615035,15057.213740166373,274.3016276615035,15057.213740166373,14782.91211250487,True,43,10,d1,True,5,93,d1,d1,True
220,DFS,274.3016276615035,15057.213740166373,274.3016276615035,15057.213740166373,14782.91211250487,True,23,5,d1,True,5,93,d1,d1,True
220,CheapestFirst,274.3016276615035,15057.213740166373,274.3016276615035,15057.213740166373,14782.91211250487,True,35,8,d1,True,5,93,d1,d1,True
220,DNF,274.3016276615035,15057.213740166373,274.3016276615035,15057.213740166373,14782.91211250487,True,395,98,,,5,93,d1,d1,True
221,BFS,6017.12953935245,11648.06935057529,6017.12953935245,11648.06935057529,5630.93981122284,True,227,56,d1,True,28,68,d1,d1,True
221,DFS,6017.12953935245,11648.06935057529,6017.12953935245,11648.06935057529,5630.93981122284,True,115,28,d1,True,28,68,d1,d1,True
221,CheapestFirst,6017.12953935245,11648.06935057529,6017.12953935245,11648.06935057529,5630.93981122284,True,259,64,d1,True,28,68,d1,d1,True
221,DNF,6017.12953935245,11648.06935057529,6017.12953935245,11648.06935057529,5630.93981122284,True,387,96,,,28,68,d1,d1,True
222,BFS,7343.393213070342,12310.204560789312,7343.393213070342,12310.204560789312,4966.81134771897,True,368,92,d1,True,54,88,d1,d1,True
222,DFS,7343.393213070342,12310.204560789312,7343.393213070342,12310.204560789312,4966.81134771897,True,219,54,d1,True,54,88,d1,d1,True
222,CheapestFirst,7343.393213070342,12310.204560789312,7343.393213070342,12310.204560789312,4966.81134771897,True,368,92,d1,True,54,88,d1,d1,True
222,DNF,7343.393213070342,12310.204560789312,7343.393213070342,12310.204560789312,4966.81134771897,True,571,142,,,54,88,d1,d1,True
223,BFS,5486.202328690622,2677.2400005174195,2677.2400005174195,5486.202328690622,2808.962328173203,True,207,51,d2,True,48,26,d2,d2,True
223,DFS,5486.202328690622,2677.2400005174195,2677.2400005174195,5486.202328690622,2808.962328173203,True,195,48,d1,False,48,26,d2,d2,True
223,CheapestFirst,5486.202328690622,2677.2400005174195,2677.2400005174195,5486.202328690622,2808.962328173203,True,195,48,d2,True,48,26,d2,d2,True
223,DNF,5486.202328690622,2677.2400005174195,2677.2400005174195,5486.202328690622,2808.962328173203,True,299,74,,,48,26,d2,d2,True
224,BFS,15624.3614878913,14498.669501624512,14498.669501624512,15624.3614878913,1125.6919862667874,True,400,100,d2,True,98,85,d2,d2,True
224,DFS,15624.3614878913,14498.669501624512,14498.669501624512,15624.3614878913,1125.6919862667874,True,395,98,d1,False,98,85,d2,d2,True
224,CheapestFirst,15624.3614878913,14498.669501624512,14498.669501624512,15624.3614878913,1125.6919862667874,True,400,100,d2,True,98,85,d2,d2,True
224,DNF,15624.3614878913,14498.669501624512,14498.669501624512,15624.3614878913,1125.6919862667874,True,735,183,,,98,85,d2,d2,True
225,BFS,6990.927989266041,3169.899113372397,3169.899113372397,6990.927989266041,3821.0288758936435,True,287,71,d2,True,75,36,d2,d2,True
225,DFS,6990.927989266041,3169.899113372397,3169.899113372397,6990.927989266041,3821.0288758936435,True,303,75,d1,False,75,36,d2,d2,True
225,CheapestFirst,6990.927989266041,3169.899113372397,3169.899113372397,6990.927989266041,3821.0288758936435,True,295,73,d2,True,75,36,d2,d2,True
225,DNF,6990.927989266041,3169.899113372397,3169.899113372397,6990.927989266041,3821.0288758936435,True,447,111,,,75,36,d2,d2,True
226,BFS,950.928971942945,3686.0679923273465,950.928971942945,3686.0679923273465,2735.139020384401,True,43,10,d1,True,5,42,d1,d1,True
226,DFS,950.928971942945,3686.0679923273465,950.928971942945,3686.0679923273465,2735.139020384401,True,23,5,d1,True,5,42,d1,d1,True
226,CheapestFirst,950.928971942945,3686.0679923273465,950.928971942945,3686.0679923273465,2735.139020384401,True,43,10,d1,True,5,42,d1,d1,True
226,DNF,950.928971942945,3686.0679923273465,950.928971942945,3686.0679923273465,2735.139020384401,True,191,47,,,5,42,d1,d1,True
227,BFS,2677.9392777767803,883.3810337801841,883.3810337801841,2677.9392777767803,1794.558243996596,True,143,35,d2,True,36,18,d2,d2,True
227,DFS,2677.9392777767803,883.3810337801841,883.3810337801841,2677.9392777767803,1794.558243996596,True,147,36,d1,False,36,18,d2,d2,True
227,CheapestFirst,2677.9392777767803,883.3810337801841,883.3810337801841,2677.9392777767803,1794.558243996596,True,115,28,d2,True,36,18,d2,d2,True
227,DNF,2677.9392777767803,883.3810337801841,883.3810337801841,2677.9392777767803,1794.558243996596,True,219,54,,,36,18,d2,d2,True
228,BFS,2058.2861202997606,1454.8471776802935,1454.8471776802935,2058.2861202997606,603.4389426194671,True,71,17,d2,True,18,9,d2,d2,True
228,DFS,2058.2861202997606,1454.8471776802935,1454.8471776802935,2058.2861202997606,603.4389426194671,True,75,18,d1,False,18,9,d2,d2,True
228,CheapestFirst,2058.2861202997606,1454.8471776802935,1454.8471776802935,2058.2861202997606,603.4389426194671,True,80,20,d2,True,18,9,d2,d2,True
228,DNF,2058.2861202997606,1454.8471776802935,1454.8471776802935,2058.2861202997606,603.4389426194671,True,111,27,,,18,9,d2,d2,True
229,BFS,1465.7288953332072,5049.734136111485,1465.7288953332072,5049.734136111485,3584.0052407782778,True,35,8,d1,True,4,29,d1,d1,True
229,DFS,1465.7288953332072,5049.734136111485,1465.7288953332072,5049.734136111485,3584.0052407782778,True,19,4,d1,True,4,29,d1,d1,True
229,CheapestFirst,1465.7288953332072,5049.734136111485,1465.7288953332072,5049.734136111485,3584.0052407782778,True,51,12,d1,True,4,29,d1,d1,True
229,DNF,1465.7288953332072,5049.734136111485,1465.7288953332072,5049.734136111485,3584.0052407782778,True,135,33,,,4,29,d1,d1,True
230,BFS,5320.390118845252,8334.051252134808,5320.390118845252,8334.051252134808,3013.6611332895563,True,272,68,d1,True,39,66,d1,d1,True
230,DFS,5320.390118845252,8334.051252134808,5320.390118845252,8334.051252134808,3013.6611332895563,True,159,39,d1,True,39,66,d1,d1,True
230,CheapestFirst,5320.390118845252,8334.051252134808,5320.390118845252,8334.051252134808,3013.6611332895563,True,272,68,d1,True,39,66,d1,d1,True
230,DNF,5320.390118845252,8334.051252134808,5320.390118845252,8334.051252134808,3013.6611332895563,True,423,105,,,39,66,d1,d1,True
231,BFS,9093.797629773373,5675.412489410321,5675.412489410321,9093.797629773373,3418.3851403630524,True,247,61,d2,True,66,31,d2,d2,True
231,DFS,9093.797629773373,5675.412489410321,5675.412489410321,9093.797629773373,3418.3851403630524,True,267,66,d1,False,66,31,d2,d2,True
231,CheapestFirst,9093.797629773373,5675.412489410321,5675.412489410321,9093.797629773373,3418.3851403630524,True,272,68,d2,True,66,31,d2,d2,True
231,DNF,9093.797629773373,5675.412489410321,5675.412489410321,9093.797629773373,3418.3851403630524,True,391,97,,,66,31,d2,d2,True
232,BFS,3830.0086427977526,10704.513406564654,3830.0086427977526,10704.513406564654,6874.504763766901,True,219,54,d1,True,27,81,d1,d1,True
232,DFS,3830.0086427977526,10704.513406564654,3830.0086427977526,10704.513406564654,6874.504763766901,True,111,27,d1,True,27,81,d1,d1,True
232,CheapestFirst,3830.0086427977526,10704.513406564654,3830.0086427977526,10704.513406564654,6874.504763766901,True,227,56,d1,True,27,81,d1,d1,True
232,DNF,3830.0086427977526,10704.513406564654,3830.0086427977526,10704.513406564654,6874.504763766901,True,435,108,,,27,81,d1,d1,True
233,BFS,13249.645728524343,2573.490432042836,2573.490432042836,13249.645728524343,10676.155296481507,True,167,41,d2,True,99,21,d2,d2,True
233,DFS,13249.645728524343,2573.490432042836,2573.490432042836,13249.645728524343,10676.155296481507,True,399,99,d1,False,99,21,d2,d2,True
233,CheapestFirst,13249.645728524343,2573.490432042836,2573.490432042836,13249.645728524343,10676.155296481507,True,167,41,d2,True,99,21,d2,d2,True
233,DNF,13249.645728524343,2573.490432042836,2573.490432042836,13249.645728524343,10676.155296481507,True,483,120,,,99,21,d2,d2,True
234,BFS,14871.651408695072,3770.803441557816,3770.803441557816,14871.651408695072,11100.847967137255,True,215,53,d2,True,97,27,d2,d2,True
234,DFS,14871.651408695072,3770.803441557816,3770.803441557816,14871.651408695072,11100.847967137255,True,391,97,d1,False,97,27,d2,d2,True
234,CheapestFirst,14871.651408695072,3770.803441557816,3770.803441557816,14871.651408695072,11100.847967137255,True,191,47,d2,True,97,27,d2,d2,True
234,DNF,14871.651408695072,3770.803441557816,3770.803441557816,14871.651408695072,11100.847967137255,True,499,124,,,97,27,d2,d2,True
235,BFS,3174.6825526187213,6088.59349358006,3174.6825526187213,6088.59349358006,2913.9109409613384,True,147,36,d1,True,18,38,d1,d1,True
235,DFS,3174.6825526187213,6088.59349358006,3174.6825526187213,6088.59349358006,2913.9109409613384,True,75,18,d1,True,18,38,d1,d1,True
235,CheapestFirst,3174.6825526187213,6088.59349358006,3174.6825526187213,6088.59349358006,2913.9109409613384,True,164,41,d1,True,18,38,d1,d1,True
235,DNF,3174.6825526187213,6088.59349358006,3174.6825526187213,6088.59349358006,2913.9109409613384,True,227,56,,,18,38,d1,d1,True
236,BFS,13144.534118284551,5012.547444525798,5012.547444525798,13144.534118284551,8131.986673758754,True,263,65,d2,True,98,33,d2,d2,True
236,DFS,13144.534118284551,5012.547444525798,5012.547444525798,13144.534118284551,8131.986673758754,True,395,98,d1,False,98,33,d2,d2,True
236,CheapestFirst,13144.534118284551,5012.547444525798,5012.547444525798,13144.534118284551,8131.986673758754,True,303,75,d2,True,98,33,d2,d2,True
236,DNF,13144.534118284551,5012.547444525798,5012.547444525798,13144.534118284551,8131.986673758754,True,527,131,,,98,33,d2,d2,True
237,BFS,1074.5981847876888,10345.221515931791,1074.5981847876888,10345.221515931791,9270.623331144103,True,59,14,d1,True,7,70,d1,d1,True
237,DFS,1074.5981847876888,10345.221515931791,1074.5981847876888,10345.221515931791,9270.623331144103,True,31,7,d1,True,7,70,d1,d1,True
237,CheapestFirst,1074.5981847876888,10345.221515931791,1074.5981847876888,10345.221515931791,9270.623331144103,True,47,11,d1,True,7,70,d1,d1,True
237,DNF,1074.5981847876888,10345.221515931791,1074.5981847876888,10345.221515931791,9270.623331144103,True,315,78,,,7,70,d1,d1,True
238,BFS,1400.8743982458275,4493.230845381467,1400.8743982458275,4493.230845381467,3092.3564471356394,True,99,24,d1,True,12,38,d1,d1,True
238,DFS,1400.8743982458275,4493.230845381467,1400.8743982458275,4493.230845381467,3092.3564471356394,True,51,12,d1,True,12,38,d1,d1,True
238,CheapestFirst,1400.8743982458275,4493.230845381467,1400.8743982458275,4493.230845381467,3092.3564471356394,True,91,22,d1,True,12,38,d1,d1,True
238,DNF,1400.8743982458275,4493.230845381467,1400.8743982458275,4493.230845381467,3092.3564471356394,True,203,50,,,12,38,d1,d1,True
239,BFS,1047.8695902065565,11780.515552065444,1047.8695902065565,11780.515552065444,10732.645961858889,True,75,18,d1,True,9,97,d1,d1,True
239,DFS,1047.8695902065565,11780.515552065444,1047.8695902065565,11780.515552065444,10732.645961858889,True,39,9,d1,True,9,97,d1,d1,True
239,CheapestFirst,1047.8695902065565,11780.515552065444,1047.8695902065565,11780.515552065444,10732.645961858889,True,99,24,d1,True,9,97,d1,d1,True
239,DNF,1047.8695902065565,11780.515552065444,1047.8695902065565,11780.515552065444,10732.645961858889,True,427,106,,,9,97,d1,d1,True
240,BFS,10441.845492391452,8564.090004521093,8564.090004521093,10441.845492391452,1877.7554878703595,True,248,62,d2,True,60,46,d2,d2,True
240,DFS,10441.845492391452,8564.090004521093,8564.090004521093,10441.845492391452,1877.7554878703595,True,243,60,d1,False,60,46,d2,d2,True
240,CheapestFirst,10441.845492391452,8564.090004521093,8564.090004521093,10441.845492391452,1877.7554878703595,True,248,62,d2,True,60,46,d2,d2,True
240,DNF,10441.845492391452,8564.090004521093,8564.090004521093,10441.845492391452,1877.7554878703595,True,427,106,,,60,46,d2,d2,True
241,BFS,10923.597009968205,4162.885921748297,4162.885921748297,10923.597009968205,6760.711088219909,True,239,59,d2,True,65,30,d2,d2,True
241,DFS,10923.597009968205,4162.885921748297,4162.885921748297,10923.597009968205,6760.711088219909,True,263,65,d1,False,65,30,d2,d2,True
241,CheapestFirst,10923.597009968205,4162.885921748297,4162.885921748297,10923.597009968205,6760.711088219909,True,223,55,d2,True,65,30,d2,d2,True
241,DNF,10923.597009968205,4162.885921748297,4162.885921748297,10923.597009968205,6760.711088219909,True,383,95,,,65,30,d2,d2,True
242,BFS,5549.364984046305,10931.666254607913,5549.364984046305,10931.666254607913,5382.301270561608,True,204,51,d1,True,26,49,d1,d1,True
242,DFS,5549.364984046305,10931.666254607913,5549.364984046305,10931.666254607913,5382.301270561608,True,107,26,d1,True,26,49,d1,d1,True
242,CheapestFirst,5549.364984046305,10931.666254607913,5549.364984046305,10931.666254607913,5382.301270561608,True,204,51,d1,True,26,49,d1,d1,True
242,DNF,5549.364984046305,10931.666254607913,5549.364984046305,10931.666254607913,5382.301270561608,True,303,75,,,26,49,d1,d1,True
243,BFS,9069.580897592668,6998.28907072829,6998.28907072829,9069.580897592668,2071.291826864378,True,228,57,d2,True,53,48,d2,d2,True
243,DFS,9069.580897592668,6998.28907072829,6998.28907072829,9069.580897592668,2071.291826864378,True,215,53,d1,False,53,48,d2,d2,True
243,CheapestFirst,9069.580897592668,6998.28907072829,6998.28907072829,9069.580897592668,2071.291826864378,True,228,57,d2,True,53,48,d2,d2,True
243,DNF,9069.580897592668,6998.28907072829,6998.28907072829,9069.580897592668,2071.291826864378,True,407,101,,,53,48,d2,d2,True
244,BFS,5791.805794010166,3018.354497459785,3018.354497459785,5791.805794010166,2773.4512965503814,True,160,40,d2,True,37,24,d2,d2,True
244,DFS,5791.805794010166,3018.354497459785,3018.354497459785,5791.805794010166,2773.4512965503814,True,151,37,d1,False,37,24,d2,d2,True
244,CheapestFirst,5791.805794010166,3018.354497459785,3018.354497459785,5791.805794010166,2773.4512965503814,True,160,40,d2,True,37,24,d2,d2,True
244,DNF,5791.805794010166,3018.354497459785,3018.354497459785,5791.805794010166,2773.4512965503814,True,247,61,,,37,24,d2,d2,True
245,BFS,321.9160775651569,8890.599962406177,321.9160775651569,8890.599962406177,8568.68388484102,True,67,16,d1,True,8,59,d1,d1,True
245,DFS,321.9160775651569,8890.599962406177,321.9160775651569,8890.599962406177,8568.68388484102,True,35,8,d1,True,8,59,d1,d1,True
245,CheapestFirst,321.9160775651569,8890.599962406177,321.9160775651569,8890.599962406177,8568.68388484102,True,39,9,d1,True,8,59,d1,d1,True
245,DNF,321.9160775651569,8890.599962406177,321.9160775651569,8890.599962406177,8568.68388484102,True,271,67,,,8,59,d1,d1,True
246,BFS,13685.123328082222,136.68452873676534,136.68452873676534,13685.123328082222,13548.438799345457,True,23,5,d2,True,96,3,d2,d2,True
246,DFS,13685.123328082222,136.68452873676534,136.68452873676534,13685.123328082222,13548.438799345457,True,387,96,d1,False,96,3,d2,d2,True
246,CheapestFirst,13685.123328082222,136.68452873676534,136.68452873676534,13685.123328082222,13548.438799345457,True,19,4,d2,True,96,3,d2,d2,True
246,DNF,13685.123328082222,136.68452873676534,136.68452873676534,13685.123328082222,13548.438799345457,True,399,99,,,96,3,d2,d2,True
247,BFS,12692.237078605645,11833.471758937956,11833.471758937956,12692.237078605645,858.7653196676893,True,288,72,d2,True,69,63,d2,d2,True
247,DFS,12692.237078605645,11833.471758937956,11833.471758937956,12692.237078605645,858.7653196676893,True,279,69,d1,False,69,63,d2,d2,True
247,CheapestFirst,12692.237078605645,11833.471758937956,11833.471758937956,12692.237078605645,858.7653196676893,True,288,72,d2,True,69,63,d2,d2,True
247,DNF,12692.237078605645,11833.471758937956,11833.471758937956,12692.237078605645,858.7653196676893,True,531,132,,,69,63,d2,d2,True
248,BFS,12163.576126465925,3362.3923116421406,3362.3923116421406,12163.576126465925,8801.183814823784,True,135,33,d2,True,76,17,d2,d2,True
248,DFS,12163.576126465925,3362.3923116421406,3362.3923116421406,12163.576126465925,8801.183814823784,True,307,76,d1,False,76,17,d2,d2,True
248,CheapestFirst,12163.576126465925,3362.3923116421406,3362.3923116421406,12163.576126465925,8801.183814823784,True,175,43,d2,True,76,17,d2,d2,True
248,DNF,12163.576126465925,3362.3923116421406,3362.3923116421406,12163.576126465925,8801.183814823784,True,375,93,,,76,17,d2,d2,True
249,BFS,14242.005404735246,16525.196710433083,14242.005404735246,16525.196710433083,2283.1913056978374,True,408,102,d1,True,86,98,d1,d1,True
249,DFS,14242.005404735246,16525.196710433083,14242.005404735246,16525.196710433083,2283.1913056978374,True,347,86,d1,True,86,98,d1,d1,True
249,CheapestFirst,14242.005404735246,16525.196710433083,14242.005404735246,16525.196710433083,2283.1913056978374,True,408,102,d1,True,86,98,d1,d1,True
249,DNF,14242.005404735246,16525.196710433083,14242.005404735246,16525.196710433083,2283.1913056978374,True,739,184,,,86,98,d1,d1,True
250,BFS,8410.288965952577,1826.672911251314,1826.672911251314,8410.288965952577,6583.616054701263,True,183,45,d2,True,66,23,d2,d2,True
250,DFS,8410.288965952577,1826.672911251314,1826.672911251314,8410.288965952577,6583.616054701263,True,267,66,d1,False,66,23,d2,d2,True
250,CheapestFirst,8410.288965952577,1826.672911251314,1826.672911251314,8410.288965952577,6583.616054701263,True,171,42,d2,True,66,23,d2,d2,True
250,DNF,8410.288965952577,1826.672911251314,1826.672911251314,8410.288965952577,6583.616054701263,True,359,89,,,66,23,d2,d2,True
251,BFS,6973.149446900657,14445.342941225013,6973.149446900657,14445.342941225013,7472.193494324357,True,363,90,d1,True,45,92,d1,d1,True
251,DFS,6973.149446900657,14445.342941225013,6973.149446900657,14445.342941225013,7472.193494324357,True,183,45,d1,True,45,92,d1,d1,True
251,CheapestFirst,6973.149446900657,14445.342941225013,6973.149446900657,14445.342941225013,7472.193494324357,True,359,89,d1,True,45,92,d1,d1,True
251,DNF,6973.149446900657,14445.342941225013,6973.149446900657,14445.342941225013,7472.193494324357,True,551,137,,,45,92,d1,d1,True
252,BFS,16109.55222952012,8068.214474636418,8068.214474636418,16109.55222952012,8041.3377548837025,True,391,97,d2,True,100,49,d2,d2,True
252,DFS,16109.55222952012,8068.214474636418,8068.214474636418,16109.55222952012,8041.3377548837025,True,403,100,d1,False,100,49,d2,d2,True
252,CheapestFirst,16109.55222952012,8068.214474636418,8068.214474636418,16109.55222952012,8041.3377548837025,True,411,102,d2,True,100,49,d2,d2,True
252,DNF,16109.55222952012,8068.214474636418,8068.214474636418,16109.55222952012,8041.3377548837025,True,599,149,,,100,49,d2,d2,True
253,BFS,6459.615185462197,5523.423722268233,5523.423722268233,6459.615185462197,936.1914631939635,True,208,52,d2,True,48,39,d2,d2,True
253,DFS,6459.615185462197,5523.423722268233,5523.423722268233,6459.615185462197,936.1914631939635,True,195,48,d1,False,48,39,d2,d2,True
253,CheapestFirst,6459.615185462197,5523.423722268233,5523.423722268233,6459.615185462197,936.1914631939635,True,208,52,d2,True,48,39,d2,d2,True
253,DNF,6459.615185462197,5523.423722268233,5523.423722268233,6459.615185462197,936.1914631939635,True,351,87,,,48,39,d2,d2,True
254,BFS,13999.606263427582,7459.092241383835,7459.092241383835,13999.606263427582,6540.514022043747,True,328,82,d2,True,79,44,d2,d2,True
254,DFS,13999.606263427582,7459.092241383835,7459.092241383835,13999.606263427582,6540.514022043747,True,319,79,d1,False,79,44,d2,d2,True
254,CheapestFirst,13999.606263427582,7459.092241383835,7459.092241383835,13999.606263427582,6540.514022043747,True,319,79,d2,True,79,44,d2,d2,True
254,DNF,13999.606263427582,7459.092241383835,7459.092241383835,13999.606263427582,6540.514022043747,True,495,123,,,79,44,d2,d2,True
255,BFS,2789.3549238604874,6005.494121848522,2789.3549238604874,6005.494121848522,3216.1391979880345,True,272,68,d1,True,40,65,d1,d1,True
255,DFS,2789.3549238604874,6005.494121848522,2789.3549238604874,6005.494121848522,3216.1391979880345,True,163,40,d1,True,40,65,d1,d1,True
255,CheapestFirst,2789.3549238604874,6005.494121848522,2789.3549238604874,6005.494121848522,3216.1391979880345,True,259,64,d1,True,40,65,d1,d1,True
255,DNF,2789.3549238604874,6005.494121848522,2789.3549238604874,6005.494121848522,3216.1391979880345,True,423,105,,,40,65,d1,d1,True
256,BFS,13631.641518451204,1632.939313339782,1632.939313339782,13631.641518451204,11998.702205111422,True,47,11,d2,True,65,6,d2,d2,True
256,DFS,13631.641518451204,1632.939313339782,1632.939313339782,13631.641518451204,11998.702205111422,True,263,65,d1,False,65,6,d2,d2,True
256,CheapestFirst,13631.641518451204,1632.939313339782,1632.939313339782,13631.641518451204,11998.702205111422,True,43,10,d2,True,65,6,d2,d2,True
256,DNF,13631.641518451204,1632.939313339782,1632.939313339782,13631.641518451204,11998.702205111422,True,287,71,,,65,6,d2,d2,True
257,BFS,15612.959702033588,8050.261210751443,8050.261210751443,15612.959702033588,7562.6984912821445,True,380,95,d2,True,92,50,d2,d2,True
257,DFS,15612.959702033588,8050.261210751443,8050.261210751443,15612.959702033588,7562.6984912821445,True,371,92,d1,False,92,50,d2,d2,True
257,CheapestFirst,15612.959702033588,8050.261210751443,8050.261210751443,15612.959702033588,7562.6984912821445,True,375,93,d2,True,92,50,d2,d2,True
257,DNF,15612.959702033588,8050.261210751443,8050.261210751443,15612.959702033588,7562.6984912821445,True,571,142,,,92,50,d2,d2,True
258,BFS,4226.37868186034,8738.073583026908,4226.37868186034,8738.073583026908,4511.694901166567,True,240,60,d1,True,31,57,d1,d1,True
258,DFS,4226.37868186034,8738.073583026908,4226.37868186034,8738.073583026908,4511.694901166567,True,127,31,d1,True,31,57,d1,d1,True
258,CheapestFirst,4226.37868186034,8738.073583026908,4226.37868186034,8738.073583026908,4511.694901166567,True,195,48,d1,True,31,57,d1,d1,True
258,DNF,4226.37868186034,8738.073583026908,4226.37868186034,8738.073583026908,4511.694901166567,True,355,88,,,31,57,d1,d1,True
259,BFS,1255.7542596287208,841.8567407397584,841.8567407397584,1255.7542596287208,413.8975188889624,True,104,26,d2,True,23,18,d2,d2,True
259,DFS,1255.7542596287208,841.8567407397584,841.8567407397584,1255.7542596287208,413.8975188889624,True,95,23,d1,False,23,18,d2,d2,True
259,CheapestFirst,1255.7542596287208,841.8567407397584,841.8567407397584,1255.7542596287208,413.8975188889624,True,104,26,d2,True,23,18,d2,d2,True
259,DNF,1255.7542596287208,841.8567407397584,841.8567407397584,1255.7542596287208,413.8975188889624,True,167,41,,,23,18,d2,d2,True
260,BFS,9814.937987593905,8686.155396879825,8686.155396879825,9814.937987593905,1128.7825907140796,True,380,95,d2,True,92,76,d2,d2,True
260,DFS,9814.937987593905,8686.155396879825,8686.155396879825,9814.937987593905,1128.7825907140796,True,371,92,d1,False,92,76,d2,d2,True
260,CheapestFirst,9814.937987593905,8686.155396879825,8686.155396879825,9814.937987593905,1128.7825907140796,True,380,95,d2,True,92,76,d2,d2,True
260,DNF,9814.937987593905,8686.155396879825,8686.155396879825,9814.937987593905,1128.7825907140796,True,675,168,,,92,76,d2,d2,True
261,BFS,2453.1369799645636,8579.87848630662,2453.1369799645636,8579.87848630662,6126.741506342056,True,147,36,d1,True,18,62,d1,d1,True
261,DFS,2453.1369799645636,8579.87848630662,2453.1369799645636,8579.87848630662,6126.741506342056,True,75,18,d1,True,18,62,d1,d1,True
261,CheapestFirst,2453.1369799645636,8579.87848630662,2453.1369799645636,8579.87848630662,6126.741506342056,True,139,34,d1,True,18,62,d1,d1,True
261,DNF,2453.1369799645636,8579.87848630662,2453.1369799645636,8579.87848630662,6126.741506342056,True,323,80,,,18,62,d1,d1,True
262,BFS,16656.967750696032,3226.7301272200066,3226.7301272200066,16656.967750696032,13430.237623476027,True,151,37,d2,True,93,19,d2,d2,True
262,DFS,16656.967750696032,3226.7301272200066,3226.7301272200066,16656.967750696032,13430.237623476027,True,375,93,d1,False,93,19,d2,d2,True
262,CheapestFirst,16656.967750696032,3226.7301272200066,3226.7301272200066,16656.967750696032,13430.237623476027,True,155,38,d2,True,93,19,d2,d2,True
262,DNF,16656.967750696032,3226.7301272200066,3226.7301272200066,16656.967750696032,13430.237623476027,True,451,112,,,93,19,d2,d2,True
263,BFS,6926.0889375944835,6052.859656346103,6052.859656346103,6926.0889375944835,873.2292812483802,True,192,48,d2,True,45,26,d2,d2,True
263,DFS,6926.0889375944835,6052.859656346103,6052.859656346103,6926.0889375944835,873.2292812483802,True,183,45,d1,False,45,26,d2,d2,True
263,CheapestFirst,6926.0889375944835,6052.859656346103,6052.859656346103,6926.0889375944835,873.2292812483802,True,192,48,d2,True,45,26,d2,d2,True
263,DNF,6926.0889375944835,6052.859656346103,6052.859656346103,6926.0889375944835,873.2292812483802,True,287,71,,,45,26,d2,d2,True
264,BFS,10397.01813008373,12711.937587551045,10397.01813008373,12711.937587551045,2314.9194574673147,True,380,95,d1,True,71,92,d1,d1,True
264,DFS,10397.01813008373,12711.937587551045,10397.01813008373,12711.937587551045,2314.9194574673147,True,287,71,d1,True,71,92,d1,d1,True
264,CheapestFirst,10397.01813008373,12711.937587551045,10397.01813008373,12711.937587551045,2314.9194574673147,True,380,95,d1,True,71,92,d1,d1,True
264,DNF,10397.01813008373,12711.937587551045,10397.01813008373,12711.937587551045,2314.9194574673147,True,655,163,,,71,92,d1,d1,True
265,BFS,10232.18179388721,1160.995336884044,1160.995336884044,10232.18179388721,9071.186457003167,True,127,31,d2,True,96,16,d2,d2,True
265,DFS,10232.18179388721,1160.995336884044,1160.995336884044,10232.18179388721,9071.186457003167,True,387,96,d1,False,96,16,d2,d2,True
265,CheapestFirst,10232.18179388721,1160.995336884044,1160.995336884044,10232.18179388721,9071.186457003167,True,119,29,d2,True,96,16,d2,d2,True
265,DNF,10232.18179388721,1160.995336884044,1160.995336884044,10232.18179388721,9071.186457003167,True,451,112,,,96,16,d2,d2,True
266,BFS,5899.2155388676265,15041.266762882908,5899.2155388676265,15041.266762882908,9142.051224015282,True,227,56,d1,True,28,90,d1,d1,True
266,DFS,5899.2155388676265,15041.266762882908,5899.2155388676265,15041.266762882908,9142.051224015282,True,115,28,d1,True,28,90,d1,d1,True
266,CheapestFirst,5899.2155388676265,15041.266762882908,5899.2155388676265,15041.266762882908,9142.051224015282,True,243,60,d1,True,28,90,d1,d1,True
266,DNF,5899.2155388676265,15041.266762882908,5899.2155388676265,15041.266762882908,9142.051224015282,True,475,118,,,28,90,d1,d1,True
267,BFS,8254.699537223809,8440.047823121009,8254.699537223809,8440.047823121009,185.34828589720018,True,240,60,d1,True,49,57,d1,d1,True
267,DFS,8254.699537223809,8440.047823121009,8254.699537223809,8440.047823121009,185.34828589720018,True,199,49,d1,True,49,57,d1,d1,True
267,CheapestFirst,8254.699537223809,8440.047823121009,8254.699537223809,8440.047823121009,185.34828589720018,True,240,60,d1,True,49,57,d1,d1,True
267,DNF,8254.699537223809,8440.047823121009,8254.699537223809,8440.047823121009,185.34828589720018,True,427,106,,,49,57,d1,d1,True
268,BFS,1673.585464682685,475.9691156708292,475.9691156708292,1673.585464682685,1197.6163490118556,True,39,9,d2,True,16,5,d2,d2,True
268,DFS,1673.585464682685,475.9691156708292,475.9691156708292,1673.585464682685,1197.6163490118556,True,67,16,d1,False,16,5,d2,d2,True
268,CheapestFirst,1673.585464682685,475.9691156708292,475.9691156708292,1673.585464682685,1197.6163490118556,True,47,11,d2,True,16,5,d2,d2,True
268,DNF,1673.585464682685,475.9691156708292,475.9691156708292,1673.585464682685,1197.6163490118556,True,87,21,,,16,5,d2,d2,True
269,BFS,3436.4219088346977,6469.163857124013,3436.4219088346977,6469.163857124013,3032.741948289315,True,252,63,d1,True,32,60,d1,d1,True
269,DFS,3436.4219088346977,6469.163857124013,3436.4219088346977,6469.163857124013,3032.741948289315,True,131,32,d1,True,32,60,d1,d1,True
269,CheapestFirst,3436.4219088346977,6469.163857124013,3436.4219088346977,6469.163857124013,3032.741948289315,True,252,63,d1,True,32,60,d1,d1,True
269,DNF,3436.4219088346977,6469.163857124013,3436.4219088346977,6469.163857124013,3032.741948289315,True,371,92,,,32,60,d1,d1,True
270,BFS,3959.62411204683,11780.216790362116,3959.62411204683,11780.216790362116,7820.592678315286,True,163,40,d1,True,20,89,d1,d1,True
270,DFS,3959.62411204683,11780.216790362116,3959.62411204683,11780.216790362116,7820.592678315286,True,83,20,d1,True,20,89,d1,d1,True
270,CheapestFirst,3959.62411204683,11780.216790362116,3959.62411204683,11780.216790362116,7820.592678315286,True,223,55,d1,True,20,89,d1,d1,True
270,DNF,3959.62411204683,11780.216790362116,3959.62411204683,11780.216790362116,7820.592678315286,True,439,109,,,20,89,d1,d1,True
271,BFS,7445.58786473351,2739.4413449382987,2739.4413449382987,7445.58786473351,4706.146519795211,True,111,27,d2,True,54,14,d2,d2,True
271,DFS,7445.58786473351,2739.4413449382987,2739.4413449382987,7445.58786473351,4706.146519795211,True,219,54,d1,False,54,14,d2,d2,True
271,CheapestFirst,7445.58786473351,2739.4413449382987,2739.4413449382987,7445.58786473351,4706.146519795211,True,159,39,d2,True,54,14,d2,d2,True
271,DNF,7445.58786473351,2739.4413449382987,2739.4413449382987,7445.58786473351,4706.146519795211,True,275,68,,,54,14,d2,d2,True
272,BFS,12816.584894425716,7584.322758727751,7584.322758727751,12816.584894425716,5232.262135697965,True,336,84,d2,True,82,56,d2,d2,True
272,DFS,12816.584894425716,7584.322758727751,7584.322758727751,12816.584894425716,5232.262135697965,True,331,82,d1,False,82,56,d2,d2,True
272,CheapestFirst,12816.584894425716,7584.322758727751,7584.322758727751,12816.584894425716,5232.262135697965,True,336,84,d2,True,82,56,d2,d2,True
272,DNF,12816.584894425716,7584.322758727751,7584.322758727751,12816.584894425716,5232.262135697965,True,555,138,,,82,56,d2,d2,True
273,BFS,3901.6580695385987,15282.961770913998,3901.6580695385987,15282.961770913998,11381.3037013754,True,147,36,d1,True,18,82,d1,d1,True
273,DFS,3901.6580695385987,15282.961770913998,3901.6580695385987,15282.961770913998,11381.3037013754,True,75,18,d1,True,18,82,d1,d1,True
273,CheapestFirst,3901.6580695385987,15282.961770913998,3901.6580695385987,15282.961770913998,11381.3037013754,True,163,40,d1,True,18,82,d1,d1,True
273,DNF,3901.6580695385987,15282.961770913998,3901.6580695385987,15282.961770913998,11381.3037013754,True,403,100,,,18,82,d1,d1,True
274,BFS,7476.212353981811,3044.0955842104804,3044.0955842104804,7476.212353981811,4432.116769771331,True,175,43,d2,True,51,22,d2,d2,True
274,DFS,7476.212353981811,3044.0955842104804,3044.0955842104804,7476.212353981811,4432.116769771331,True,207,51,d1,False,51,22,d2,d2,True
274,CheapestFirst,7476.212353981811,3044.0955842104804,3044.0955842104804,7476.212353981811,4432.116769771331,True,151,37,d2,True,51,22,d2,d2,True
274,DNF,7476.212353981811,3044.0955842104804,3044.0955842104804,7476.212353981811,4432.116769771331,True,295,73,,,51,22,d2,d2,True
275,BFS,4202.709581181997,10942.302078805204,4202.709581181997,10942.302078805204,6739.592497623206,True,235,58,d1,True,29,82,d1,d1,True
275,DFS,4202.709581181997,10942.302078805204,4202.709581181997,10942.302078805204,6739.592497623206,True,119,29,d1,True,29,82,d1,d1,True
275,CheapestFirst,4202.709581181997,10942.302078805204,4202.709581181997,10942.302078805204,6739.592497623206,True,207,51,d1,True,29,82,d1,d1,True
275,DNF,4202.709581181997,10942.302078805204,4202.709581181997,10942.302078805204,6739.592497623206,True,447,111,,,29,82,d1,d1,True
276,BFS,6875.503952241082,11745.37119419874,6875.503952241082,11745.37119419874,4869.867241957659,True,324,81,d1,True,50,79,d1,d1,True
276,DFS,6875.503952241082,11745.37119419874,6875.503952241082,11745.37119419874,4869.867241957659,True,203,50,d1,True,50,79,d1,d1,True
276,CheapestFirst,6875.503952241082,11745.37119419874,6875.503952241082,11745.37119419874,4869.867241957659,True,324,81,d1,True,50,79,d1,d1,True
276,DNF,6875.503952241082,11745.37119419874,6875.503952241082,11745.37119419874,4869.867241957659,True,519,129,,,50,79,d1,d1,True
277,BFS,8597.581419659593,2098.3607953881947,2098.3607953881947,8597.581419659593,6499.220624271398,True,103,25,d2,True,49,13,d2,d2,True
277,DFS,8597.581419659593,2098.3607953881947,2098.3607953881947,8597.581419659593,6499.220624271398,True,199,49,d1,False,49,13,d2,d2,True
277,CheapestFirst,8597.581419659593,2098.3607953881947,2098.3607953881947,8597.581419659593,6499.220624271398,True,103,25,d2,True,49,13,d2,d2,True
277,DNF,8597.581419659593,2098.3607953881947,2098.3607953881947,8597.581419659593,6499.220624271398,True,251,62,,,49,13,d2,d2,True
278,BFS,6562.963536921014,16598.990895471128,6562.963536921014,16598.990895471128,10036.027358550115,True,227,56,d1,True,28,94,d1,d1,True
278,DFS,6562.963536921014,16598.990895471128,6562.963536921014,16598.990895471128,10036.027358550115,True,115,28,d1,True,28,94,d1,d1,True
278,CheapestFirst,6562.963536921014,16598.990895471128,6562.963536921014,16598.990895471128,10036.027358550115,True,303,75,d1,True,28,94,d1,d1,True
278,DNF,6562.963536921014,16598.990895471128,6562.963536921014,16598.990895471128,10036.027358550115,True,491,122,,,28,94,d1,d1,True
279,BFS,6458.5654723979615,1833.5899443702758,1833.5899443702758,6458.5654723979615,4624.975528027686,True,159,39,d2,True,48,20,d2,d2,True
279,DFS,6458.5654723979615,1833.5899443702758,1833.5899443702758,6458.5654723979615,4624.975528027686,True,195,48,d1,False,48,20,d2,d2,True
279,CheapestFirst,6458.5654723979615,1833.5899443702758,1833.5899443702758,6458.5654723979615,4624.975528027686,True,111,27,d2,True,48,20,d2,d2,True
279,DNF,6458.5654723979615,1833.5899443702758,1833.5899443702758,6458.5654723979615,4624.975528027686,True,275,68,,,48,20,d2,d2,True
280,BFS,10064.020179538566,976.8208065807667,976.8208065807667,10064.020179538566,9087.199372957799,True,55,13,d2,True,82,7,d2,d2,True
280,DFS,10064.020179538566,976.8208065807667,976.8208065807667,10064.020179538566,9087.199372957799,True,331,82,d1,False,82,7,d2,d2,True
280,CheapestFirst,10064.020179538566,976.8208065807667,976.8208065807667,10064.020179538566,9087.199372957799,True,79,19,d2,True,82,7,d2,d2,True
280,DNF,10064.020179538566,976.8208065807667,976.8208065807667,10064.020179538566,9087.199372957799,True,359,89,,,82,7,d2,d2,True
281,BFS,3251.8538598800096,12013.571552436939,3251.8538598800096,12013.571552436939,8761.71769255693,True,187,46,d1,True,23,90,d1,d1,True
281,DFS,3251.8538598800096,12013.571552436939,3251.8538598800096,12013.571552436939,8761.71769255693,True,95,23,d1,True,23,90,d1,d1,True
281,CheapestFirst,3251.8538598800096,12013.571552436939,3251.8538598800096,12013.571552436939,8761.71769255693,True,175,43,d1,True,23,90,d1,d1,True
281,DNF,3251.8538598800096,12013.571552436939,3251.8538598800096,12013.571552436939,8761.71769255693,True,455,113,,,23,90,d1,d1,True
282,BFS,4907.709161132567,5144.56072768813,4907.709161132567,5144.56072768813,236.8515665555633,True,120,30,d1,True,23,26,d1,d1,True
282,DFS,4907.709161132567,5144.56072768813,4907.709161132567,5144.56072768813,236.8515665555633,True,95,23,d1,True,23,26,d1,d1,True
282,CheapestFirst,4907.709161132567,5144.56072768813,4907.709161132567,5144.56072768813,236.8515665555633,True,120,30,d1,True,23,26,d1,d1,True
282,DNF,4907.709161132567,5144.56072768813,4907.709161132567,5144.56072768813,236.8515665555633,True,199,49,,,23,26,d1,d1,True
283,BFS,11631.741909243212,5908.17234303228,5908.17234303228,11631.741909243212,5723.569566210932,True,311,77,d2,True,92,39,d2,d2,True
283,DFS,11631.741909243212,5908.17234303228,5908.17234303228,11631.741909243212,5723.569566210932,True,371,92,d1,False,92,39,d2,d2,True
283,CheapestFirst,11631.741909243212,5908.17234303228,5908.17234303228,11631.741909243212,5723.569566210932,True,380,95,d2,True,92,39,d2,d2,True
283,DNF,11631.741909243212,5908.17234303228,5908.17234303228,11631.741909243212,5723.569566210932,True,527,131,,,92,39,d2,d2,True
284,BFS,5294.0844733449,6882.143937836929,5294.0844733449,6882.143937836929,1588.0594644920284,True,268,67,d1,True,40,63,d1,d1,True
284,DFS,5294.0844733449,6882.143937836929,5294.0844733449,6882.143937836929,1588.0594644920284,True,163,40,d1,True,40,63,d1,d1,True
284,CheapestFirst,5294.0844733449,6882.143937836929,5294.0844733449,6882.143937836929,1588.0594644920284,True,268,67,d1,True,40,63,d1,d1,True
284,DNF,5294.0844733449,6882.143937836929,5294.0844733449,6882.143937836929,1588.0594644920284,True,415,103,,,40,63,d1,d1,True
285,BFS,11663.656051065936,5063.421904175765,5063.421904175765,11663.656051065936,6600.234146890171,True,244,61,d2,True,59,33,d2,d2,True
285,DFS,11663.656051065936,5063.421904175765,5063.421904175765,11663.656051065936,6600.234146890171,True,239,59,d1,False,59,33,d2,d2,True
285,CheapestFirst,11663.656051065936,5063.421904175765,5063.421904175765,11663.656051065936,6600.234146890171,True,215,53,d2,True,59,33,d2,d2,True
285,DNF,11663.656051065936,5063.421904175765,5063.421904175765,11663.656051065936,6600.234146890171,True,371,92,,,59,33,d2,d2,True
286,BFS,9574.89904245898,6592.47601808062,6592.47601808062,9574.89904245898,2982.4230243783595,True,316,79,d2,True,76,53,d2,d2,True
286,DFS,9574.89904245898,6592.47601808062,6592.47601808062,9574.89904245898,2982.4230243783595,True,307,76,d1,False,76,53,d2,d2,True
286,CheapestFirst,9574.89904245898,6592.47601808062,6592.47601808062,9574.89904245898,2982.4230243783595,True,316,79,d2,True,76,53,d2,d2,True
286,DNF,9574.89904245898,6592.47601808062,6592.47601808062,9574.89904245898,2982.4230243783595,True,519,129,,,76,53,d2,d2,True
287,BFS,19703.667307284555,18829.48554318032,18829.48554318032,19703.667307284555,874.1817641042362,True,388,97,d2,True,94,85,d2,d2,True
287,DFS,19703.667307284555,18829.48554318032,18829.48554318032,19703.667307284555,874.1817641042362,True,379,94,d1,False,94,85,d2,d2,True
287,CheapestFirst,19703.667307284555,18829.48554318032,18829.48554318032,19703.667307284555,874.1817641042362,True,388,97,d2,True,94,85,d2,d2,True
287,DNF,19703.667307284555,18829.48554318032,18829.48554318032,19703.667307284555,874.1817641042362,True,719,179,,,94,85,d2,d2,True
288,BFS,7289.851656430616,1066.8986154998317,1066.8986154998317,7289.851656430616,6222.953040930784,True,63,15,d2,True,28,8,d2,d2,True
288,DFS,7289.851656430616,1066.8986154998317,1066.8986154998317,7289.851656430616,6222.953040930784,True,115,28,d1,False,28,8,d2,d2,True
288,CheapestFirst,7289.851656430616,1066.8986154998317,1066.8986154998317,7289.851656430616,6222.953040930784,True,39,9,d2,True,28,8,d2,d2,True
288,DNF,7289.851656430616,1066.8986154998317,1066.8986154998317,7289.851656430616,6222.953040930784,True,147,36,,,28,8,d2,d2,True
289,BFS,6747.510964974659,6755.471987548175,6747.510964974659,6755.471987548175,7.961022573515947,True,188,47,d1,True,43,44,d1,d1,True
289,DFS,6747.510964974659,6755.471987548175,6747.510964974659,6755.471987548175,7.961022573515947,True,175,43,d1,True,43,44,d1,d1,True
289,CheapestFirst,6747.510964974659,6755.471987548175,6747.510964974659,6755.471987548175,7.961022573515947,True,188,47,d1,True,43,44,d1,d1,True
289,DNF,6747.510964974659,6755.471987548175,6747.510964974659,6755.471987548175,7.961022573515947,True,351,87,,,43,44,d1,d1,True
290,BFS,7613.868131330765,3631.6277672593765,3631.6277672593765,7613.868131330765,3982.2403640713887,True,247,61,d2,True,64,31,d2,d2,True
290,DFS,7613.868131330765,3631.6277672593765,3631.6277672593765,7613.868131330765,3982.2403640713887,True,259,64,d1,False,64,31,d2,d2,True
290,CheapestFirst,7613.868131330765,3631.6277672593765,3631.6277672593765,7613.868131330765,3982.2403640713887,True,235,58,d2,True,64,31,d2,d2,True
290,DNF,7613.868131330765,3631.6277672593765,3631.6277672593765,7613.868131330765,3982.2403640713887,True,383,95,,,64,31,d2,d2,True
291,BFS,7014.14644607426,932.4474204373576,932.4474204373576,7014.14644607426,6081.699025636903,True,55,13,d2,True,54,7,d2,d2,True
291,DFS,7014.14644607426,932.4474204373576,932.4474204373576,7014.14644607426,6081.699025636903,True,219,54,d1,False,54,7,d2,d2,True
291,CheapestFirst,7014.14644607426,932.4474204373576,932.4474204373576,7014.14644607426,6081.699025636903,True,55,13,d2,True,54,7,d2,d2,True
291,DNF,7014.14644607426,932.4474204373576,932.4474204373576,7014.14644607426,6081.699025636903,True,247,61,,,54,7,d2,d2,True
292,BFS,1559.5916044528105,10472.43121269631,1559.5916044528105,10472.43121269631,8912.8396082435,True,107,26,d1,True,13,57,d1,d1,True
292,DFS,1559.5916044528105,10472.43121269631,1559.5916044528105,10472.43121269631,8912.8396082435,True,55,13,d1,True,13,57,d1,d1,True
292,CheapestFirst,1559.5916044528105,10472.43121269631,1559.5916044528105,10472.43121269631,8912.8396082435,True,99,24,d1,True,13,57,d1,d1,True
292,DNF,1559.5916044528105,10472.43121269631,1559.5916044528105,10472.43121269631,8912.8396082435,True,283,70,,,13,57,d1,d1,True
293,BFS,11226.76240155484,2571.884386437016,2571.884386437016,11226.76240155484,8654.878015117825,True,151,37,d2,True,91,19,d2,d2,True
293,DFS,11226.76240155484,2571.884386437016,2571.884386437016,11226.76240155484,8654.878015117825,True,367,91,d1,False,91,19,d2,d2,True
293,CheapestFirst,11226.76240155484,2571.884386437016,2571.884386437016,11226.76240155484,8654.878015117825,True,187,46,d2,True,91,19,d2,d2,True
293,DNF,11226.76240155484,2571.884386437016,2571.884386437016,11226.76240155484,8654.878015117825,True,443,110,,,91,19,d2,d2,True
294,BFS,994.8706915621045,5300.658143221249,994.8706915621045,5300.658143221249,4305.787451659145,True,59,14,d1,True,7,44,d1,d1,True
294,DFS,994.8706915621045,5300.658143221249,994.8706915621045,5300.658143221249,4305.787451659145,True,31,7,d1,True,7,44,d1,d1,True
294,CheapestFirst,994.8706915621045,5300.658143221249,994.8706915621045,5300.658143221249,4305.787451659145,True,75,18,d1,True,7,44,d1,d1,True
294,DNF,994.8706915621045,5300.658143221249,994.8706915621045,5300.658143221249,4305.787451659145,True,207,51,,,7,44,d1,d1,True
295,BFS,3708.615663070504,3288.2570806716167,3288.2570806716167,3708.615663070504,420.3585823988874,True,164,41,d2,True,38,37,d2,d2,True
295,DFS,3708.615663070504,3288.2570806716167,3288.2570806716167,3708.615663070504,420.3585823988874,True,155,38,d1,False,38,37,d2,d2,True
295,CheapestFirst,3708.615663070504,3288.2570806716167,3288.2570806716167,3708.615663070504,420.3585823988874,True,164,41,d2,True,38,37,d2,d2,True
295,DNF,3708.615663070504,3288.2570806716167,3288.2570806716167,3708.615663070504,420.3585823988874,True,303,75,,,38,37,d2,d2,True
296,BFS,8482.231941986027,5867.391921544064,5867.391921544064,8482.231941986027,2614.840020441963,True,188,47,d2,True,44,33,d2,d2,True
296,DFS,8482.231941986027,5867.391921544064,5867.391921544064,8482.231941986027,2614.840020441963,True,179,44,d1,False,44,33,d2,d2,True
296,CheapestFirst,8482.231941986027,5867.391921544064,5867.391921544064,8482.231941986027,2614.840020441963,True,188,47,d2,True,44,33,d2,d2,True
296,DNF,8482.231941986027,5867.391921544064,5867.391921544064,8482.231941986027,2614.840020441963,True,311,77,,,44,33,d2,d2,True
297,BFS,5170.048400982366,1928.256844924575,1928.256844924575,5170.048400982366,3241.791556057791,True,63,15,d2,True,40,8,d2,d2,True
297,DFS,5170.048400982366,1928.256844924575,1928.256844924575,5170.048400982366,3241.791556057791,True,163,40,d1,False,40,8,d2,d2,True
297,CheapestFirst,5170.048400982366,1928.256844924575,1928.256844924575,5170.048400982366,3241.791556057791,True,143,35,d2,True,40,8,d2,d2,True
297,DNF,5170.048400982366,1928.256844924575,1928.256844924575,5170.048400982366,3241.791556057791,True,195,48,,,40,8,d2,d2,True
298,BFS,11460.558437089156,5084.586296495204,5084.586296495204,11460.558437089156,6375.972140593952,True,332,83,d2,True,80,43,d2,d2,True
298,DFS,11460.558437089156,5084.586296495204,5084.586296495204,11460.558437089156,6375.972140593952,True,323,80,d1,False,80,43,d2,d2,True
298,CheapestFirst,11460.558437089156,5084.586296495204,5084.586296495204,11460.558437089156,6375.972140593952,True,295,73,d2,True,80,43,d2,d2,True
298,DNF,11460.558437089156,5084.586296495204,5084.586296495204,11460.558437089156,6375.972140593952,True,495,123,,,80,43,d2,d2,True
299,BFS,738.2491879242517,1413.1232220795632,738.2491879242517,1413.1232220795632,674.8740341553115,True,112,28,d1,True,22,25,d1,d1,True
299,DFS,738.2491879242517,1413.1232220795632,738.2491879242517,1413.1232220795632,674.8740341553115,True,91,22,d1,True,22,25,d1,d1,True
299,CheapestFirst,738.2491879242517,1413.1232220795632,738.2491879242517,1413.1232220795632,674.8740341553115,True,112,28,d1,True,22,25,d1,d1,True
299,DNF,738.2491879242517,1413.1232220795632,738.2491879242517,1413.1232220795632,674.8740341553115,True,191,47,,,22,25,d1,d1,True
300,BFS,1315.9019825775385,9023.155084756634,1315.9019825775385,9023.155084756634,7707.253102179096,True,123,30,d1,True,15,66,d1,d1,True
300,DFS,1315.9019825775385,9023.155084756634,1315.9019825775385,9023.155084756634,7707.253102179096,True,63,15,d1,True,15,66,d1,d1,True
300,CheapestFirst,1315.9019825775385,9023.155084756634,1315.9019825775385,9023.155084756634,7707.253102179096,True,83,20,d1,True,15,66,d1,d1,True
300,DNF,1315.9019825775385,9023.155084756634,1315.9019825775385,9023.155084756634,7707.253102179096,True,327,81,,,15,66,d1,d1,True
301,BFS,7099.252337504821,7079.721961226657,7079.721961226657,7099.252337504821,19.530376278164113,True,256,64,d2,True,61,59,d2,d2,True
301,DFS,7099.252337504821,7079.721961226657,7079.721961226657,7099.252337504821,19.530376278164113,True,247,61,d1,False,61,59,d2,d2,True
301,CheapestFirst,7099.252337504821,7079.721961226657,7079.721961226657,7099.252337504821,19.530376278164113,True,256,64,d2,True,61,59,d2,d2,True
301,DNF,7099.252337504821,7079.721961226657,7079.721961226657,7099.252337504821,19.530376278164113,True,483,120,,,61,59,d2,d2,True
302,BFS,6585.754760158906,18550.80750118427,6585.754760158906,18550.80750118427,11965.052741025364,True,211,52,d1,True,26,85,d1,d1,True
302,DFS,6585.754760158906,18550.80750118427,6585.754760158906,18550.80750118427,11965.052741025364,True,107,26,d1,True,26,85,d1,d1,True
302,CheapestFirst,6585.754760158906,18550.80750118427,6585.754760158906,18550.80750118427,11965.052741025364,True,219,54,d1,True,26,85,d1,d1,True
302,DNF,6585.754760158906,18550.80750118427,6585.754760158906,18550.80750118427,11965.052741025364,True,447,111,,,26,85,d1,d1,True
303,BFS,14622.880585146842,12567.938918022368,12567.938918022368,14622.880585146842,2054.9416671244744,True,396,99,d2,True,95,78,d2,d2,True
303,DFS,14622.880585146842,12567.938918022368,12567.938918022368,14622.880585146842,2054.9416671244744,True,387,96,d1,False,95,78,d2,d2,True
303,CheapestFirst,14622.880585146842,12567.938918022368,12567.938918022368,14622.880585146842,2054.9416671244744,True,396,99,d2,True,95,78,d2,d2,True
303,DNF,14622.880585146842,12567.938918022368,12567.938918022368,14622.880585146842,2054.9416671244744,True,699,174,,,95,78,d2,d2,True
304,BFS,993.2735267693063,6313.385286850338,993.2735267693063,6313.385286850338,5320.111760081032,True,27,6,d1,True,3,54,d1,d1,True
304,DFS,993.2735267693063,6313.385286850338,993.2735267693063,6313.385286850338,5320.111760081032,True,15,3,d1,True,3,54,d1,d1,True
304,CheapestFirst,993.2735267693063,6313.385286850338,993.2735267693063,6313.385286850338,5320.111760081032,True,19,4,d1,True,3,54,d1,d1,True
304,DNF,993.2735267693063,6313.385286850338,993.2735267693063,6313.385286850338,5320.111760081032,True,231,57,,,3,54,d1,d1,True
305,BFS,11754.057217450352,2280.474213499866,2280.474213499866,11754.057217450352,9473.583003950487,True,151,37,d2,True,97,19,d2,d2,True
305,DFS,11754.057217450352,2280.474213499866,2280.474213499866,11754.057217450352,9473.583003950487,True,391,97,d1,False,97,19,d2,d2,True
305,CheapestFirst,11754.057217450352,2280.474213499866,2280.474213499866,11754.057217450352,9473.583003950487,True,135,33,d2,True,97,19,d2,d2,True
305,DNF,11754.057217450352,2280.474213499866,2280.474213499866,11754.057217450352,9473.583003950487,True,467,116,,,97,19,d2,d2,True
306,BFS,746.2433953968265,10516.898236162673,746.2433953968265,10516.898236162673,9770.654840765847,True,27,6,d1,True,3,75,d1,d1,True
306,DFS,746.2433953968265,10516.898236162673,746.2433953968265,10516.898236162673,9770.654840765847,True,15,3,d1,True,3,75,d1,d1,True
306,CheapestFirst,746.2433953968265,10516.898236162673,746.2433953968265,10516.898236162673,9770.654840765847,True,63,15,d1,True,3,75,d1,d1,True
306,DNF,746.2433953968265,10516.898236162673,746.2433953968265,10516.898236162673,9770.654840765847,True,315,78,,,3,75,d1,d1,True
307,BFS,9197.576954012273,6569.264050146416,6569.264050146416,9197.576954012273,2628.312903865857,True,240,60,d2,True,57,43,d2,d2,True
307,DFS,9197.576954012273,6569.264050146416,6569.264050146416,9197.576954012273,2628.312903865857,True,231,57,d1,False,57,43,d2,d2,True
307,CheapestFirst,9197.576954012273,6569.264050146416,6569.264050146416,9197.576954012273,2628.312903865857,True,240,60,d2,True,57,43,d2,d2,True
307,DNF,9197.576954012273,6569.264050146416,6569.264050146416,9197.576954012273,2628.312903865857,True,403,100,,,57,43,d2,d2,True
308,BFS,3971.9041246471133,2601.7634874129294,2601.7634874129294,3971.9041246471133,1370.140637234184,True,127,31,d2,True,43,16,d2,d2,True
308,DFS,3971.9041246471133,2601.7634874129294,2601.7634874129294,3971.9041246471133,1370.140637234184,True,175,43,d1,False,43,16,d2,d2,True
308,CheapestFirst,3971.9041246471133,2601.7634874129294,2601.7634874129294,3971.9041246471133,1370.140637234184,True,188,47,d2,True,43,16,d2,d2,True
308,DNF,3971.9041246471133,2601.7634874129294,2601.7634874129294,3971.9041246471133,1370.140637234184,True,239,59,,,43,16,d2,d2,True
309,BFS,6127.369812601455,10411.711012393196,6127.369812601455,10411.711012393196,4284.341199791741,True,275,68,d1,True,34,77,d1,d1,True
309,DFS,6127.369812601455,10411.711012393196,6127.369812601455,10411.711012393196,4284.341199791741,True,139,34,d1,True,34,77,d1,d1,True
309,CheapestFirst,6127.369812601455,10411.711012393196,6127.369812601455,10411.711012393196,4284.341199791741,True,320,80,d1,True,34,77,d1,d1,True
309,DNF,6127.369812601455,10411.711012393196,6127.369812601455,10411.711012393196,4284.341199791741,True,447,111,,,34,77,d1,d1,True
310,BFS,8702.771538660705,10514.472268123669,8702.771538660705,10514.472268123669,1811.7007294629639,True,280,70,d1,True,63,66,d1,d1,True
310,DFS,8702.771538660705,10514.472268123669,8702.771538660705,10514.472268123669,1811.7007294629639,True,255,63,d1,True,63,66,d1,d1,True
310,CheapestFirst,8702.771538660705,10514.472268123669,8702.771538660705,10514.472268123669,1811.7007294629639,True,280,70,d1,True,63,66,d1,d1,True
310,DNF,8702.771538660705,10514.472268123669,8702.771538660705,10514.472268123669,1811.7007294629639,True,519,129,,,63,66,d1,d1,True
311,BFS,8675.174086777653,8829.993201829828,8675.174086777653,8829.993201829828,154.8191150521743,True,352,88,d1,True,83,85,d1,d1,True
311,DFS,8675.174086777653,8829.993201829828,8675.174086777653,8829.993201829828,154.8191150521743,True,335,83,d1,True,83,85,d1,d1,True
311,CheapestFirst,8675.174086777653,8829.993201829828,8675.174086777653,8829.993201829828,154.8191150521743,True,352,88,d1,True,83,85,d1,d1,True
311,DNF,8675.174086777653,8829.993201829828,8675.174086777653,8829.993201829828,154.8191150521743,True,675,168,,,83,85,d1,d1,True
312,BFS,2611.8350807043007,2586.9012753438274,2586.9012753438274,2611.8350807043007,24.933805360473343,True,84,21,d2,True,18,17,d2,d2,True
312,DFS,2611.8350807043007,2586.9012753438274,2586.9012753438274,2611.8350807043007,24.933805360473343,True,75,18,d1,False,18,17,d2,d2,True
312,CheapestFirst,2611.8350807043007,2586.9012753438274,2586.9012753438274,2611.8350807043007,24.933805360473343,True,84,21,d2,True,18,17,d2,d2,True
312,DNF,2611.8350807043007,2586.9012753438274,2586.9012753438274,2611.8350807043007,24.933805360473343,True,143,35,,,18,17,d2,d2,True
313,BFS,7123.990616429188,5122.0383392068,5122.0383392068,7123.990616429188,2001.9522772223881,True,268,67,d2,True,64,36,d2,d2,True
313,DFS,7123.990616429188,5122.0383392068,5122.0383392068,7123.990616429188,2001.9522772223881,True,259,64,d1,False,64,36,d2,d2,True
313,CheapestFirst,7123.990616429188,5122.0383392068,5122.0383392068,7123.990616429188,2001.9522772223881,True,268,67,d2,True,64,36,d2,d2,True
313,DNF,7123.990616429188,5122.0383392068,5122.0383392068,7123.990616429188,2001.9522772223881,True,403,100,,,64,36,d2,d2,True
314,BFS,13346.592247071861,9887.78830549619,9887.78830549619,13346.592247071861,3458.803941575672,True,360,90,d2,True,85,69,d2,d2,True
314,DFS,13346.592247071861,9887.78830549619,9887.78830549619,13346.592247071861,3458.803941575672,True,343,85,d1,False,85,69,d2,d2,True
314,CheapestFirst,13346.592247071861,9887.78830549619,9887.78830549619,13346.592247071861,3458.803941575672,True,360,90,d2,True,85,69,d2,d2,True
314,DNF,13346.592247071861,9887.78830549619,9887.78830549619,13346.592247071861,3458.803941575672,True,619,154,,,85,69,d2,d2,True
315,BFS,8208.676032202682,6566.369118158936,6566.369118158936,8208.676032202682,1642.3069140437465,True,204,51,d2,True,49,32,d2,d2,True
315,DFS,8208.676032202682,6566.369118158936,6566.369118158936,8208.676032202682,1642.3069140437465,True,199,49,d1,False,49,32,d2,d2,True
315,CheapestFirst,8208.676032202682,6566.369118158936,6566.369118158936,8208.676032202682,1642.3069140437465,True,204,51,d2,True,49,32,d2,d2,True
315,DNF,8208.676032202682,6566.369118158936,6566.369118158936,8208.676032202682,1642.3069140437465,True,327,81,,,49,32,d2,d2,True
316,BFS,87.60146837216504,5969.764803072361,87.60146837216504,5969.764803072361,5882.163334700196,True,35,8,d1,True,4,34,d1,d1,True
316,DFS,87.60146837216504,5969.764803072361,87.60146837216504,5969.764803072361,5882.163334700196,True,19,4,d1,True,4,34,d1,d1,True
316,CheapestFirst,87.60146837216504,5969.764803072361,87.60146837216504,5969.764803072361,5882.163334700196,True,35,8,d1,True,4,34,d1,d1,True
316,DNF,87.60146837216504,5969.764803072361,87.60146837216504,5969.764803072361,5882.163334700196,True,155,38,,,4,34,d1,d1,True
317,BFS,5218.815622619104,9431.06834868339,5218.815622619104,9431.06834868339,4212.2527260642855,True,243,60,d1,True,30,59,d1,d1,True
317,DFS,5218.815622619104,9431.06834868339,5218.815622619104,9431.06834868339,4212.2527260642855,True,123,30,d1,True,30,59,d1,d1,True
317,CheapestFirst,5218.815622619104,9431.06834868339,5218.815622619104,9431.06834868339,4212.2527260642855,True,248,62,d1,True,30,59,d1,d1,True
317,DNF,5218.815622619104,9431.06834868339,5218.815622619104,9431.06834868339,4212.2527260642855,True,359,89,,,30,59,d1,d1,True
318,BFS,9.412544634163293,5765.322010041161,9.412544634163293,5765.322010041161,5755.909465406998,True,7,1,d1,True,1,35,d1,d1,True
318,DFS,9.412544634163293,5765.322010041161,9.412544634163293,5765.322010041161,5755.909465406998,True,7,1,d1,True,1,35,d1,d1,True
318,CheapestFirst,9.412544634163293,5765.322010041161,9.412544634163293,5765.322010041161,5755.909465406998,True,7,1,d1,True,1,35,d1,d1,True
318,DNF,9.412544634163293,5765.322010041161,9.412544634163293,5765.322010041161,5755.909465406998,True,147,36,,,1,35,d1,d1,True
319,BFS,1496.1052144029952,11838.436282579498,1496.1052144029952,11838.436282579498,10342.331068176503,True,147,36,d1,True,18,80,d1,d1,True
319,DFS,1496.1052144029952,11838.436282579498,1496.1052144029952,11838.436282579498,10342.331068176503,True,75,18,d1,True,18,80,d1,d1,True
319,CheapestFirst,1496.1052144029952,11838.436282579498,1496.1052144029952,11838.436282579498,10342.331068176503,True,103,25,d1,True,18,80,d1,d1,True
319,DNF,1496.1052144029952,11838.436282579498,1496.1052144029952,11838.436282579498,10342.331068176503,True,395,98,,,18,80,d1,d1,True
320,BFS,7671.704347350307,9044.448737822633,7671.704347350307,9044.448737822633,1372.744390472326,True,288,72,d1,True,58,68,d1,d1,True
320,DFS,7671.704347350307,9044.448737822633,7671.704347350307,9044.448737822633,1372.744390472326,True,235,58,d1,True,58,68,d1,d1,True
320,CheapestFirst,7671.704347350307,9044.448737822633,7671.704347350307,9044.448737822633,1372.744390472326,True,288,72,d1,True,58,68,d1,d1,True
320,DNF,7671.704347350307,9044.448737822633,7671.704347350307,9044.448737822633,1372.744390472326,True,507,126,,,58,68,d1,d1,True
321,BFS,2756.169948429096,16398.228823416088,2756.169948429096,16398.228823416088,13642.058874986991,True,123,30,d1,True,15,95,d1,d1,True
321,DFS,2756.169948429096,16398.228823416088,2756.169948429096,16398.228823416088,13642.058874986991,True,63,15,d1,True,15,95,d1,d1,True
321,CheapestFirst,2756.169948429096,16398.228823416088,2756.169948429096,16398.228823416088,13642.058874986991,True,119,29,d1,True,15,95,d1,d1,True
321,DNF,2756.169948429096,16398.228823416088,2756.169948429096,16398.228823416088,13642.058874986991,True,447,111,,,15,95,d1,d1,True
322,BFS,15529.166632038206,5523.9636503041465,5523.9636503041465,15529.166632038206,10005.202981734059,True,215,53,d2,True,94,27,d2,d2,True
322,DFS,15529.166632038206,5523.9636503041465,5523.9636503041465,15529.166632038206,10005.202981734059,True,379,94,d1,False,94,27,d2,d2,True
322,CheapestFirst,15529.166632038206,5523.9636503041465,5523.9636503041465,15529.166632038206,10005.202981734059,True,239,59,d2,True,94,27,d2,d2,True
322,DNF,15529.166632038206,5523.9636503041465,5523.9636503041465,15529.166632038206,10005.202981734059,True,487,121,,,94,27,d2,d2,True
323,BFS,9407.10550051851,15196.701955857578,9407.10550051851,15196.701955857578,5789.596455339068,True,384,96,d1,True,49,93,d1,d1,True
323,DFS,9407.10550051851,15196.701955857578,9407.10550051851,15196.701955857578,5789.596455339068,True,199,49,d1,True,49,93,d1,d1,True
323,CheapestFirst,9407.10550051851,15196.701955857578,9407.10550051851,15196.701955857578,5789.596455339068,True,384,96,d1,True,49,93,d1,d1,True
323,DNF,9407.10550051851,15196.701955857578,9407.10550051851,15196.701955857578,5789.596455339068,True,571,142,,,49,93,d1,d1,True
324,BFS,7215.92733836668,7045.750014727419,7045.750014727419,7215.92733836668,170.17732363926098,True,244,61,d2,True,56,50,d2,d2,True
324,DFS,7215.92733836668,7045.750014727419,7045.750014727419,7215.92733836668,170.17732363926098,True,227,56,d1,False,56,50,d2,d2,True
324,CheapestFirst,7215.92733836668,7045.750014727419,7045.750014727419,7215.92733836668,170.17732363926098,True,244,61,d2,True,56,50,d2,d2,True
324,DNF,7215.92733836668,7045.750014727419,7045.750014727419,7215.92733836668,170.17732363926098,True,427,106,,,56,50,d2,d2,True
325,BFS,3682.0540130369077,4781.782796522309,3682.0540130369077,4781.782796522309,1099.728783485401,True,176,44,d1,True,33,40,d1,d1,True
325,DFS,3682.0540130369077,4781.782796522309,3682.0540130369077,4781.782796522309,1099.728783485401,True,135,33,d1,True,33,40,d1,d1,True
325,CheapestFirst,3682.0540130369077,4781.782796522309,3682.0540130369077,4781.782796522309,1099.728783485401,True,176,44,d1,True,33,40,d1,d1,True
325,DNF,3682.0540130369077,4781.782796522309,3682.0540130369077,4781.782796522309,1099.728783485401,True,295,73,,,33,40,d1,d1,True
326,BFS,9122.03060294582,3333.0374747546416,3333.0374747546416,9122.03060294582,5788.9931281911795,True,239,59,d2,True,78,30,d2,d2,True
326,DFS,9122.03060294582,3333.0374747546416,3333.0374747546416,9122.03060294582,5788.9931281911795,True,315,78,d1,False,78,30,d2,d2,True
326,CheapestFirst,9122.03060294582,3333.0374747546416,3333.0374747546416,9122.03060294582,5788.9931281911795,True,263,65,d2,True,78,30,d2,d2,True
326,DNF,9122.03060294582,3333.0374747546416,3333.0374747546416,9122.03060294582,5788.9931281911795,True,435,108,,,78,30,d2,d2,True
327,BFS,14175.785097387685,14221.902531221134,14175.785097387685,14221.902531221134,46.11743383344947,True,404,101,d1,True,96,98,d1,d1,True
327,DFS,14175.785097387685,14221.902531221134,14175.785097387685,14221.902531221134,46.11743383344947,True,387,96,d1,True,96,98,d1,d1,True
327,CheapestFirst,14175.785097387685,14221.902531221134,14175.785097387685,14221.902531221134,46.11743383344947,True,404,101,d1,True,96,98,d1,d1,True
327,DNF,14175.785097387685,14221.902531221134,14175.785097387685,14221.902531221134,46.11743383344947,True,779,194,,,96,98,d1,d1,True
328,BFS,8145.113728725796,9573.883134690212,8145.113728725796,9573.883134690212,1428.7694059644155,True,224,56,d1,True,45,53,d1,d1,True
328,DFS,8145.113728725796,9573.883134690212,8145.113728725796,9573.883134690212,1428.7694059644155,True,183,45,d1,True,45,53,d1,d1,True
328,CheapestFirst,8145.113728725796,9573.883134690212,8145.113728725796,9573.883134690212,1428.7694059644155,True,224,56,d1,True,45,53,d1,d1,True
328,DNF,8145.113728725796,9573.883134690212,8145.113728725796,9573.883134690212,1428.7694059644155,True,395,98,,,45,53,d1,d1,True
329,BFS,2421.3792066948936,10472.796901676842,2421.3792066948936,10472.796901676842,8051.417694981948,True,75,18,d1,True,9,74,d1,d1,True
329,DFS,2421.3792066948936,10472.796901676842,2421.3792066948936,10472.796901676842,8051.417694981948,True,39,9,d1,True,9,74,d1,d1,True
329,CheapestFirst,2421.3792066948936,10472.796901676842,2421.3792066948936,10472.796901676842,8051.417694981948,True,127,31,d1,True,9,74,d1,d1,True
329,DNF,2421.3792066948936,10472.796901676842,2421.3792066948936,10472.796901676842,8051.417694981948,True,335,83,,,9,74,d1,d1,True
330,BFS,6183.496324448932,12339.141784909687,6183.496324448932,12339.141784909687,6155.645460460755,True,364,91,d1,True,56,89,d1,d1,True
330,DFS,6183.496324448932,12339.141784909687,6183.496324448932,12339.141784909687,6155.645460460755,True,227,56,d1,True,56,89,d1,d1,True
330,CheapestFirst,6183.496324448932,12339.141784909687,6183.496324448932,12339.141784909687,6155.645460460755,True,355,88,d1,True,56,89,d1,d1,True
330,DNF,6183.496324448932,12339.141784909687,6183.496324448932,12339.141784909687,6155.645460460755,True,583,145,,,56,89,d1,d1,True
331,BFS,12788.26504148837,2529.9227101851125,2529.9227101851125,12788.26504148837,10258.342331303258,True,143,35,d2,True,79,18,d2,d2,True
331,DFS,12788.26504148837,2529.9227101851125,2529.9227101851125,12788.26504148837,10258.342331303258,True,319,79,d1,False,79,18,d2,d2,True
331,CheapestFirst,12788.26504148837,2529.9227101851125,2529.9227101851125,12788.26504148837,10258.342331303258,True,135,33,d2,True,79,18,d2,d2,True
331,DNF,12788.26504148837,2529.9227101851125,2529.9227101851125,12788.26504148837,10258.342331303258,True,391,97,,,79,18,d2,d2,True
332,BFS,417.41790135152866,11360.11187744413,417.41790135152866,11360.11187744413,10942.6939760926,True,51,12,d1,True,6,78,d1,d1,True
332,DFS,417.41790135152866,11360.11187744413,417.41790135152866,11360.11187744413,10942.6939760926,True,27,6,d1,True,6,78,d1,d1,True
332,CheapestFirst,417.41790135152866,11360.11187744413,417.41790135152866,11360.11187744413,10942.6939760926,True,43,10,d1,True,6,78,d1,d1,True
332,DNF,417.41790135152866,11360.11187744413,417.41790135152866,11360.11187744413,10942.6939760926,True,339,84,,,6,78,d1,d1,True
333,BFS,8522.41764205629,6093.911996872087,6093.911996872087,8522.41764205629,2428.505645184204,True,264,66,d2,True,64,40,d2,d2,True
333,DFS,8522.41764205629,6093.911996872087,6093.911996872087,8522.41764205629,2428.505645184204,True,259,64,d1,False,64,40,d2,d2,True
333,CheapestFirst,8522.41764205629,6093.911996872087,6093.911996872087,8522.41764205629,2428.505645184204,True,264,66,d2,True,64,40,d2,d2,True
333,DNF,8522.41764205629,6093.911996872087,6093.911996872087,8522.41764205629,2428.505645184204,True,419,104,,,64,40,d2,d2,True
334,BFS,7979.79079197824,12005.540480487476,7979.79079197824,12005.540480487476,4025.749688509236,True,332,83,d1,True,47,79,d1,d1,True
334,DFS,7979.79079197824,12005.540480487476,7979.79079197824,12005.540480487476,4025.749688509236,True,191,47,d1,True,47,79,d1,d1,True
334,CheapestFirst,7979.79079197824,12005.540480487476,7979.79079197824,12005.540480487476,4025.749688509236,True,332,83,d1,True,47,79,d1,d1,True
334,DNF,7979.79079197824,12005.540480487476,7979.79079197824,12005.540480487476,4025.749688509236,True,507,126,,,47,79,d1,d1,True
335,BFS,13270.922018949645,11594.34224600805,11594.34224600805,13270.922018949645,1676.5797729415954,True,380,95,d2,True,92,81,d2,d2,True
335,DFS,13270.922018949645,11594.34224600805,11594.34224600805,13270.922018949645,1676.5797729415954,True,371,92,d1,False,92,81,d2,d2,True
335,CheapestFirst,13270.922018949645,11594.34224600805,11594.34224600805,13270.922018949645,1676.5797729415954,True,380,95,d2,True,92,81,d2,d2,True
335,DNF,13270.922018949645,11594.34224600805,11594.34224600805,13270.922018949645,1676.5797729415954,True,695,173,,,92,81,d2,d2,True
336,BFS,8361.042672856307,3508.5778094617576,3508.5778094617576,8361.042672856307,4852.464863394549,True,228,57,d2,True,55,29,d2,d2,True
336,DFS,8361.042672856307,3508.5778094617576,3508.5778094617576,8361.042672856307,4852.464863394549,True,223,55,d1,False,55,29,d2,d2,True
336,CheapestFirst,8361.042672856307,3508.5778094617576,3508.5778094617576,8361.042672856307,4852.464863394549,True,167,41,d2,True,55,29,d2,d2,True
336,DNF,8361.042672856307,3508.5778094617576,3508.5778094617576,8361.042672856307,4852.464863394549,True,339,84,,,55,29,d2,d2,True
337,BFS,5722.0678858658985,6185.104633558331,5722.0678858658985,6185.104633558331,463.036747692433,True,184,46,d1,True,37,43,d1,d1,True
337,DFS,5722.0678858658985,6185.104633558331,5722.0678858658985,6185.104633558331,463.036747692433,True,151,37,d1,True,37,43,d1,d1,True
337,CheapestFirst,5722.0678858658985,6185.104633558331,5722.0678858658985,6185.104633558331,463.036747692433,True,184,46,d1,True,37,43,d1,d1,True
337,DNF,5722.0678858658985,6185.104633558331,5722.0678858658985,6185.104633558331,463.036747692433,True,323,80,,,37,43,d1,d1,True
338,BFS,12420.158937149494,16604.471160459052,12420.158937149494,16604.471160459052,4184.312223309558,True,404,101,d1,True,72,98,d1,d1,True
338,DFS,12420.158937149494,16604.471160459052,12420.158937149494,16604.471160459052,4184.312223309558,True,291,72,d1,True,72,98,d1,d1,True
338,CheapestFirst,12420.158937149494,16604.471160459052,12420.158937149494,16604.471160459052,4184.312223309558,True,404,101,d1,True,72,98,d1,d1,True
338,DNF,12420.158937149494,16604.471160459052,12420.158937149494,16604.471160459052,4184.312223309558,True,683,170,,,72,98,d1,d1,True
339,BFS,7658.660201140134,7353.735875285715,7353.735875285715,7658.660201140134,304.9243258544184,True,196,49,d2,True,45,40,d2,d2,True
339,DFS,7658.660201140134,7353.735875285715,7353.735875285715,7658.660201140134,304.9243258544184,True,183,45,d1,False,45,40,d2,d2,True
339,CheapestFirst,7658.660201140134,7353.735875285715,7353.735875285715,7658.660201140134,304.9243258544184,True,196,49,d2,True,45,40,d2,d2,True
339,DNF,7658.660201140134,7353.735875285715,7353.735875285715,7658.660201140134,304.9243258544184,True,343,85,,,45,40,d2,d2,True
340,BFS,9304.894668348952,7347.246798765429,7347.246798765429,9304.894668348952,1957.647869583523,True,380,95,d2,True,91,58,d2,d2,True
340,DFS,9304.894668348952,7347.246798765429,7347.246798765429,9304.894668348952,1957.647869583523,True,367,91,d1,False,91,58,d2,d2,True
340,CheapestFirst,9304.894668348952,7347.246798765429,7347.246798765429,9304.894668348952,1957.647869583523,True,380,95,d2,True,91,58,d2,d2,True
340,DNF,9304.894668348952,7347.246798765429,7347.246798765429,9304.894668348952,1957.647869583523,True,599,149,,,91,58,d2,d2,True
341,BFS,4815.161392097281,5614.185345025947,4815.161392097281,5614.185345025947,799.0239529286655,True,292,73,d1,True,47,69,d1,d1,True
341,DFS,4815.161392097281,5614.185345025947,4815.161392097281,5614.185345025947,799.0239529286655,True,191,47,d1,True,47,69,d1,d1,True
341,CheapestFirst,4815.161392097281,5614.185345025947,4815.161392097281,5614.185345025947,799.0239529286655,True,292,73,d1,True,47,69,d1,d1,True
341,DNF,4815.161392097281,5614.185345025947,4815.161392097281,5614.185345025947,799.0239529286655,True,467,116,,,47,69,d1,d1,True
342,BFS,661.2921474189652,13428.941921241922,661.2921474189652,13428.941921241922,12767.649773822955,True,19,4,d1,True,2,88,d1,d1,True
342,DFS,661.2921474189652,13428.941921241922,661.2921474189652,13428.941921241922,12767.649773822955,True,11,2,d1,True,2,88,d1,d1,True
342,CheapestFirst,661.2921474189652,13428.941921241922,661.2921474189652,13428.941921241922,12767.649773822955,True,19,4,d1,True,2,88,d1,d1,True
342,DNF,661.2921474189652,13428.941921241922,661.2921474189652,13428.941921241922,12767.649773822955,True,363,90,,,2,88,d1,d1,True
343,BFS,5567.391560702747,1124.9250141631808,1124.9250141631808,5567.391560702747,4442.466546539566,True,231,57,d2,True,63,29,d2,d2,True
343,DFS,5567.391560702747,1124.9250141631808,1124.9250141631808,5567.391560702747,4442.466546539566,True,255,63,d1,False,63,29,d2,d2,True
343,CheapestFirst,5567.391560702747,1124.9250141631808,1124.9250141631808,5567.391560702747,4442.466546539566,True,159,39,d2,True,63,29,d2,d2,True
343,DNF,5567.391560702747,1124.9250141631808,1124.9250141631808,5567.391560702747,4442.466546539566,True,371,92,,,63,29,d2,d2,True
344,BFS,2810.7574834534125,5979.750489550036,2810.7574834534125,5979.750489550036,3168.9930060966235,True,179,44,d1,True,22,51,d1,d1,True
344,DFS,2810.7574834534125,5979.750489550036,2810.7574834534125,5979.750489550036,3168.9930060966235,True,91,22,d1,True,22,51,d1,d1,True
344,CheapestFirst,2810.7574834534125,5979.750489550036,2810.7574834534125,5979.750489550036,3168.9930060966235,True,195,48,d1,True,22,51,d1,d1,True
344,DNF,2810.7574834534125,5979.750489550036,2810.7574834534125,5979.750489550036,3168.9930060966235,True,295,73,,,22,51,d1,d1,True
345,BFS,6770.427787373419,1735.5684021313164,1735.5684021313164,6770.427787373419,5034.859385242103,True,135,33,d2,True,48,17,d2,d2,True
345,DFS,6770.427787373419,1735.5684021313164,1735.5684021313164,6770.427787373419,5034.859385242103,True,195,48,d1,False,48,17,d2,d2,True
345,CheapestFirst,6770.427787373419,1735.5684021313164,1735.5684021313164,6770.427787373419,5034.859385242103,True,83,20,d2,True,48,17,d2,d2,True
345,DNF,6770.427787373419,1735.5684021313164,1735.5684021313164,6770.427787373419,5034.859385242103,True,263,65,,,48,17,d2,d2,True
346,BFS,16804.26144226769,8910.58278029425,8910.58278029425,16804.26144226769,7893.678661973439,True,327,81,d2,True,99,41,d2,d2,True
346,DFS,16804.26144226769,8910.58278029425,8910.58278029425,16804.26144226769,7893.678661973439,True,399,99,d1,False,99,41,d2,d2,True
346,CheapestFirst,16804.26144226769,8910.58278029425,8910.58278029425,16804.26144226769,7893.678661973439,True,408,102,d2,True,99,41,d2,d2,True
346,DNF,16804.26144226769,8910.58278029425,8910.58278029425,16804.26144226769,7893.678661973439,True,563,140,,,99,41,d2,d2,True
347,BFS,10106.528355721004,1686.1781348661907,1686.1781348661907,10106.528355721004,8420.350220854813,True,79,19,d2,True,84,10,d2,d2,True
347,DFS,10106.528355721004,1686.1781348661907,1686.1781348661907,10106.528355721004,8420.350220854813,True,339,84,d1,False,84,10,d2,d2,True
347,CheapestFirst,10106.528355721004,1686.1781348661907,1686.1781348661907,10106.528355721004,8420.350220854813,True,75,18,d2,True,84,10,d2,d2,True
347,DNF,10106.528355721004,1686.1781348661907,1686.1781348661907,10106.528355721004,8420.350220854813,True,379,94,,,84,10,d2,d2,True
348,BFS,909.7054103068127,7102.1238022067455,909.7054103068127,7102.1238022067455,6192.418391899932,True,51,12,d1,True,6,52,d1,d1,True
348,DFS,909.7054103068127,7102.1238022067455,909.7054103068127,7102.1238022067455,6192.418391899932,True,27,6,d1,True,6,52,d1,d1,True
348,CheapestFirst,909.7054103068127,7102.1238022067455,909.7054103068127,7102.1238022067455,6192.418391899932,True,63,15,d1,True,6,52,d1,d1,True
348,DNF,909.7054103068127,7102.1238022067455,909.7054103068127,7102.1238022067455,6192.418391899932,True,235,58,,,6,52,d1,d1,True
349,BFS,6044.111247085592,6324.426543795006,6044.111247085592,6324.426543795006,280.3152967094138,True,208,52,d1,True,46,50,d1,d1,True
349,DFS,6044.111247085592,6324.426543795006,6044.111247085592,6324.426543795006,280.3152967094138,True,187,46,d1,True,46,50,d1,d1,True
349,CheapestFirst,6044.111247085592,6324.426543795006,6044.111247085592,6324.426543795006,280.3152967094138,True,208,52,d1,True,46,50,d1,d1,True
349,DNF,6044.111247085592,6324.426543795006,6044.111247085592,6324.426543795006,280.3152967094138,True,387,96,,,46,50,d1,d1,True
350,BFS,12655.036636309494,1827.6666362356443,1827.6666362356443,12655.036636309494,10827.37000007385,True,175,43,d2,True,78,22,d2,d2,True
350,DFS,12655.036636309494,1827.6666362356443,1827.6666362356443,12655.036636309494,10827.37000007385,True,315,78,d1,False,78,22,d2,d2,True
350,CheapestFirst,12655.036636309494,1827.6666362356443,1827.6666362356443,12655.036636309494,10827.37000007385,True,131,32,d2,True,78,22,d2,d2,True
350,DNF,12655.036636309494,1827.6666362356443,1827.6666362356443,12655.036636309494,10827.37000007385,True,403,100,,,78,22,d2,d2,True
351,BFS,4.031370400278686,15577.203694746884,4.031370400278686,15577.203694746884,15573.172324346606,True,7,1,d1,True,1,94,d1,d1,True
351,DFS,4.031370400278686,15577.203694746884,4.031370400278686,15577.203694746884,15573.172324346606,True,7,1,d1,True,1,94,d1,d1,True
351,CheapestFirst,4.031370400278686,15577.203694746884,4.031370400278686,15577.203694746884,15573.172324346606,True,7,1,d1,True,1,94,d1,d1,True
351,DNF,4.031370400278686,15577.203694746884,4.031370400278686,15577.203694746884,15573.172324346606,True,383,95,,,1,94,d1,d1,True
352,BFS,5759.85643034066,4719.719565925078,4719.719565925078,5759.85643034066,1040.1368644155818,True,188,47,d2,True,43,29,d2,d2,True
352,DFS,5759.85643034066,4719.719565925078,4719.719565925078,5759.85643034066,1040.1368644155818,True,175,43,d1,False,43,29,d2,d2,True
352,CheapestFirst,5759.85643034066,4719.719565925078,4719.719565925078,5759.85643034066,1040.1368644155818,True,188,47,d2,True,43,29,d2,d2,True
352,DNF,5759.85643034066,4719.719565925078,4719.719565925078,5759.85643034066,1040.1368644155818,True,291,72,,,43,29,d2,d2,True
353,BFS,6717.984096271952,4749.123962113212,4749.123962113212,6717.984096271952,1968.86013415874,True,280,70,d2,True,68,49,d2,d2,True
353,DFS,6717.984096271952,4749.123962113212,4749.123962113212,6717.984096271952,1968.86013415874,True,275,68,d1,False,68,49,d2,d2,True
353,CheapestFirst,6717.984096271952,4749.123962113212,4749.123962113212,6717.984096271952,1968.86013415874,True,280,70,d2,True,68,49,d2,d2,True
353,DNF,6717.984096271952,4749.123962113212,4749.123962113212,6717.984096271952,1968.86013415874,True,471,117,,,68,49,d2,d2,True
354,BFS,11538.611307520105,6137.985863560734,6137.985863560734,11538.611307520105,5400.62544395937,True,288,72,d2,True,69,39,d2,d2,True
354,DFS,11538.611307520105,6137.985863560734,6137.985863560734,11538.611307520105,5400.62544395937,True,279,69,d1,False,69,39,d2,d2,True
354,CheapestFirst,11538.611307520105,6137.985863560734,6137.985863560734,11538.611307520105,5400.62544395937,True,288,72,d2,True,69,39,d2,d2,True
354,DNF,11538.611307520105,6137.985863560734,6137.985863560734,11538.611307520105,5400.62544395937,True,435,108,,,69,39,d2,d2,True
355,BFS,907.505529994521,9197.614914409623,907.505529994521,9197.614914409623,8290.109384415102,True,115,28,d1,True,14,60,d1,d1,True
355,DFS,907.505529994521,9197.614914409623,907.505529994521,9197.614914409623,8290.109384415102,True,59,14,d1,True,14,60,d1,d1,True
355,CheapestFirst,907.505529994521,9197.614914409623,907.505529994521,9197.614914409623,8290.109384415102,True,71,17,d1,True,14,60,d1,d1,True
355,DNF,907.505529994521,9197.614914409623,907.505529994521,9197.614914409623,8290.109384415102,True,299,74,,,14,60,d1,d1,True
356,BFS,15333.87782158267,533.4303713194436,533.4303713194436,15333.87782158267,14800.447450263226,True,55,13,d2,True,88,7,d2,d2,True
356,DFS,15333.87782158267,533.4303713194436,533.4303713194436,15333.87782158267,14800.447450263226,True,355,88,d1,False,88,7,d2,d2,True
356,CheapestFirst,15333.87782158267,533.4303713194436,533.4303713194436,15333.87782158267,14800.447450263226,True,51,12,d2,True,88,7,d2,d2,True
356,DNF,15333.87782158267,533.4303713194436,533.4303713194436,15333.87782158267,14800.447450263226,True,383,95,,,88,7,d2,d2,True
357,BFS,1805.3540963760097,13129.09599998233,1805.3540963760097,13129.09599998233,11323.74190360632,True,91,22,d1,True,11,86,d1,d1,True
357,DFS,1805.3540963760097,13129.09599998233,1805.3540963760097,13129.09599998233,11323.74190360632,True,47,11,d1,True,11,86,d1,d1,True
357,CheapestFirst,1805.3540963760097,13129.09599998233,1805.3540963760097,13129.09599998233,11323.74190360632,True,71,17,d1,True,11,86,d1,d1,True
357,DNF,1805.3540963760097,13129.09599998233,1805.3540963760097,13129.09599998233,11323.74190360632,True,391,97,,,11,86,d1,d1,True
358,BFS,5821.899655077926,9455.595490887406,5821.899655077926,9455.595490887406,3633.6958358094807,True,304,76,d1,True,60,72,d1,d1,True
358,DFS,5821.899655077926,9455.595490887406,5821.899655077926,9455.595490887406,3633.6958358094807,True,243,60,d1,True,60,72,d1,d1,True
358,CheapestFirst,5821.899655077926,9455.595490887406,5821.899655077926,9455.595490887406,3633.6958358094807,True,304,76,d1,True,60,72,d1,d1,True
358,DNF,5821.899655077926,9455.595490887406,5821.899655077926,9455.595490887406,3633.6958358094807,True,531,132,,,60,72,d1,d1,True
359,BFS,10495.467232911898,7979.18341590849,7979.18341590849,10495.467232911898,2516.2838170034083,True,232,58,d2,True,55,46,d2,d2,True
359,DFS,10495.467232911898,7979.18341590849,7979.18341590849,10495.467232911898,2516.2838170034083,True,223,55,d1,False,55,46,d2,d2,True
359,CheapestFirst,10495.467232911898,7979.18341590849,7979.18341590849,10495.467232911898,2516.2838170034083,True,232,58,d2,True,55,46,d2,d2,True
359,DNF,10495.467232911898,7979.18341590849,7979.18341590849,10495.467232911898,2516.2838170034083,True,407,101,,,55,46,d2,d2,True
360,BFS,5428.252871653498,6506.884992364708,5428.252871653498,6506.884992364708,1078.6321207112096,True,192,48,d1,True,37,46,d1,d1,True
360,DFS,5428.252871653498,6506.884992364708,5428.252871653498,6506.884992364708,1078.6321207112096,True,151,37,d1,True,37,46,d1,d1,True
360,CheapestFirst,5428.252871653498,6506.884992364708,5428.252871653498,6506.884992364708,1078.6321207112096,True,192,48,d1,True,37,46,d1,d1,True
360,DNF,5428.252871653498,6506.884992364708,5428.252871653498,6506.884992364708,1078.6321207112096,True,335,83,,,37,46,d1,d1,True
361,BFS,6843.198517932707,10525.890008492737,6843.198517932707,10525.890008492737,3682.6914905600306,True,267,66,d1,True,33,63,d1,d1,True
361,DFS,6843.198517932707,10525.890008492737,6843.198517932707,10525.890008492737,3682.6914905600306,True,135,33,d1,True,33,63,d1,d1,True
361,CheapestFirst,6843.198517932707,10525.890008492737,6843.198517932707,10525.890008492737,3682.6914905600306,True,268,67,d1,True,33,63,d1,d1,True
361,DNF,6843.198517932707,10525.890008492737,6843.198517932707,10525.890008492737,3682.6914905600306,True,387,96,,,33,63,d1,d1,True
362,BFS,11190.890300778501,16260.49298631117,11190.890300778501,16260.49298631117,5069.602685532669,True,376,94,d1,True,52,90,d1,d1,True
362,DFS,11190.890300778501,16260.49298631117,11190.890300778501,16260.49298631117,5069.602685532669,True,211,52,d1,True,52,90,d1,d1,True
362,CheapestFirst,11190.890300778501,16260.49298631117,11190.890300778501,16260.49298631117,5069.602685532669,True,376,94,d1,True,52,90,d1,d1,True
362,DNF,11190.890300778501,16260.49298631117,11190.890300778501,16260.49298631117,5069.602685532669,True,571,142,,,52,90,d1,d1,True
363,BFS,39.15804052034262,2575.9290016283258,39.15804052034262,2575.9290016283258,2536.770961107983,True,19,4,d1,True,2,22,d1,d1,True
363,DFS,39.15804052034262,2575.9290016283258,39.15804052034262,2575.9290016283258,2536.770961107983,True,11,2,d1,True,2,22,d1,d1,True
363,CheapestFirst,39.15804052034262,2575.9290016283258,39.15804052034262,2575.9290016283258,2536.770961107983,True,19,4,d1,True,2,22,d1,d1,True
363,DNF,39.15804052034262,2575.9290016283258,39.15804052034262,2575.9290016283258,2536.770961107983,True,99,24,,,2,22,d1,d1,True
364,BFS,3604.8419224485706,675.9338377397544,675.9338377397544,3604.8419224485706,2928.908084708816,True,15,3,d2,True,9,2,d2,d2,True
364,DFS,3604.8419224485706,675.9338377397544,675.9338377397544,3604.8419224485706,2928.908084708816,True,39,9,d1,False,9,2,d2,d2,True
364,CheapestFirst,3604.8419224485706,675.9338377397544,675.9338377397544,3604.8419224485706,2928.908084708816,True,15,3,d2,True,9,2,d2,d2,True
364,DNF,3604.8419224485706,675.9338377397544,675.9338377397544,3604.8419224485706,2928.908084708816,True,47,11,,,9,2,d2,d2,True
365,BFS,4225.667193407157,6918.939596507344,4225.667193407157,6918.939596507344,2693.2724031001862,True,228,57,d1,True,29,54,d1,d1,True
365,DFS,4225.667193407157,6918.939596507344,4225.667193407157,6918.939596507344,2693.2724031001862,True,119,29,d1,True,29,54,d1,d1,True
365,CheapestFirst,4225.667193407157,6918.939596507344,4225.667193407157,6918.939596507344,2693.2724031001862,True,228,57,d1,True,29,54,d1,d1,True
365,DNF,4225.667193407157,6918.939596507344,4225.667193407157,6918.939596507344,2693.2724031001862,True,335,83,,,29,54,d1,d1,True
366,BFS,8228.299539947448,3613.9219015254357,3613.9219015254357,8228.299539947448,4614.377638422012,True,255,63,d2,True,78,32,d2,d2,True
366,DFS,8228.299539947448,3613.9219015254357,3613.9219015254357,8228.299539947448,4614.377638422012,True,315,78,d1,False,78,32,d2,d2,True
366,CheapestFirst,8228.299539947448,3613.9219015254357,3613.9219015254357,8228.299539947448,4614.377638422012,True,283,70,d2,True,78,32,d2,d2,True
366,DNF,8228.299539947448,3613.9219015254357,3613.9219015254357,8228.299539947448,4614.377638422012,True,443,110,,,78,32,d2,d2,True
367,BFS,10122.808284007842,10215.831662030847,10122.808284007842,10215.831662030847,93.02337802300462,True,256,64,d1,True,60,61,d1,d1,True
367,DFS,10122.808284007842,10215.831662030847,10122.808284007842,10215.831662030847,93.02337802300462,True,243,60,d1,True,60,61,d1,d1,True
367,CheapestFirst,10122.808284007842,10215.831662030847,10122.808284007842,10215.831662030847,93.02337802300462,True,256,64,d1,True,60,61,d1,d1,True
367,DNF,10122.808284007842,10215.831662030847,10122.808284007842,10215.831662030847,93.02337802300462,True,487,121,,,60,61,d1,d1,True
368,BFS,2053.880263010266,17248.565112664324,2053.880263010266,17248.565112664324,15194.684849654059,True,107,26,d1,True,13,83,d1,d1,True
368,DFS,2053.880263010266,17248.565112664324,2053.880263010266,17248.565112664324,15194.684849654059,True,55,13,d1,True,13,83,d1,d1,True
368,CheapestFirst,2053.880263010266,17248.565112664324,2053.880263010266,17248.565112664324,15194.684849654059,True,87,21,d1,True,13,83,d1,d1,True
368,DNF,2053.880263010266,17248.565112664324,2053.880263010266,17248.565112664324,15194.684849654059,True,387,96,,,13,83,d1,d1,True
369,BFS,12452.053253123917,464.1500564800409,464.1500564800409,12452.053253123917,11987.903196643876,True,23,5,d2,True,82,3,d2,d2,True
369,DFS,12452.053253123917,464.1500564800409,464.1500564800409,12452.053253123917,11987.903196643876,True,331,82,d1,False,82,3,d2,d2,True
369,CheapestFirst,12452.053253123917,464.1500564800409,464.1500564800409,12452.053253123917,11987.903196643876,True,19,4,d2,True,82,3,d2,d2,True
369,DNF,12452.053253123917,464.1500564800409,464.1500564800409,12452.053253123917,11987.903196643876,True,343,85,,,82,3,d2,d2,True
370,BFS,10954.433026273175,11108.807656850016,10954.433026273175,11108.807656850016,154.3746305768418,True,300,75,d1,True,67,71,d1,d1,True
370,DFS,10954.433026273175,11108.807656850016,10954.433026273175,11108.807656850016,154.3746305768418,True,271,67,d1,True,67,71,d1,d1,True
370,CheapestFirst,10954.433026273175,11108.807656850016,10954.433026273175,11108.807656850016,154.3746305768418,True,300,75,d1,True,67,71,d1,d1,True
370,DNF,10954.433026273175,11108.807656850016,10954.433026273175,11108.807656850016,154.3746305768418,True,555,138,,,67,71,d1,d1,True
371,BFS,3610.0692714565375,2596.471097102294,2596.471097102294,3610.0692714565375,1013.5981743542434,True,108,27,d2,True,21,16,d2,d2,True
371,DFS,3610.0692714565375,2596.471097102294,2596.471097102294,3610.0692714565375,1013.5981743542434,True,87,21,d1,False,21,16,d2,d2,True
371,CheapestFirst,3610.0692714565375,2596.471097102294,2596.471097102294,3610.0692714565375,1013.5981743542434,True,108,27,d2,True,21,16,d2,d2,True
371,DNF,3610.0692714565375,2596.471097102294,2596.471097102294,3610.0692714565375,1013.5981743542434,True,151,37,,,21,16,d2,d2,True
372,BFS,11223.934784993735,5538.559416816955,5538.559416816955,11223.934784993735,5685.37536817678,True,312,78,d2,True,75,43,d2,d2,True
372,DFS,11223.934784993735,5538.559416816955,5538.559416816955,11223.934784993735,5685.37536817678,True,303,75,d1,False,75,43,d2,d2,True
372,CheapestFirst,11223.934784993735,5538.559416816955,5538.559416816955,11223.934784993735,5685.37536817678,True,295,73,d2,True,75,43,d2,d2,True
372,DNF,11223.934784993735,5538.559416816955,5538.559416816955,11223.934784993735,5685.37536817678,True,475,118,,,75,43,d2,d2,True
373,BFS,15823.19957550372,299.6720371985866,299.6720371985866,15823.19957550372,15523.527538305134,True,71,17,d2,True,96,9,d2,d2,True
373,DFS,15823.19957550372,299.6720371985866,299.6720371985866,15823.19957550372,15523.527538305134,True,387,96,d1,False,96,9,d2,d2,True
373,CheapestFirst,15823.19957550372,299.6720371985866,299.6720371985866,15823.19957550372,15523.527538305134,True,47,11,d2,True,96,9,d2,d2,True
373,DNF,15823.19957550372,299.6720371985866,299.6720371985866,15823.19957550372,15523.527538305134,True,423,105,,,96,9,d2,d2,True
374,BFS,11020.072027199796,662.9370268786661,662.9370268786661,11020.072027199796,10357.13500032113,True,31,7,d2,True,85,4,d2,d2,True
374,DFS,11020.072027199796,662.9370268786661,662.9370268786661,11020.072027199796,10357.13500032113,True,343,85,d1,False,85,4,d2,d2,True
374,CheapestFirst,11020.072027199796,662.9370268786661,662.9370268786661,11020.072027199796,10357.13500032113,True,51,12,d2,True,85,4,d2,d2,True
374,DNF,11020.072027199796,662.9370268786661,662.9370268786661,11020.072027199796,10357.13500032113,True,359,89,,,85,4,d2,d2,True
375,BFS,11011.823953254016,402.5973110551519,402.5973110551519,11011.823953254016,10609.226642198864,True,55,13,d2,True,85,7,d2,d2,True
375,DFS,11011.823953254016,402.5973110551519,402.5973110551519,11011.823953254016,10609.226642198864,True,343,85,d1,False,85,7,d2,d2,True
375,CheapestFirst,11011.823953254016,402.5973110551519,402.5973110551519,11011.823953254016,10609.226642198864,True,87,21,d2,True,85,7,d2,d2,True
375,DNF,11011.823953254016,402.5973110551519,402.5973110551519,11011.823953254016,10609.226642198864,True,371,92,,,85,7,d2,d2,True
376,BFS,5952.86860653287,6442.262634921121,5952.86860653287,6442.262634921121,489.3940283882512,True,188,47,d1,True,43,44,d1,d1,True
376,DFS,5952.86860653287,6442.262634921121,5952.86860653287,6442.262634921121,489.3940283882512,True,175,43,d1,True,43,44,d1,d1,True
376,CheapestFirst,5952.86860653287,6442.262634921121,5952.86860653287,6442.262634921121,489.3940283882512,True,188,47,d1,True,43,44,d1,d1,True
376,DNF,5952.86860653287,6442.262634921121,5952.86860653287,6442.262634921121,489.3940283882512,True,351,87,,,43,44,d1,d1,True
377,BFS,2026.0679072479625,10725.427652465087,2026.0679072479625,10725.427652465087,8699.359745217123,True,187,46,d1,True,23,90,d1,d1,True
377,DFS,2026.0679072479625,10725.427652465087,2026.0679072479625,10725.427652465087,8699.359745217123,True,95,23,d1,True,23,90,d1,d1,True
377,CheapestFirst,2026.0679072479625,10725.427652465087,2026.0679072479625,10725.427652465087,8699.359745217123,True,139,34,d1,True,23,90,d1,d1,True
377,DNF,2026.0679072479625,10725.427652465087,2026.0679072479625,10725.427652465087,8699.359745217123,True,455,113,,,23,90,d1,d1,True
378,BFS,14472.750902739766,2154.237692068551,2154.237692068551,14472.750902739766,12318.513210671215,True,95,23,d2,True,100,12,d2,d2,True
378,DFS,14472.750902739766,2154.237692068551,2154.237692068551,14472.750902739766,12318.513210671215,True,403,100,d1,False,100,12,d2,d2,True
378,CheapestFirst,14472.750902739766,2154.237692068551,2154.237692068551,14472.750902739766,12318.513210671215,True,99,24,d2,True,100,12,d2,d2,True
378,DNF,14472.750902739766,2154.237692068551,2154.237692068551,14472.750902739766,12318.513210671215,True,451,112,,,100,12,d2,d2,True
379,BFS,5098.73759495906,3279.7796217811947,3279.7796217811947,5098.73759495906,1818.957973177865,True,156,39,d2,True,37,27,d2,d2,True
379,DFS,5098.73759495906,3279.7796217811947,3279.7796217811947,5098.73759495906,1818.957973177865,True,151,37,d1,False,37,27,d2,d2,True
379,CheapestFirst,5098.73759495906,3279.7796217811947,3279.7796217811947,5098.73759495906,1818.957973177865,True,156,39,d2,True,37,27,d2,d2,True
379,DNF,5098.73759495906,3279.7796217811947,3279.7796217811947,5098.73759495906,1818.957973177865,True,259,64,,,37,27,d2,d2,True
380,BFS,6565.223817277211,12490.970823680116,6565.223817277211,12490.970823680116,5925.747006402905,True,363,90,d1,True,45,96,d1,d1,True
380,DFS,6565.223817277211,12490.970823680116,6565.223817277211,12490.970823680116,5925.747006402905,True,183,45,d1,True,45,96,d1,d1,True
380,CheapestFirst,6565.223817277211,12490.970823680116,6565.223817277211,12490.970823680116,5925.747006402905,True,396,99,d1,True,45,96,d1,d1,True
380,DNF,6565.223817277211,12490.970823680116,6565.223817277211,12490.970823680116,5925.747006402905,True,567,141,,,45,96,d1,d1,True
381,BFS,2899.5830612702957,16764.514396452207,2899.5830612702957,16764.514396452207,13864.931335181911,True,115,28,d1,True,14,98,d1,d1,True
381,DFS,2899.5830612702957,16764.514396452207,2899.5830612702957,16764.514396452207,13864.931335181911,True,59,14,d1,True,14,98,d1,d1,True
381,CheapestFirst,2899.5830612702957,16764.514396452207,2899.5830612702957,16764.514396452207,13864.931335181911,True,183,45,d1,True,14,98,d1,d1,True
381,DNF,2899.5830612702957,16764.514396452207,2899.5830612702957,16764.514396452207,13864.931335181911,True,451,112,,,14,98,d1,d1,True
382,BFS,3685.683329965662,254.37994709239115,254.37994709239115,3685.683329965662,3431.3033828732705,True,31,7,d2,True,34,4,d2,d2,True
382,DFS,3685.683329965662,254.37994709239115,254.37994709239115,3685.683329965662,3431.3033828732705,True,139,34,d1,False,34,4,d2,d2,True
382,CheapestFirst,3685.683329965662,254.37994709239115,254.37994709239115,3685.683329965662,3431.3033828732705,True,59,14,d2,True,34,4,d2,d2,True
382,DNF,3685.683329965662,254.37994709239115,254.37994709239115,3685.683329965662,3431.3033828732705,True,155,38,,,34,4,d2,d2,True
383,BFS,11113.264517103707,7807.698063324546,7807.698063324546,11113.264517103707,3305.5664537791617,True,352,88,d2,True,85,47,d2,d2,True
383,DFS,11113.264517103707,7807.698063324546,7807.698063324546,11113.264517103707,3305.5664537791617,True,343,85,d1,False,85,47,d2,d2,True
383,CheapestFirst,11113.264517103707,7807.698063324546,7807.698063324546,11113.264517103707,3305.5664537791617,True,352,88,d2,True,85,47,d2,d2,True
383,DNF,11113.264517103707,7807.698063324546,7807.698063324546,11113.264517103707,3305.5664537791617,True,531,132,,,85,47,d2,d2,True
384,BFS,11670.22281993547,2751.734252549319,2751.734252549319,11670.22281993547,8918.488567386152,True,151,37,d2,True,88,19,d2,d2,True
384,DFS,11670.22281993547,2751.734252549319,2751.734252549319,11670.22281993547,8918.488567386152,True,355,88,d1,False,88,19,d2,d2,True
384,CheapestFirst,11670.22281993547,2751.734252549319,2751.734252549319,11670.22281993547,8918.488567386152,True,131,32,d2,True,88,19,d2,d2,True
384,DNF,11670.22281993547,2751.734252549319,2751.734252549319,11670.22281993547,8918.488567386152,True,431,107,,,88,19,d2,d2,True
385,BFS,11356.195698707452,2732.7864340418496,2732.7864340418496,11356.195698707452,8623.409264665603,True,167,41,d2,True,89,21,d2,d2,True
385,DFS,11356.195698707452,2732.7864340418496,2732.7864340418496,11356.195698707452,8623.409264665603,True,359,89,d1,False,89,21,d2,d2,True
385,CheapestFirst,11356.195698707452,2732.7864340418496,2732.7864340418496,11356.195698707452,8623.409264665603,True,179,44,d2,True,89,21,d2,d2,True
385,DNF,11356.195698707452,2732.7864340418496,2732.7864340418496,11356.195698707452,8623.409264665603,True,443,110,,,89,21,d2,d2,True
386,BFS,1605.128271801958,12400.217340956002,1605.128271801958,12400.217340956002,10795.089069154044,True,83,20,d1,True,10,85,d1,d1,True
386,DFS,1605.128271801958,12400.217340956002,1605.128271801958,12400.217340956002,10795.089069154044,True,43,10,d1,True,10,85,d1,d1,True
386,CheapestFirst,1605.128271801958,12400.217340956002,1605.128271801958,12400.217340956002,10795.089069154044,True,67,16,d1,True,10,85,d1,d1,True
386,DNF,1605.128271801958,12400.217340956002,1605.128271801958,12400.217340956002,10795.089069154044,True,383,95,,,10,85,d1,d1,True
387,BFS,11197.363467445335,8882.254513746639,8882.254513746639,11197.363467445335,2315.1089536986965,True,336,84,d2,True,78,64,d2,d2,True
387,DFS,11197.363467445335,8882.254513746639,8882.254513746639,11197.363467445335,2315.1089536986965,True,315,78,d1,False,78,64,d2,d2,True
387,CheapestFirst,11197.363467445335,8882.254513746639,8882.254513746639,11197.363467445335,2315.1089536986965,True,336,84,d2,True,78,64,d2,d2,True
387,DNF,11197.363467445335,8882.254513746639,8882.254513746639,11197.363467445335,2315.1089536986965,True,571,142,,,78,64,d2,d2,True
388,BFS,2628.6035566109535,5271.257911776604,2628.6035566109535,5271.257911776604,2642.65435516565,True,171,42,d1,True,21,41,d1,d1,True
388,DFS,2628.6035566109535,5271.257911776604,2628.6035566109535,5271.257911776604,2642.65435516565,True,87,21,d1,True,21,41,d1,d1,True
388,CheapestFirst,2628.6035566109535,5271.257911776604,2628.6035566109535,5271.257911776604,2642.65435516565,True,167,41,d1,True,21,41,d1,d1,True
388,DNF,2628.6035566109535,5271.257911776604,2628.6035566109535,5271.257911776604,2642.65435516565,True,251,62,,,21,41,d1,d1,True
389,BFS,8577.245088937976,7.1263488736773475,7.1263488736773475,8577.245088937976,8570.1187400643,True,11,2,d2,True,78,1,d2,d2,True
389,DFS,8577.245088937976,7.1263488736773475,7.1263488736773475,8577.245088937976,8570.1187400643,True,315,78,d1,False,78,1,d2,d2,True
389,CheapestFirst,8577.245088937976,7.1263488736773475,7.1263488736773475,8577.245088937976,8570.1187400643,True,11,2,d2,True,78,1,d2,d2,True
389,DNF,8577.245088937976,7.1263488736773475,7.1263488736773475,8577.245088937976,8570.1187400643,True,319,79,,,78,1,d2,d2,True
390,BFS,10733.329734180967,5377.839994372929,5377.839994372929,10733.329734180967,5355.4897398080375,True,380,95,d2,True,91,59,d2,d2,True
390,DFS,10733.329734180967,5377.839994372929,5377.839994372929,10733.329734180967,5355.4897398080375,True,367,91,d1,False,91,59,d2,d2,True
390,CheapestFirst,10733.329734180967,5377.839994372929,5377.839994372929,10733.329734180967,5355.4897398080375,True,351,87,d2,True,91,59,d2,d2,True
390,DNF,10733.329734180967,5377.839994372929,5377.839994372929,10733.329734180967,5355.4897398080375,True,603,150,,,91,59,d2,d2,True
391,BFS,368.502061199957,5649.120333160468,368.502061199957,5649.120333160468,5280.618271960511,True,75,18,d1,True,9,36,d1,d1,True
391,DFS,368.502061199957,5649.120333160468,368.502061199957,5649.120333160468,5280.618271960511,True,39,9,d1,True,9,36,d1,d1,True
391,CheapestFirst,368.502061199957,5649.120333160468,368.502061199957,5649.120333160468,5280.618271960511,True,43,10,d1,True,9,36,d1,d1,True
391,DNF,368.502061199957,5649.120333160468,368.502061199957,5649.120333160468,5280.618271960511,True,183,45,,,9,36,d1,d1,True
392,BFS,5532.775015038089,8344.65333875283,5532.775015038089,8344.65333875283,2811.878323714742,True,236,59,d1,True,40,56,d1,d1,True
392,DFS,5532.775015038089,8344.65333875283,5532.775015038089,8344.65333875283,2811.878323714742,True,163,40,d1,True,40,56,d1,d1,True
392,CheapestFirst,5532.775015038089,8344.65333875283,5532.775015038089,8344.65333875283,2811.878323714742,True,236,59,d1,True,40,56,d1,d1,True
392,DNF,5532.775015038089,8344.65333875283,5532.775015038089,8344.65333875283,2811.878323714742,True,387,96,,,40,56,d1,d1,True
393,BFS,11658.003543328428,9687.089634356036,9687.089634356036,11658.003543328428,1970.9139089723922,True,392,98,d2,True,95,75,d2,d2,True
393,DFS,11658.003543328428,9687.089634356036,9687.089634356036,11658.003543328428,1970.9139089723922,True,383,95,d1,False,95,75,d2,d2,True
393,CheapestFirst,11658.003543328428,9687.089634356036,9687.089634356036,11658.003543328428,1970.9139089723922,True,392,98,d2,True,95,75,d2,d2,True
393,DNF,11658.003543328428,9687.089634356036,9687.089634356036,11658.003543328428,1970.9139089723922,True,683,170,,,95,75,d2,d2,True
394,BFS,12368.740377702892,10114.48024292421,10114.48024292421,12368.740377702892,2254.260134778682,True,392,98,d2,True,95,73,d2,d2,True
394,DFS,12368.740377702892,10114.48024292421,10114.48024292421,12368.740377702892,2254.260134778682,True,383,95,d1,False,95,73,d2,d2,True
394,CheapestFirst,12368.740377702892,10114.48024292421,10114.48024292421,12368.740377702892,2254.260134778682,True,392,98,d2,True,95,73,d2,d2,True
394,DNF,12368.740377702892,10114.48024292421,10114.48024292421,12368.740377702892,2254.260134778682,True,675,168,,,95,73,d2,d2,True
395,BFS,6921.119594479251,11769.142372539585,6921.119594479251,11769.142372539585,4848.0227780603345,True,296,74,d1,True,43,72,d1,d1,True
395,DFS,6921.119594479251,11769.142372539585,6921.119594479251,11769.142372539585,4848.0227780603345,True,175,43,d1,True,43,72,d1,d1,True
395,CheapestFirst,6921.119594479251,11769.142372539585,6921.119594479251,11769.142372539585,4848.0227780603345,True,296,74,d1,True,43,72,d1,d1,True
395,DNF,6921.119594479251,11769.142372539585,6921.119594479251,11769.142372539585,4848.0227780603345,True,463,115,,,43,72,d1,d1,True
396,BFS,10760.922722647922,5068.528755944844,5068.528755944844,10760.922722647922,5692.393966703077,True,287,71,d2,True,73,36,d2,d2,True
396,DFS,10760.922722647922,5068.528755944844,5068.528755944844,10760.922722647922,5692.393966703077,True,295,73,d1,False,73,36,d2,d2,True
396,CheapestFirst,10760.922722647922,5068.528755944844,5068.528755944844,10760.922722647922,5692.393966703077,True,275,68,d2,True,73,36,d2,d2,True
396,DNF,10760.922722647922,5068.528755944844,5068.528755944844,10760.922722647922,5692.393966703077,True,439,109,,,73,36,d2,d2,True
397,BFS,5323.614833543473,10271.774206111204,5323.614833543473,10271.774206111204,4948.159372567731,True,203,50,d1,True,25,62,d1,d1,True
397,DFS,5323.614833543473,10271.774206111204,5323.614833543473,10271.774206111204,4948.159372567731,True,103,25,d1,True,25,62,d1,d1,True
397,CheapestFirst,5323.614833543473,10271.774206111204,5323.614833543473,10271.774206111204,4948.159372567731,True,260,65,d1,True,25,62,d1,d1,True
397,DNF,5323.614833543473,10271.774206111204,5323.614833543473,10271.774206111204,4948.159372567731,True,351,87,,,25,62,d1,d1,True
398,BFS,25.229407070471808,6170.1333339712455,25.229407070471808,6170.1333339712455,6144.9039269007735,True,19,4,d1,True,2,36,d1,d1,True
398,DFS,25.229407070471808,6170.1333339712455,25.229407070471808,6170.1333339712455,6144.9039269007735,True,11,2,d1,True,2,36,d1,d1,True
398,CheapestFirst,25.229407070471808,6170.1333339712455,25.229407070471808,6170.1333339712455,6144.9039269007735,True,19,4,d1,True,2,36,d1,d1,True
398,DNF,25.229407070471808,6170.1333339712455,25.229407070471808,6170.1333339712455,6144.9039269007735,True,155,38,,,2,36,d1,d1,True
399,BFS,10209.116544065457,7652.683748100634,7652.683748100634,10209.116544065457,2556.4327959648226,True,364,91,d2,True,87,72,d2,d2,True
399,DFS,10209.116544065457,7652.683748100634,7652.683748100634,10209.116544065457,2556.4327959648226,True,351,87,d1,False,87,72,d2,d2,True
399,CheapestFirst,10209.116544065457,7652.683748100634,7652.683748100634,10209.116544065457,2556.4327959648226,True,364,91,d2,True,87,72,d2,d2,True
399,DNF,10209.116544065457,7652.683748100634,7652.683748100634,10209.116544065457,2556.4327959648226,True,639,159,,,87,72,d2,d2,True
400,BFS,4166.637451340321,1150.5753406740068,1150.5753406740068,4166.637451340321,3016.062110666314,True,31,7,d2,True,39,4,d2,d2,True
400,DFS,4166.637451340321,1150.5753406740068,1150.5753406740068,4166.637451340321,3016.062110666314,True,159,39,d1,False,39,4,d2,d2,True
400,CheapestFirst,4166.637451340321,1150.5753406740068,1150.5753406740068,4166.637451340321,3016.062110666314,True,95,23,d2,True,39,4,d2,d2,True
400,DNF,4166.637451340321,1150.5753406740068,1150.5753406740068,4166.637451340321,3016.062110666314,True,175,43,,,39,4,d2,d2,True
401,BFS,4949.196443002238,3748.912112329685,3748.912112329685,4949.196443002238,1200.284330672553,True,196,49,d2,True,46,39,d2,d2,True
401,DFS,4949.196443002238,3748.912112329685,3748.912112329685,4949.196443002238,1200.284330672553,True,187,46,d1,False,46,39,d2,d2,True
401,CheapestFirst,4949.196443002238,3748.912112329685,3748.912112329685,4949.196443002238,1200.284330672553,True,196,49,d2,True,46,39,d2,d2,True
401,DNF,4949.196443002238,3748.912112329685,3748.912112329685,4949.196443002238,1200.284330672553,True,343,85,,,46,39,d2,d2,True
402,BFS,13620.618317968288,2205.41978215296,2205.41978215296,13620.618317968288,11415.198535815329,True,143,35,d2,True,88,18,d2,d2,True
402,DFS,13620.618317968288,2205.41978215296,2205.41978215296,13620.618317968288,11415.198535815329,True,355,88,d1,False,88,18,d2,d2,True
402,CheapestFirst,13620.618317968288,2205.41978215296,2205.41978215296,13620.618317968288,11415.198535815329,True,111,27,d2,True,88,18,d2,d2,True
402,DNF,13620.618317968288,2205.41978215296,2205.41978215296,13620.618317968288,11415.198535815329,True,427,106,,,88,18,d2,d2,True
403,BFS,1272.9673800360042,13285.480161095202,1272.9673800360042,13285.480161095202,12012.512781059198,True,67,16,d1,True,8,87,d1,d1,True
403,DFS,1272.9673800360042,13285.480161095202,1272.9673800360042,13285.480161095202,12012.512781059198,True,35,8,d1,True,8,87,d1,d1,True
403,CheapestFirst,1272.9673800360042,13285.480161095202,1272.9673800360042,13285.480161095202,12012.512781059198,True,59,14,d1,True,8,87,d1,d1,True
403,DNF,1272.9673800360042,13285.480161095202,1272.9673800360042,13285.480161095202,12012.512781059198,True,383,95,,,8,87,d1,d1,True
404,BFS,11520.868400594181,5349.625034366325,5349.625034366325,11520.868400594181,6171.243366227856,True,303,75,d2,True,78,38,d2,d2,True
404,DFS,11520.868400594181,5349.625034366325,5349.625034366325,11520.868400594181,6171.243366227856,True,315,78,d1,False,78,38,d2,d2,True
404,CheapestFirst,11520.868400594181,5349.625034366325,5349.625034366325,11520.868400594181,6171.243366227856,True,287,71,d2,True,78,38,d2,d2,True
404,DNF,11520.868400594181,5349.625034366325,5349.625034366325,11520.868400594181,6171.243366227856,True,467,116,,,78,38,d2,d2,True
405,BFS,931.7781241192392,6265.782499608606,931.7781241192392,6265.782499608606,5334.004375489367,True,163,40,d1,True,20,59,d1,d1,True
405,DFS,931.7781241192392,6265.782499608606,931.7781241192392,6265.782499608606,5334.004375489367,True,83,20,d1,True,20,59,d1,d1,True
405,CheapestFirst,931.7781241192392,6265.782499608606,931.7781241192392,6265.782499608606,5334.004375489367,True,103,25,d1,True,20,59,d1,d1,True
405,DNF,931.7781241192392,6265.782499608606,931.7781241192392,6265.782499608606,5334.004375489367,True,319,79,,,20,59,d1,d1,True
406,BFS,7980.280714028766,3083.3417163583304,3083.3417163583304,7980.280714028766,4896.938997670435,True,207,51,d2,True,53,26,d2,d2,True
406,DFS,7980.280714028766,3083.3417163583304,3083.3417163583304,7980.280714028766,4896.938997670435,True,215,53,d1,False,53,26,d2,d2,True
406,CheapestFirst,7980.280714028766,3083.3417163583304,3083.3417163583304,7980.280714028766,4896.938997670435,True,167,41,d2,True,53,26,d2,d2,True
406,DNF,7980.280714028766,3083.3417163583304,3083.3417163583304,7980.280714028766,4896.938997670435,True,319,79,,,53,26,d2,d2,True
407,BFS,16496.21036256267,13247.678799453417,13247.678799453417,16496.21036256267,3248.5315631092526,True,340,85,d2,True,81,65,d2,d2,True
407,DFS,16496.21036256267,13247.678799453417,13247.678799453417,16496.21036256267,3248.5315631092526,True,327,81,d1,False,81,65,d2,d2,True
407,CheapestFirst,16496.21036256267,13247.678799453417,13247.678799453417,16496.21036256267,3248.5315631092526,True,340,85,d2,True,81,65,d2,d2,True
407,DNF,16496.21036256267,13247.678799453417,13247.678799453417,16496.21036256267,3248.5315631092526,True,587,146,,,81,65,d2,d2,True
408,BFS,10503.352388554798,288.38445734428564,288.38445734428564,10503.352388554798,10214.967931210513,True,39,9,d2,True,72,5,d2,d2,True
408,DFS,10503.352388554798,288.38445734428564,288.38445734428564,10503.352388554798,10214.967931210513,True,291,72,d1,False,72,5,d2,d2,True
408,CheapestFirst,10503.352388554798,288.38445734428564,288.38445734428564,10503.352388554798,10214.967931210513,True,47,11,d2,True,72,5,d2,d2,True
408,DNF,10503.352388554798,288.38445734428564,288.38445734428564,10503.352388554798,10214.967931210513,True,311,77,,,72,5,d2,d2,True
409,BFS,1234.9298406078628,3150.1402390066255,1234.9298406078628,3150.1402390066255,1915.2103983987627,True,99,24,d1,True,12,54,d1,d1,True
409,DFS,1234.9298406078628,3150.1402390066255,1234.9298406078628,3150.1402390066255,1915.2103983987627,True,51,12,d1,True,12,54,d1,d1,True
409,CheapestFirst,1234.9298406078628,3150.1402390066255,1234.9298406078628,3150.1402390066255,1915.2103983987627,True,143,35,d1,True,12,54,d1,d1,True
409,DNF,1234.9298406078628,3150.1402390066255,1234.9298406078628,3150.1402390066255,1915.2103983987627,True,267,66,,,12,54,d1,d1,True
410,BFS,12057.49120094867,10117.929854822638,10117.929854822638,12057.49120094867,1939.5613461260327,True,340,85,d2,True,82,65,d2,d2,True
410,DFS,12057.49120094867,10117.929854822638,10117.929854822638,12057.49120094867,1939.5613461260327,True,331,82,d1,False,82,65,d2,d2,True
410,CheapestFirst,12057.49120094867,10117.929854822638,10117.929854822638,12057.49120094867,1939.5613461260327,True,340,85,d2,True,82,65,d2,d2,True
410,DNF,12057.49120094867,10117.929854822638,10117.929854822638,12057.49120094867,1939.5613461260327,True,591,147,,,82,65,d2,d2,True
411,BFS,14945.823035219806,15487.848786054083,14945.823035219806,15487.848786054083,542.0257508342766,True,408,102,d1,True,94,100,d1,d1,True
411,DFS,14945.823035219806,15487.848786054083,14945.823035219806,15487.848786054083,542.0257508342766,True,379,94,d1,True,94,100,d1,d1,True
411,CheapestFirst,14945.823035219806,15487.848786054083,14945.823035219806,15487.848786054083,542.0257508342766,True,408,102,d1,True,94,100,d1,d1,True
411,DNF,14945.823035219806,15487.848786054083,14945.823035219806,15487.848786054083,542.0257508342766,True,779,194,,,94,100,d1,d1,True
412,BFS,8638.27655532027,1469.2264493051184,1469.2264493051184,8638.27655532027,7169.050106015151,True,47,11,d2,True,48,6,d2,d2,True
412,DFS,8638.27655532027,1469.2264493051184,1469.2264493051184,8638.27655532027,7169.050106015151,True,195,48,d1,False,48,6,d2,d2,True
412,CheapestFirst,8638.27655532027,1469.2264493051184,1469.2264493051184,8638.27655532027,7169.050106015151,True,67,16,d2,True,48,6,d2,d2,True
412,DNF,8638.27655532027,1469.2264493051184,1469.2264493051184,8638.27655532027,7169.050106015151,True,219,54,,,48,6,d2,d2,True
413,BFS,9912.532065400002,9659.137314752148,9659.137314752148,9912.532065400002,253.39475064785438,True,268,67,d2,True,64,59,d2,d2,True
413,DFS,9912.532065400002,9659.137314752148,9659.137314752148,9912.532065400002,253.39475064785438,True,259,64,d1,False,64,59,d2,d2,True
413,CheapestFirst,9912.532065400002,9659.137314752148,9659.137314752148,9912.532065400002,253.39475064785438,True,268,67,d2,True,64,59,d2,d2,True
413,DNF,9912.532065400002,9659.137314752148,9659.137314752148,9912.532065400002,253.39475064785438,True,495,123,,,64,59,d2,d2,True
414,BFS,4920.189240561356,1285.8785048479738,1285.8785048479738,4920.189240561356,3634.310735713382,True,183,45,d2,True,53,23,d2,d2,True
414,DFS,4920.189240561356,1285.8785048479738,1285.8785048479738,4920.189240561356,3634.310735713382,True,215,53,d1,False,53,23,d2,d2,True
414,CheapestFirst,4920.189240561356,1285.8785048479738,1285.8785048479738,4920.189240561356,3634.310735713382,True,119,29,d2,True,53,23,d2,d2,True
414,DNF,4920.189240561356,1285.8785048479738,1285.8785048479738,4920.189240561356,3634.310735713382,True,307,76,,,53,23,d2,d2,True
415,BFS,11894.737169555836,549.5362179450649,549.5362179450649,11894.737169555836,11345.200951610772,True,79,19,d2,True,86,10,d2,d2,True
415,DFS,11894.737169555836,549.5362179450649,549.5362179450649,11894.737169555836,11345.200951610772,True,347,86,d1,False,86,10,d2,d2,True
415,CheapestFirst,11894.737169555836,549.5362179450649,549.5362179450649,11894.737169555836,11345.200951610772,True,55,13,d2,True,86,10,d2,d2,True
415,DNF,11894.737169555836,549.5362179450649,549.5362179450649,11894.737169555836,11345.200951610772,True,387,96,,,86,10,d2,d2,True
416,BFS,6089.083569684486,7265.137913913305,6089.083569684486,7265.137913913305,1176.054344228819,True,240,60,d1,True,46,56,d1,d1,True
416,DFS,6089.083569684486,7265.137913913305,6089.083569684486,7265.137913913305,1176.054344228819,True,187,46,d1,True,46,56,d1,d1,True
416,CheapestFirst,6089.083569684486,7265.137913913305,6089.083569684486,7265.137913913305,1176.054344228819,True,240,60,d1,True,46,56,d1,d1,True
416,DNF,6089.083569684486,7265.137913913305,6089.083569684486,7265.137913913305,1176.054344228819,True,411,102,,,46,56,d1,d1,True
417,BFS,13610.590690939227,11788.594476726048,11788.594476726048,13610.590690939227,1821.996214213179,True,280,70,d2,True,68,59,d2,d2,True
417,DFS,13610.590690939227,11788.594476726048,11788.594476726048,13610.590690939227,1821.996214213179,True,275,68,d1,False,68,59,d2,d2,True
417,CheapestFirst,13610.590690939227,11788.594476726048,11788.594476726048,13610.590690939227,1821.996214213179,True,280,70,d2,True,68,59,d2,d2,True
417,DNF,13610.590690939227,11788.594476726048,11788.594476726048,13610.590690939227,1821.996214213179,True,511,127,,,68,59,d2,d2,True
418,BFS,12185.612502268772,3296.6369082968113,3296.6369082968113,12185.612502268772,8888.975593971962,True,279,69,d2,True,96,35,d2,d2,True
418,DFS,12185.612502268772,3296.6369082968113,3296.6369082968113,12185.612502268772,8888.975593971962,True,387,96,d1,False,96,35,d2,d2,True
418,CheapestFirst,12185.612502268772,3296.6369082968113,3296.6369082968113,12185.612502268772,8888.975593971962,True,267,66,d2,True,96,35,d2,d2,True
418,DNF,12185.612502268772,3296.6369082968113,3296.6369082968113,12185.612502268772,8888.975593971962,True,527,131,,,96,35,d2,d2,True
419,BFS,8231.128716724686,2236.92957296898,2236.92957296898,8231.128716724686,5994.199143755706,True,191,47,d2,True,75,24,d2,d2,True
419,DFS,8231.128716724686,2236.92957296898,2236.92957296898,8231.128716724686,5994.199143755706,True,303,75,d1,False,75,24,d2,d2,True
419,CheapestFirst,8231.128716724686,2236.92957296898,2236.92957296898,8231.128716724686,5994.199143755706,True,191,47,d2,True,75,24,d2,d2,True
419,DNF,8231.128716724686,2236.92957296898,2236.92957296898,8231.128716724686,5994.199143755706,True,399,99,,,75,24,d2,d2,True
420,BFS,2075.849943443058,11392.532251992327,2075.849943443058,11392.532251992327,9316.682308549269,True,139,34,d1,True,17,76,d1,d1,True
420,DFS,2075.849943443058,11392.532251992327,2075.849943443058,11392.532251992327,9316.682308549269,True,71,17,d1,True,17,76,d1,d1,True
420,CheapestFirst,2075.849943443058,11392.532251992327,2075.849943443058,11392.532251992327,9316.682308549269,True,131,32,d1,True,17,76,d1,d1,True
420,DNF,2075.849943443058,11392.532251992327,2075.849943443058,11392.532251992327,9316.682308549269,True,375,93,,,17,76,d1,d1,True
421,BFS,11957.21906484595,7109.157565105383,7109.157565105383,11957.21906484595,4848.061499740566,True,284,71,d2,True,69,52,d2,d2,True
421,DFS,11957.21906484595,7109.157565105383,7109.157565105383,11957.21906484595,4848.061499740566,True,279,69,d1,False,69,52,d2,d2,True
421,CheapestFirst,11957.21906484595,7109.157565105383,7109.157565105383,11957.21906484595,4848.061499740566,True,284,71,d2,True,69,52,d2,d2,True
421,DNF,11957.21906484595,7109.157565105383,7109.157565105383,11957.21906484595,4848.061499740566,True,487,121,,,69,52,d2,d2,True
422,BFS,18532.256550094702,3615.5199495494176,3615.5199495494176,18532.256550094702,14916.736600545284,True,135,33,d2,True,93,17,d2,d2,True
422,DFS,18532.256550094702,3615.5199495494176,3615.5199495494176,18532.256550094702,14916.736600545284,True,375,93,d1,False,93,17,d2,d2,True
422,CheapestFirst,18532.256550094702,3615.5199495494176,3615.5199495494176,18532.256550094702,14916.736600545284,True,179,44,d2,True,93,17,d2,d2,True
422,DNF,18532.256550094702,3615.5199495494176,3615.5199495494176,18532.256550094702,14916.736600545284,True,443,110,,,93,17,d2,d2,True
423,BFS,5197.672279608109,10511.540949998769,5197.672279608109,10511.540949998769,5313.86867039066,True,368,92,d1,True,52,90,d1,d1,True
423,DFS,5197.672279608109,10511.540949998769,5197.672279608109,10511.540949998769,5313.86867039066,True,211,52,d1,True,52,90,d1,d1,True
423,CheapestFirst,5197.672279608109,10511.540949998769,5197.672279608109,10511.540949998769,5313.86867039066,True,355,88,d1,True,52,90,d1,d1,True
423,DNF,5197.672279608109,10511.540949998769,5197.672279608109,10511.540949998769,5313.86867039066,True,571,142,,,52,90,d1,d1,True
424,BFS,11546.59992524668,11294.310145255877,11294.310145255877,11546.59992524668,252.28977999080416,True,344,86,d2,True,83,76,d2,d2,True
424,DFS,11546.59992524668,11294.310145255877,11294.310145255877,11546.59992524668,252.28977999080416,True,335,83,d1,False,83,76,d2,d2,True
424,CheapestFirst,11546.59992524668,11294.310145255877,11294.310145255877,11546.59992524668,252.28977999080416,True,344,86,d2,True,83,76,d2,d2,True
424,DNF,11546.59992524668,11294.310145255877,11294.310145255877,11546.59992524668,252.28977999080416,True,639,159,,,83,76,d2,d2,True
425,BFS,10681.272545766851,6157.222019497009,6157.222019497009,10681.272545766851,4524.0505262698425,True,328,82,d2,True,80,48,d2,d2,True
425,DFS,10681.272545766851,6157.222019497009,6157.222019497009,10681.272545766851,4524.0505262698425,True,323,80,d1,False,80,48,d2,d2,True
425,CheapestFirst,10681.272545766851,6157.222019497009,6157.222019497009,10681.272545766851,4524.0505262698425,True,328,82,d2,True,80,48,d2,d2,True
425,DNF,10681.272545766851,6157.222019497009,6157.222019497009,10681.272545766851,4524.0505262698425,True,515,128,,,80,48,d2,d2,True
426,BFS,11044.458730303917,575.4639858817145,575.4639858817145,11044.458730303917,10468.994744422202,True,47,11,d2,True,69,6,d2,d2,True
426,DFS,11044.458730303917,575.4639858817145,575.4639858817145,11044.458730303917,10468.994744422202,True,279,69,d1,False,69,6,d2,d2,True
426,CheapestFirst,11044.458730303917,575.4639858817145,575.4639858817145,11044.458730303917,10468.994744422202,True,39,9,d2,True,69,6,d2,d2,True
426,DNF,11044.458730303917,575.4639858817145,575.4639858817145,11044.458730303917,10468.994744422202,True,303,75,,,69,6,d2,d2,True
427,BFS,8742.466617430578,1088.8133994227373,1088.8133994227373,8742.466617430578,7653.653218007841,True,79,19,d2,True,70,10,d2,d2,True
427,DFS,8742.466617430578,1088.8133994227373,1088.8133994227373,8742.466617430578,7653.653218007841,True,283,70,d1,False,70,10,d2,d2,True
427,CheapestFirst,8742.466617430578,1088.8133994227373,1088.8133994227373,8742.466617430578,7653.653218007841,True,71,17,d2,True,70,10,d2,d2,True
427,DNF,8742.466617430578,1088.8133994227373,1088.8133994227373,8742.466617430578,7653.653218007841,True,323,80,,,70,10,d2,d2,True
428,BFS,1634.7958322985833,1713.7162392026414,1634.7958322985833,1713.7162392026414,78.92040690405815,True,80,20,d1,True,15,18,d1,d1,True
428,DFS,1634.7958322985833,1713.7162392026414,1634.7958322985833,1713.7162392026414,78.92040690405815,True,63,15,d1,True,15,18,d1,d1,True
428,CheapestFirst,1634.7958322985833,1713.7162392026414,1634.7958322985833,1713.7162392026414,78.92040690405815,True,80,20,d1,True,15,18,d1,d1,True
428,DNF,1634.7958322985833,1713.7162392026414,1634.7958322985833,1713.7162392026414,78.92040690405815,True,135,33,,,15,18,d1,d1,True
429,BFS,7489.152104923235,3876.422379286561,3876.422379286561,7489.152104923235,3612.729725636674,True,215,53,d2,True,63,27,d2,d2,True
429,DFS,7489.152104923235,3876.422379286561,3876.422379286561,7489.152104923235,3612.729725636674,True,255,63,d1,False,63,27,d2,d2,True
429,CheapestFirst,7489.152104923235,3876.422379286561,3876.422379286561,7489.152104923235,3612.729725636674,True,264,66,d2,True,63,27,d2,d2,True
429,DNF,7489.152104923235,3876.422379286561,3876.422379286561,7489.152104923235,3612.729725636674,True,363,90,,,63,27,d2,d2,True
430,BFS,2220.087595380547,3243.114485975743,2220.087595380547,3243.114485975743,1023.0268905951957,True,196,49,d1,True,42,47,d1,d1,True
430,DFS,2220.087595380547,3243.114485975743,2220.087595380547,3243.114485975743,1023.0268905951957,True,171,42,d1,True,42,47,d1,d1,True
430,CheapestFirst,2220.087595380547,3243.114485975743,2220.087595380547,3243.114485975743,1023.0268905951957,True,196,49,d1,True,42,47,d1,d1,True
430,DNF,2220.087595380547,3243.114485975743,2220.087595380547,3243.114485975743,1023.0268905951957,True,359,89,,,42,47,d1,d1,True
431,BFS,12994.344151994768,9889.477478850058,9889.477478850058,12994.344151994768,3104.86667314471,True,304,76,d2,True,73,53,d2,d2,True
431,DFS,12994.344151994768,9889.477478850058,9889.477478850058,12994.344151994768,3104.86667314471,True,295,73,d1,False,73,53,d2,d2,True
431,CheapestFirst,12994.344151994768,9889.477478850058,9889.477478850058,12994.344151994768,3104.86667314471,True,304,76,d2,True,73,53,d2,d2,True
431,DNF,12994.344151994768,9889.477478850058,9889.477478850058,12994.344151994768,3104.86667314471,True,507,126,,,73,53,d2,d2,True
432,BFS,11806.907791264879,5140.482834897385,5140.482834897385,11806.907791264879,6666.424956367494,True,319,79,d2,True,84,40,d2,d2,True
432,DFS,11806.907791264879,5140.482834897385,5140.482834897385,11806.907791264879,6666.424956367494,True,339,84,d1,False,84,40,d2,d2,True
432,CheapestFirst,11806.907791264879,5140.482834897385,5140.482834897385,11806.907791264879,6666.424956367494,True,299,74,d2,True,84,40,d2,d2,True
432,DNF,11806.907791264879,5140.482834897385,5140.482834897385,11806.907791264879,6666.424956367494,True,499,124,,,84,40,d2,d2,True
433,BFS,1758.8599001762043,11901.397374466456,1758.8599001762043,11901.397374466456,10142.537474290251,True,35,8,d1,True,4,99,d1,d1,True
433,DFS,1758.8599001762043,11901.397374466456,1758.8599001762043,11901.397374466456,10142.537474290251,True,19,4,d1,True,4,99,d1,d1,True
433,CheapestFirst,1758.8599001762043,11901.397374466456,1758.8599001762043,11901.397374466456,10142.537474290251,True,75,18,d1,True,4,99,d1,d1,True
433,DNF,1758.8599001762043,11901.397374466456,1758.8599001762043,11901.397374466456,10142.537474290251,True,415,103,,,4,99,d1,d1,True
434,BFS,7214.46553878008,3132.1770425093464,3132.1770425093464,7214.46553878008,4082.288496270734,True,175,43,d2,True,42,22,d2,d2,True
434,DFS,7214.46553878008,3132.1770425093464,3132.1770425093464,7214.46553878008,4082.288496270734,True,171,42,d1,False,42,22,d2,d2,True
434,CheapestFirst,7214.46553878008,3132.1770425093464,3132.1770425093464,7214.46553878008,4082.288496270734,True,155,38,d2,True,42,22,d2,d2,True
434,DNF,7214.46553878008,3132.1770425093464,3132.1770425093464,7214.46553878008,4082.288496270734,True,259,64,,,42,22,d2,d2,True
435,BFS,9580.677539580918,759.5255470407758,759.5255470407758,9580.677539580918,8821.151992540143,True,63,15,d2,True,67,8,d2,d2,True
435,DFS,9580.677539580918,759.5255470407758,759.5255470407758,9580.677539580918,8821.151992540143,True,271,67,d1,False,67,8,d2,d2,True
435,CheapestFirst,9580.677539580918,759.5255470407758,759.5255470407758,9580.677539580918,8821.151992540143,True,59,14,d2,True,67,8,d2,d2,True
435,DNF,9580.677539580918,759.5255470407758,759.5255470407758,9580.677539580918,8821.151992540143,True,303,75,,,67,8,d2,d2,True
436,BFS,1700.7578450384146,1455.2059035486016,1455.2059035486016,1700.7578450384146,245.5519414898131,True,88,22,d2,True,20,17,d2,d2,True
436,DFS,1700.7578450384146,1455.2059035486016,1455.2059035486016,1700.7578450384146,245.5519414898131,True,83,20,d1,False,20,17,d2,d2,True
436,CheapestFirst,1700.7578450384146,1455.2059035486016,1455.2059035486016,1700.7578450384146,245.5519414898131,True,88,22,d2,True,20,17,d2,d2,True
436,DNF,1700.7578450384146,1455.2059035486016,1455.2059035486016,1700.7578450384146,245.5519414898131,True,151,37,,,20,17,d2,d2,True
437,BFS,2553.106397869621,7502.933235387433,2553.106397869621,7502.933235387433,4949.826837517812,True,171,42,d1,True,21,57,d1,d1,True
437,DFS,2553.106397869621,7502.933235387433,2553.106397869621,7502.933235387433,4949.826837517812,True,87,21,d1,True,21,57,d1,d1,True
437,CheapestFirst,2553.106397869621,7502.933235387433,2553.106397869621,7502.933235387433,4949.826837517812,True,139,34,d1,True,21,57,d1,d1,True
437,DNF,2553.106397869621,7502.933235387433,2553.106397869621,7502.933235387433,4949.826837517812,True,315,78,,,21,57,d1,d1,True
438,BFS,3479.425137943446,5395.286589968391,3479.425137943446,5395.286589968391,1915.8614520249453,True,156,39,d1,True,21,36,d1,d1,True
438,DFS,3479.425137943446,5395.286589968391,3479.425137943446,5395.286589968391,1915.8614520249453,True,87,21,d1,True,21,36,d1,d1,True
438,CheapestFirst,3479.425137943446,5395.286589968391,3479.425137943446,5395.286589968391,1915.8614520249453,True,156,39,d1,True,21,36,d1,d1,True
438,DNF,3479.425137943446,5395.286589968391,3479.425137943446,5395.286589968391,1915.8614520249453,True,231,57,,,21,36,d1,d1,True
439,BFS,1551.5841786258436,9898.914836308912,1551.5841786258436,9898.914836308912,8347.330657683067,True,91,22,d1,True,11,53,d1,d1,True
439,DFS,1551.5841786258436,9898.914836308912,1551.5841786258436,9898.914836308912,8347.330657683067,True,47,11,d1,True,11,53,d1,d1,True
439,CheapestFirst,1551.5841786258436,9898.914836308912,1551.5841786258436,9898.914836308912,8347.330657683067,True,71,17,d1,True,11,53,d1,d1,True
439,DNF,1551.5841786258436,9898.914836308912,1551.5841786258436,9898.914836308912,8347.330657683067,True,259,64,,,11,53,d1,d1,True
440,BFS,3257.974656388773,3267.47176996827,3257.974656388773,3267.47176996827,9.497113579497181,True,112,28,d1,True,24,26,d1,d1,True
440,DFS,3257.974656388773,3267.47176996827,3257.974656388773,3267.47176996827,9.497113579497181,True,99,24,d1,True,24,26,d1,d1,True
440,CheapestFirst,3257.974656388773,3267.47176996827,3257.974656388773,3267.47176996827,9.497113579497181,True,112,28,d1,True,24,26,d1,d1,True
440,DNF,3257.974656388773,3267.47176996827,3257.974656388773,3267.47176996827,9.497113579497181,True,203,50,,,24,26,d1,d1,True
441,BFS,6468.490830559967,7827.050844071001,6468.490830559967,7827.050844071001,1358.5600135110335,True,160,40,d1,True,24,37,d1,d1,True
441,DFS,6468.490830559967,7827.050844071001,6468.490830559967,7827.050844071001,1358.5600135110335,True,99,24,d1,True,24,37,d1,d1,True
441,CheapestFirst,6468.490830559967,7827.050844071001,6468.490830559967,7827.050844071001,1358.5600135110335,True,160,40,d1,True,24,37,d1,d1,True
441,DNF,6468.490830559967,7827.050844071001,6468.490830559967,7827.050844071001,1358.5600135110335,True,247,61,,,24,37,d1,d1,True
442,BFS,14056.64710158979,8302.71715840846,8302.71715840846,14056.64710158979,5753.929943181329,True,364,91,d2,True,88,50,d2,d2,True
442,DFS,14056.64710158979,8302.71715840846,8302.71715840846,14056.64710158979,5753.929943181329,True,355,88,d1,False,88,50,d2,d2,True
442,CheapestFirst,14056.64710158979,8302.71715840846,8302.71715840846,14056.64710158979,5753.929943181329,True,364,91,d2,True,88,50,d2,d2,True
442,DNF,14056.64710158979,8302.71715840846,8302.71715840846,14056.64710158979,5753.929943181329,True,555,138,,,88,50,d2,d2,True
443,BFS,4356.619104574312,11917.680629136783,4356.619104574312,11917.680629136783,7561.061524562471,True,331,82,d1,True,41,96,d1,d1,True
443,DFS,4356.619104574312,11917.680629136783,4356.619104574312,11917.680629136783,7561.061524562471,True,167,41,d1,True,41,96,d1,d1,True
443,CheapestFirst,4356.619104574312,11917.680629136783,4356.619104574312,11917.680629136783,7561.061524562471,True,299,74,d1,True,41,96,d1,d1,True
443,DNF,4356.619104574312,11917.680629136783,4356.619104574312,11917.680629136783,7561.061524562471,True,551,137,,,41,96,d1,d1,True
444,BFS,5925.341236739149,6677.101045186614,5925.341236739149,6677.101045186614,751.7598084474648,True,288,72,d1,True,62,69,d1,d1,True
444,DFS,5925.341236739149,6677.101045186614,5925.341236739149,6677.101045186614,751.7598084474648,True,251,62,d1,True,62,69,d1,d1,True
444,CheapestFirst,5925.341236739149,6677.101045186614,5925.341236739149,6677.101045186614,751.7598084474648,True,288,72,d1,True,62,69,d1,d1,True
444,DNF,5925.341236739149,6677.101045186614,5925.341236739149,6677.101045186614,751.7598084474648,True,527,131,,,62,69,d1,d1,True
445,BFS,18465.263505658837,311.29122160549923,311.29122160549923,18465.263505658837,18153.972284053336,True,31,7,d2,True,99,4,d2,d2,True
445,DFS,18465.263505658837,311.29122160549923,311.29122160549923,18465.263505658837,18153.972284053336,True,399,99,d1,False,99,4,d2,d2,True
445,CheapestFirst,18465.263505658837,311.29122160549923,311.29122160549923,18465.263505658837,18153.972284053336,True,23,5,d2,True,99,4,d2,d2,True
445,DNF,18465.263505658837,311.29122160549923,311.29122160549923,18465.263505658837,18153.972284053336,True,415,103,,,99,4,d2,d2,True
446,BFS,13702.222641260782,4703.100853289282,4703.100853289282,13702.222641260782,8999.1217879715,True,271,67,d2,True,94,34,d2,d2,True
446,DFS,13702.222641260782,4703.100853289282,4703.100853289282,13702.222641260782,8999.1217879715,True,379,94,d1,False,94,34,d2,d2,True
446,CheapestFirst,13702.222641260782,4703.100853289282,4703.100853289282,13702.222641260782,8999.1217879715,True,271,67,d2,True,94,34,d2,d2,True
446,DNF,13702.222641260782,4703.100853289282,4703.100853289282,13702.222641260782,8999.1217879715,True,515,128,,,94,34,d2,d2,True
447,BFS,11212.252344423487,8361.169708716174,8361.169708716174,11212.252344423487,2851.082635707313,True,264,66,d2,True,64,45,d2,d2,True
447,DFS,11212.252344423487,8361.169708716174,8361.169708716174,11212.252344423487,2851.082635707313,True,259,64,d1,False,64,45,d2,d2,True
447,CheapestFirst,11212.252344423487,8361.169708716174,8361.169708716174,11212.252344423487,2851.082635707313,True,264,66,d2,True,64,45,d2,d2,True
447,DNF,11212.252344423487,8361.169708716174,8361.169708716174,11212.252344423487,2851.082635707313,True,439,109,,,64,45,d2,d2,True
448,BFS,3287.550544879222,14880.035626590525,3287.550544879222,14880.035626590525,11592.485081711304,True,91,22,d1,True,11,61,d1,d1,True
448,DFS,3287.550544879222,14880.035626590525,3287.550544879222,14880.035626590525,11592.485081711304,True,47,11,d1,True,11,61,d1,d1,True
448,CheapestFirst,3287.550544879222,14880.035626590525,3287.550544879222,14880.035626590525,11592.485081711304,True,95,23,d1,True,11,61,d1,d1,True
448,DNF,3287.550544879222,14880.035626590525,3287.550544879222,14880.035626590525,11592.485081711304,True,291,72,,,11,61,d1,d1,True
449,BFS,15268.779828041112,1946.8009170140797,1946.8009170140797,15268.779828041112,13321.978911027032,True,119,29,d2,True,94,15,d2,d2,True
449,DFS,15268.779828041112,1946.8009170140797,1946.8009170140797,15268.779828041112,13321.978911027032,True,379,94,d1,False,94,15,d2,d2,True
449,CheapestFirst,15268.779828041112,1946.8009170140797,1946.8009170140797,15268.779828041112,13321.978911027032,True,115,28,d2,True,94,15,d2,d2,True
449,DNF,15268.779828041112,1946.8009170140797,1946.8009170140797,15268.779828041112,13321.978911027032,True,439,109,,,94,15,d2,d2,True
450,BFS,11876.802071802927,6560.206476764116,6560.206476764116,11876.802071802927,5316.595595038812,True,368,92,d2,True,88,51,d2,d2,True
450,DFS,11876.802071802927,6560.206476764116,6560.206476764116,11876.802071802927,5316.595595038812,True,355,88,d1,False,88,51,d2,d2,True
450,CheapestFirst,11876.802071802927,6560.206476764116,6560.206476764116,11876.802071802927,5316.595595038812,True,368,92,d2,True,88,51,d2,d2,True
450,DNF,11876.802071802927,6560.206476764116,6560.206476764116,11876.802071802927,5316.595595038812,True,559,139,,,88,51,d2,d2,True
451,BFS,4860.4589995466395,3895.862482259752,3895.862482259752,4860.4589995466395,964.5965172868873,True,180,45,d2,True,43,37,d2,d2,True
451,DFS,4860.4589995466395,3895.862482259752,3895.862482259752,4860.4589995466395,964.5965172868873,True,175,43,d1,False,43,37,d2,d2,True
451,CheapestFirst,4860.4589995466395,3895.862482259752,3895.862482259752,4860.4589995466395,964.5965172868873,True,180,45,d2,True,43,37,d2,d2,True
451,DNF,4860.4589995466395,3895.862482259752,3895.862482259752,4860.4589995466395,964.5965172868873,True,323,80,,,43,37,d2,d2,True
452,BFS,17755.26361628192,7885.992029842188,7885.992029842188,17755.26361628192,9869.271586439734,True,391,97,d2,True,100,49,d2,d2,True
452,DFS,17755.26361628192,7885.992029842188,7885.992029842188,17755.26361628192,9869.271586439734,True,403,100,d1,False,100,49,d2,d2,True
452,CheapestFirst,17755.26361628192,7885.992029842188,7885.992029842188,17755.26361628192,9869.271586439734,True,335,83,d2,True,100,49,d2,d2,True
452,DNF,17755.26361628192,7885.992029842188,7885.992029842188,17755.26361628192,9869.271586439734,True,599,149,,,100,49,d2,d2,True
453,BFS,10585.165170774118,9902.629557144957,9902.629557144957,10585.165170774118,682.5356136291612,True,300,75,d2,True,72,67,d2,d2,True
453,DFS,10585.165170774118,9902.629557144957,9902.629557144957,10585.165170774118,682.5356136291612,True,291,72,d1,False,72,67,d2,d2,True
453,CheapestFirst,10585.165170774118,9902.629557144957,9902.629557144957,10585.165170774118,682.5356136291612,True,300,75,d2,True,72,67,d2,d2,True
453,DNF,10585.165170774118,9902.629557144957,9902.629557144957,10585.165170774118,682.5356136291612,True,559,139,,,72,67,d2,d2,True
454,BFS,8404.627026203709,12961.422674374711,8404.627026203709,12961.422674374711,4556.7956481710025,True,332,83,d1,True,49,79,d1,d1,True
454,DFS,8404.627026203709,12961.422674374711,8404.627026203709,12961.422674374711,4556.7956481710025,True,199,49,d1,True,49,79,d1,d1,True
454,CheapestFirst,8404.627026203709,12961.422674374711,8404.627026203709,12961.422674374711,4556.7956481710025,True,332,83,d1,True,49,79,d1,d1,True
454,DNF,8404.627026203709,12961.422674374711,8404.627026203709,12961.422674374711,4556.7956481710025,True,515,128,,,49,79,d1,d1,True
455,BFS,13674.83329890626,3502.0486857483415,3502.0486857483415,13674.83329890626,10172.784613157919,True,151,37,d2,True,73,19,d2,d2,True
455,DFS,13674.83329890626,3502.0486857483415,3502.0486857483415,13674.83329890626,10172.784613157919,True,295,73,d1,False,73,19,d2,d2,True
455,CheapestFirst,13674.83329890626,3502.0486857483415,3502.0486857483415,13674.83329890626,10172.784613157919,True,151,37,d2,True,73,19,d2,d2,True
455,DNF,13674.83329890626,3502.0486857483415,3502.0486857483415,13674.83329890626,10172.784613157919,True,371,92,,,73,19,d2,d2,True
456,BFS,450.17571613221224,2366.757004127841,450.17571613221224,2366.757004127841,1916.5812879956286,True,27,6,d1,True,3,31,d1,d1,True
456,DFS,450.17571613221224,2366.757004127841,450.17571613221224,2366.757004127841,1916.5812879956286,True,15,3,d1,True,3,31,d1,d1,True
456,CheapestFirst,450.17571613221224,2366.757004127841,450.17571613221224,2366.757004127841,1916.5812879956286,True,35,8,d1,True,3,31,d1,d1,True
456,DNF,450.17571613221224,2366.757004127841,450.17571613221224,2366.757004127841,1916.5812879956286,True,139,34,,,3,31,d1,d1,True
457,BFS,3076.7439886803704,8963.862558018816,3076.7439886803704,8963.862558018816,5887.118569338446,True,75,18,d1,True,9,50,d1,d1,True
457,DFS,3076.7439886803704,8963.862558018816,3076.7439886803704,8963.862558018816,5887.118569338446,True,39,9,d1,True,9,50,d1,d1,True
457,CheapestFirst,3076.7439886803704,8963.862558018816,3076.7439886803704,8963.862558018816,5887.118569338446,True,135,33,d1,True,9,50,d1,d1,True
457,DNF,3076.7439886803704,8963.862558018816,3076.7439886803704,8963.862558018816,5887.118569338446,True,239,59,,,9,50,d1,d1,True
458,BFS,2813.3746443783325,2313.9729049852235,2313.9729049852235,2813.3746443783325,499.401739393109,True,95,23,d2,True,24,12,d2,d2,True
458,DFS,2813.3746443783325,2313.9729049852235,2313.9729049852235,2813.3746443783325,499.401739393109,True,99,24,d1,False,24,12,d2,d2,True
458,CheapestFirst,2813.3746443783325,2313.9729049852235,2313.9729049852235,2813.3746443783325,499.401739393109,True,104,26,d2,True,24,12,d2,d2,True
458,DNF,2813.3746443783325,2313.9729049852235,2313.9729049852235,2813.3746443783325,499.401739393109,True,147,36,,,24,12,d2,d2,True
459,BFS,6660.2088009963245,3599.4781759207976,3599.4781759207976,6660.2088009963245,3060.730625075527,True,204,51,d2,True,48,30,d2,d2,True
459,DFS,6660.2088009963245,3599.4781759207976,3599.4781759207976,6660.2088009963245,3060.730625075527,True,195,48,d1,False,48,30,d2,d2,True
459,CheapestFirst,6660.2088009963245,3599.4781759207976,3599.4781759207976,6660.2088009963245,3060.730625075527,True,204,51,d2,True,48,30,d2,d2,True
459,DNF,6660.2088009963245,3599.4781759207976,3599.4781759207976,6660.2088009963245,3060.730625075527,True,315,78,,,48,30,d2,d2,True
460,BFS,2281.9869752417426,10811.74246327519,2281.9869752417426,10811.74246327519,8529.755488033446,True,155,38,d1,True,19,78,d1,d1,True
460,DFS,2281.9869752417426,10811.74246327519,2281.9869752417426,10811.74246327519,8529.755488033446,True,79,19,d1,True,19,78,d1,d1,True
460,CheapestFirst,2281.9869752417426,10811.74246327519,2281.9869752417426,10811.74246327519,8529.755488033446,True,151,37,d1,True,19,78,d1,d1,True
460,DNF,2281.9869752417426,10811.74246327519,2281.9869752417426,10811.74246327519,8529.755488033446,True,391,97,,,19,78,d1,d1,True
461,BFS,14097.038394367708,9012.449417691545,9012.449417691545,14097.038394367708,5084.588976676163,True,336,84,d2,True,77,48,d2,d2,True
461,DFS,14097.038394367708,9012.449417691545,9012.449417691545,14097.038394367708,5084.588976676163,True,311,77,d1,False,77,48,d2,d2,True
461,CheapestFirst,14097.038394367708,9012.449417691545,9012.449417691545,14097.038394367708,5084.588976676163,True,336,84,d2,True,77,48,d2,d2,True
461,DNF,14097.038394367708,9012.449417691545,9012.449417691545,14097.038394367708,5084.588976676163,True,503,125,,,77,48,d2,d2,True
462,BFS,4865.298317058772,2470.4631015090254,2470.4631015090254,4865.298317058772,2394.835215549747,True,151,37,d2,True,41,19,d2,d2,True
462,DFS,4865.298317058772,2470.4631015090254,2470.4631015090254,4865.298317058772,2394.835215549747,True,167,41,d1,False,41,19,d2,d2,True
462,CheapestFirst,4865.298317058772,2470.4631015090254,2470.4631015090254,4865.298317058772,2394.835215549747,True,159,39,d2,True,41,19,d2,d2,True
462,DNF,4865.298317058772,2470.4631015090254,2470.4631015090254,4865.298317058772,2394.835215549747,True,243,60,,,41,19,d2,d2,True
463,BFS,10995.552802819673,6992.041245575824,6992.041245575824,10995.552802819673,4003.511557243849,True,316,79,d2,True,76,48,d2,d2,True
463,DFS,10995.552802819673,6992.041245575824,6992.041245575824,10995.552802819673,4003.511557243849,True,307,76,d1,False,76,48,d2,d2,True
463,CheapestFirst,10995.552802819673,6992.041245575824,6992.041245575824,10995.552802819673,4003.511557243849,True,316,79,d2,True,76,48,d2,d2,True
463,DNF,10995.552802819673,6992.041245575824,6992.041245575824,10995.552802819673,4003.511557243849,True,499,124,,,76,48,d2,d2,True
464,BFS,7478.208106824888,11233.005716253043,7478.208106824888,11233.005716253043,3754.797609428155,True,416,104,d1,True,63,100,d1,d1,True
464,DFS,7478.208106824888,11233.005716253043,7478.208106824888,11233.005716253043,3754.797609428155,True,255,63,d1,True,63,100,d1,d1,True
464,CheapestFirst,7478.208106824888,11233.005716253043,7478.208106824888,11233.005716253043,3754.797609428155,True,416,104,d1,True,63,100,d1,d1,True
464,DNF,7478.208106824888,11233.005716253043,7478.208106824888,11233.005716253043,3754.797609428155,True,655,163,,,63,100,d1,d1,True
465,BFS,6723.9836278031635,7526.728934807368,6723.9836278031635,7526.728934807368,802.7453070042047,True,276,69,d1,True,55,66,d1,d1,True
465,DFS,6723.9836278031635,7526.728934807368,6723.9836278031635,7526.728934807368,802.7453070042047,True,223,55,d1,True,55,66,d1,d1,True
465,CheapestFirst,6723.9836278031635,7526.728934807368,6723.9836278031635,7526.728934807368,802.7453070042047,True,276,69,d1,True,55,66,d1,d1,True
465,DNF,6723.9836278031635,7526.728934807368,6723.9836278031635,7526.728934807368,802.7453070042047,True,487,121,,,55,66,d1,d1,True
466,BFS,7281.352917498094,4691.885948143668,4691.885948143668,7281.352917498094,2589.4669693544256,True,192,48,d2,True,44,30,d2,d2,True
466,DFS,7281.352917498094,4691.885948143668,4691.885948143668,7281.352917498094,2589.4669693544256,True,179,44,d1,False,44,30,d2,d2,True
466,CheapestFirst,7281.352917498094,4691.885948143668,4691.885948143668,7281.352917498094,2589.4669693544256,True,192,48,d2,True,44,30,d2,d2,True
466,DNF,7281.352917498094,4691.885948143668,4691.885948143668,7281.352917498094,2589.4669693544256,True,299,74,,,44,30,d2,d2,True
467,BFS,4730.234293388457,1224.4291856805885,1224.4291856805885,4730.234293388457,3505.805107707869,True,103,25,d2,True,51,13,d2,d2,True
467,DFS,4730.234293388457,1224.4291856805885,1224.4291856805885,4730.234293388457,3505.805107707869,True,207,51,d1,False,51,13,d2,d2,True
467,CheapestFirst,4730.234293388457,1224.4291856805885,1224.4291856805885,4730.234293388457,3505.805107707869,True,115,28,d2,True,51,13,d2,d2,True
467,DNF,4730.234293388457,1224.4291856805885,1224.4291856805885,4730.234293388457,3505.805107707869,True,259,64,,,51,13,d2,d2,True
468,BFS,6792.132847348962,2006.2282913102736,2006.2282913102736,6792.132847348962,4785.9045560386885,True,191,47,d2,True,65,24,d2,d2,True
468,DFS,6792.132847348962,2006.2282913102736,2006.2282913102736,6792.132847348962,4785.9045560386885,True,263,65,d1,False,65,24,d2,d2,True
468,CheapestFirst,6792.132847348962,2006.2282913102736,2006.2282913102736,6792.132847348962,4785.9045560386885,True,151,37,d2,True,65,24,d2,d2,True
468,DNF,6792.132847348962,2006.2282913102736,2006.2282913102736,6792.132847348962,4785.9045560386885,True,359,89,,,65,24,d2,d2,True
469,BFS,5820.732759638267,10339.8894642998,5820.732759638267,10339.8894642998,4519.156704661533,True,320,80,d1,True,45,76,d1,d1,True
469,DFS,5820.732759638267,10339.8894642998,5820.732759638267,10339.8894642998,4519.156704661533,True,183,45,d1,True,45,76,d1,d1,True
469,CheapestFirst,5820.732759638267,10339.8894642998,5820.732759638267,10339.8894642998,4519.156704661533,True,320,80,d1,True,45,76,d1,d1,True
469,DNF,5820.732759638267,10339.8894642998,5820.732759638267,10339.8894642998,4519.156704661533,True,487,121,,,45,76,d1,d1,True
470,BFS,15153.374091873231,14449.705213481231,14449.705213481231,15153.374091873231,703.6688783919999,True,372,93,d2,True,90,83,d2,d2,True
470,DFS,15153.374091873231,14449.705213481231,14449.705213481231,15153.374091873231,703.6688783919999,True,363,90,d1,False,90,83,d2,d2,True
470,CheapestFirst,15153.374091873231,14449.705213481231,14449.705213481231,15153.374091873231,703.6688783919999,True,372,93,d2,True,90,83,d2,d2,True
470,DNF,15153.374091873231,14449.705213481231,14449.705213481231,15153.374091873231,703.6688783919999,True,695,173,,,90,83,d2,d2,True
471,BFS,5698.819782593284,4745.477322122516,4745.477322122516,5698.819782593284,953.342460470768,True,216,54,d2,True,50,41,d2,d2,True
471,DFS,5698.819782593284,4745.477322122516,4745.477322122516,5698.819782593284,953.342460470768,True,203,50,d1,False,50,41,d2,d2,True
471,CheapestFirst,5698.819782593284,4745.477322122516,4745.477322122516,5698.819782593284,953.342460470768,True,216,54,d2,True,50,41,d2,d2,True
471,DNF,5698.819782593284,4745.477322122516,4745.477322122516,5698.819782593284,953.342460470768,True,367,91,,,50,41,d2,d2,True
472,BFS,12114.344306626152,5394.59587675632,5394.59587675632,12114.344306626152,6719.748429869832,True,247,61,d2,True,77,31,d2,d2,True
472,DFS,12114.344306626152,5394.59587675632,5394.59587675632,12114.344306626152,6719.748429869832,True,311,77,d1,False,77,31,d2,d2,True
472,CheapestFirst,12114.344306626152,5394.59587675632,5394.59587675632,12114.344306626152,6719.748429869832,True,299,74,d2,True,77,31,d2,d2,True
472,DNF,12114.344306626152,5394.59587675632,5394.59587675632,12114.344306626152,6719.748429869832,True,435,108,,,77,31,d2,d2,True
473,BFS,13994.351739579903,3710.47220366286,3710.47220366286,13994.351739579903,10283.879535917044,True,351,87,d2,True,99,44,d2,d2,True
473,DFS,13994.351739579903,3710.47220366286,3710.47220366286,13994.351739579903,10283.879535917044,True,399,99,d1,False,99,44,d2,d2,True
473,CheapestFirst,13994.351739579903,3710.47220366286,3710.47220366286,13994.351739579903,10283.879535917044,True,255,63,d2,True,99,44,d2,d2,True
473,DNF,13994.351739579903,3710.47220366286,3710.47220366286,13994.351739579903,10283.879535917044,True,575,143,,,99,44,d2,d2,True
474,BFS,7773.712978952686,12912.502736234497,7773.712978952686,12912.502736234497,5138.789757281811,True,227,56,d1,True,28,83,d1,d1,True
474,DFS,7773.712978952686,12912.502736234497,7773.712978952686,12912.502736234497,5138.789757281811,True,115,28,d1,True,28,83,d1,d1,True
474,CheapestFirst,7773.712978952686,12912.502736234497,7773.712978952686,12912.502736234497,5138.789757281811,True,344,86,d1,True,28,83,d1,d1,True
474,DNF,7773.712978952686,12912.502736234497,7773.712978952686,12912.502736234497,5138.789757281811,True,447,111,,,28,83,d1,d1,True
475,BFS,9063.392392427642,11624.790864661041,9063.392392427642,11624.790864661041,2561.398472233399,True,348,87,d1,True,56,84,d1,d1,True
475,DFS,9063.392392427642,11624.790864661041,9063.392392427642,11624.790864661041,2561.398472233399,True,227,56,d1,True,56,84,d1,d1,True
475,CheapestFirst,9063.392392427642,11624.790864661041,9063.392392427642,11624.790864661041,2561.398472233399,True,348,87,d1,True,56,84,d1,d1,True
475,DNF,9063.392392427642,11624.790864661041,9063.392392427642,11624.790864661041,2561.398472233399,True,563,140,,,56,84,d1,d1,True
476,BFS,4729.881738584371,2126.3167874395344,2126.3167874395344,4729.881738584371,2603.564951144837,True,196,49,d2,True,46,30,d2,d2,True
476,DFS,4729.881738584371,2126.3167874395344,2126.3167874395344,4729.881738584371,2603.564951144837,True,187,46,d1,False,46,30,d2,d2,True
476,CheapestFirst,4729.881738584371,2126.3167874395344,2126.3167874395344,4729.881738584371,2603.564951144837,True,155,38,d2,True,46,30,d2,d2,True
476,DNF,4729.881738584371,2126.3167874395344,2126.3167874395344,4729.881738584371,2603.564951144837,True,307,76,,,46,30,d2,d2,True
477,BFS,9400.936111996472,8979.961607896483,8979.961607896483,9400.936111996472,420.97450409998964,True,340,85,d2,True,83,81,d2,d2,True
477,DFS,9400.936111996472,8979.961607896483,8979.961607896483,9400.936111996472,420.97450409998964,True,335,83,d1,False,83,81,d2,d2,True
477,CheapestFirst,9400.936111996472,8979.961607896483,8979.961607896483,9400.936111996472,420.97450409998964,True,340,85,d2,True,83,81,d2,d2,True
477,DNF,9400.936111996472,8979.961607896483,8979.961607896483,9400.936111996472,420.97450409998964,True,659,164,,,83,81,d2,d2,True
478,BFS,1074.5739196142974,1937.1676096058823,1074.5739196142974,1937.1676096058823,862.5936899915848,True,36,9,d1,True,5,7,d1,d1,True
478,DFS,1074.5739196142974,1937.1676096058823,1074.5739196142974,1937.1676096058823,862.5936899915848,True,23,5,d1,True,5,7,d1,d1,True
478,CheapestFirst,1074.5739196142974,1937.1676096058823,1074.5739196142974,1937.1676096058823,862.5936899915848,True,31,7,d1,True,5,7,d1,d1,True
478,DNF,1074.5739196142974,1937.1676096058823,1074.5739196142974,1937.1676096058823,862.5936899915848,True,51,12,,,5,7,d1,d1,True
479,BFS,9498.535594626228,11393.417045987177,9498.535594626228,11393.417045987177,1894.8814513609486,True,404,101,d1,True,87,98,d1,d1,True
479,DFS,9498.535594626228,11393.417045987177,9498.535594626228,11393.417045987177,1894.8814513609486,True,351,87,d1,True,87,98,d1,d1,True
479,CheapestFirst,9498.535594626228,11393.417045987177,9498.535594626228,11393.417045987177,1894.8814513609486,True,404,101,d1,True,87,98,d1,d1,True
479,DNF,9498.535594626228,11393.417045987177,9498.535594626228,11393.417045987177,1894.8814513609486,True,743,185,,,87,98,d1,d1,True
480,BFS,9869.483497461197,6792.209449795616,6792.209449795616,9869.483497461197,3077.274047665581,True,292,73,d2,True,69,41,d2,d2,True
480,DFS,9869.483497461197,6792.209449795616,6792.209449795616,9869.483497461197,3077.274047665581,True,279,69,d1,False,69,41,d2,d2,True
480,CheapestFirst,9869.483497461197,6792.209449795616,6792.209449795616,9869.483497461197,3077.274047665581,True,292,73,d2,True,69,41,d2,d2,True
480,DNF,9869.483497461197,6792.209449795616,6792.209449795616,9869.483497461197,3077.274047665581,True,443,110,,,69,41,d2,d2,True
481,BFS,10410.744856855305,5743.970632973457,5743.970632973457,10410.744856855305,4666.774223881847,True,287,71,d2,True,82,36,d2,d2,True
481,DFS,10410.744856855305,5743.970632973457,5743.970632973457,10410.744856855305,4666.774223881847,True,331,82,d1,False,82,36,d2,d2,True
481,CheapestFirst,10410.744856855305,5743.970632973457,5743.970632973457,10410.744856855305,4666.774223881847,True,343,85,d2,True,82,36,d2,d2,True
481,DNF,10410.744856855305,5743.970632973457,5743.970632973457,10410.744856855305,4666.774223881847,True,475,118,,,82,36,d2,d2,True
482,BFS,5859.7888736837895,2316.0008588434885,2316.0008588434885,5859.7888736837895,3543.788014840301,True,175,43,d2,True,51,22,d2,d2,True
482,DFS,5859.7888736837895,2316.0008588434885,2316.0008588434885,5859.7888736837895,3543.788014840301,True,207,51,d1,False,51,22,d2,d2,True
482,CheapestFirst,5859.7888736837895,2316.0008588434885,2316.0008588434885,5859.7888736837895,3543.788014840301,True,163,40,d2,True,51,22,d2,d2,True
482,DNF,5859.7888736837895,2316.0008588434885,2316.0008588434885,5859.7888736837895,3543.788014840301,True,295,73,,,51,22,d2,d2,True
483,BFS,7754.199663593141,13211.571161438073,7754.199663593141,13211.571161438073,5457.371497844932,True,392,98,d1,True,53,95,d1,d1,True
483,DFS,7754.199663593141,13211.571161438073,7754.199663593141,13211.571161438073,5457.371497844932,True,215,53,d1,True,53,95,d1,d1,True
483,CheapestFirst,7754.199663593141,13211.571161438073,7754.199663593141,13211.571161438073,5457.371497844932,True,392,98,d1,True,53,95,d1,d1,True
483,DNF,7754.199663593141,13211.571161438073,7754.199663593141,13211.571161438073,5457.371497844932,True,595,148,,,53,95,d1,d1,True
484,BFS,2117.3050088069926,12247.293804128978,2117.3050088069926,12247.293804128978,10129.988795321986,True,211,52,d1,True,26,90,d1,d1,True
484,DFS,2117.3050088069926,12247.293804128978,2117.3050088069926,12247.293804128978,10129.988795321986,True,107,26,d1,True,26,90,d1,d1,True
484,CheapestFirst,2117.3050088069926,12247.293804128978,2117.3050088069926,12247.293804128978,10129.988795321986,True,143,35,d1,True,26,90,d1,d1,True
484,DNF,2117.3050088069926,12247.293804128978,2117.3050088069926,12247.293804128978,10129.988795321986,True,467,116,,,26,90,d1,d1,True
485,BFS,12416.928684570843,16570.06498722246,12416.928684570843,16570.06498722246,4153.136302651617,True,380,95,d1,True,74,93,d1,d1,True
485,DFS,12416.928684570843,16570.06498722246,12416.928684570843,16570.06498722246,4153.136302651617,True,299,74,d1,True,74,93,d1,d1,True
485,CheapestFirst,12416.928684570843,16570.06498722246,12416.928684570843,16570.06498722246,4153.136302651617,True,380,95,d1,True,74,93,d1,d1,True
485,DNF,12416.928684570843,16570.06498722246,12416.928684570843,16570.06498722246,4153.136302651617,True,671,167,,,74,93,d1,d1,True
486,BFS,5286.844035727011,13422.721737088854,5286.844035727011,13422.721737088854,8135.877701361843,True,371,92,d1,True,46,96,d1,d1,True
486,DFS,5286.844035727011,13422.721737088854,5286.844035727011,13422.721737088854,8135.877701361843,True,187,46,d1,True,46,96,d1,d1,True
486,CheapestFirst,5286.844035727011,13422.721737088854,5286.844035727011,13422.721737088854,8135.877701361843,True,307,76,d1,True,46,96,d1,d1,True
486,DNF,5286.844035727011,13422.721737088854,5286.844035727011,13422.721737088854,8135.877701361843,True,571,142,,,46,96,d1,d1,True
487,BFS,1198.8047449966723,9086.815332195927,1198.8047449966723,9086.815332195927,7888.010587199255,True,147,36,d1,True,18,80,d1,d1,True
487,DFS,1198.8047449966723,9086.815332195927,1198.8047449966723,9086.815332195927,7888.010587199255,True,75,18,d1,True,18,80,d1,d1,True
487,CheapestFirst,1198.8047449966723,9086.815332195927,1198.8047449966723,9086.815332195927,7888.010587199255,True,107,26,d1,True,18,80,d1,d1,True
487,DNF,1198.8047449966723,9086.815332195927,1198.8047449966723,9086.815332195927,7888.010587199255,True,395,98,,,18,80,d1,d1,True
488,BFS,5325.774769171469,5323.976683254083,5323.976683254083,5325.774769171469,1.798085917386743,True,160,40,d2,True,31,30,d2,d2,True
488,DFS,5325.774769171469,5323.976683254083,5323.976683254083,5325.774769171469,1.798085917386743,True,127,31,d1,False,31,30,d2,d2,True
488,CheapestFirst,5325.774769171469,5323.976683254083,5323.976683254083,5325.774769171469,1.798085917386743,True,160,40,d2,True,31,30,d2,d2,True
488,DNF,5325.774769171469,5323.976683254083,5323.976683254083,5325.774769171469,1.798085917386743,True,247,61,,,31,30,d2,d2,True
489,BFS,8856.626892819431,8189.207519583459,8189.207519583459,8856.626892819431,667.4193732359727,True,212,53,d2,True,50,40,d2,d2,True
489,DFS,8856.626892819431,8189.207519583459,8189.207519583459,8856.626892819431,667.4193732359727,True,203,50,d1,False,50,40,d2,d2,True
489,CheapestFirst,8856.626892819431,8189.207519583459,8189.207519583459,8856.626892819431,667.4193732359727,True,212,53,d2,True,50,40,d2,d2,True
489,DNF,8856.626892819431,8189.207519583459,8189.207519583459,8856.626892819431,667.4193732359727,True,363,90,,,50,40,d2,d2,True
490,BFS,12495.35562980587,3159.640438875283,3159.640438875283,12495.35562980587,9335.715190930587,True,327,81,d2,True,97,41,d2,d2,True
490,DFS,12495.35562980587,3159.640438875283,3159.640438875283,12495.35562980587,9335.715190930587,True,391,97,d1,False,97,41,d2,d2,True
490,CheapestFirst,12495.35562980587,3159.640438875283,3159.640438875283,12495.35562980587,9335.715190930587,True,243,60,d2,True,97,41,d2,d2,True
490,DNF,12495.35562980587,3159.640438875283,3159.640438875283,12495.35562980587,9335.715190930587,True,555,138,,,97,41,d2,d2,True
491,BFS,2860.2922909001636,13290.737862377886,2860.2922909001636,13290.737862377886,10430.445571477721,True,171,42,d1,True,21,86,d1,d1,True
491,DFS,2860.2922909001636,13290.737862377886,2860.2922909001636,13290.737862377886,10430.445571477721,True,87,21,d1,True,21,86,d1,d1,True
491,CheapestFirst,2860.2922909001636,13290.737862377886,2860.2922909001636,13290.737862377886,10430.445571477721,True,155,38,d1,True,21,86,d1,d1,True
491,DNF,2860.2922909001636,13290.737862377886,2860.2922909001636,13290.737862377886,10430.445571477721,True,431,107,,,21,86,d1,d1,True
492,BFS,12063.633804735173,7900.148505870309,7900.148505870309,12063.633804735173,4163.485298864864,True,348,87,d2,True,84,61,d2,d2,True
492,DFS,12063.633804735173,7900.148505870309,7900.148505870309,12063.633804735173,4163.485298864864,True,339,84,d1,False,84,61,d2,d2,True
492,CheapestFirst,12063.633804735173,7900.148505870309,7900.148505870309,12063.633804735173,4163.485298864864,True,348,87,d2,True,84,61,d2,d2,True
492,DNF,12063.633804735173,7900.148505870309,7900.148505870309,12063.633804735173,4163.485298864864,True,583,145,,,84,61,d2,d2,True
493,BFS,3120.371459104085,10922.246409014953,3120.371459104085,10922.246409014953,7801.874949910869,True,155,38,d1,True,19,88,d1,d1,True
493,DFS,3120.371459104085,10922.246409014953,3120.371459104085,10922.246409014953,7801.874949910869,True,79,19,d1,True,19,88,d1,d1,True
493,CheapestFirst,3120.371459104085,10922.246409014953,3120.371459104085,10922.246409014953,7801.874949910869,True,159,39,d1,True,19,88,d1,d1,True
493,DNF,3120.371459104085,10922.246409014953,3120.371459104085,10922.246409014953,7801.874949910869,True,431,107,,,19,88,d1,d1,True
494,BFS,8940.930185655907,13199.619811722014,8940.930185655907,13199.619811722014,4258.689626066107,True,408,102,d1,True,61,99,d1,d1,True
494,DFS,8940.930185655907,13199.619811722014,8940.930185655907,13199.619811722014,4258.689626066107,True,247,61,d1,True,61,99,d1,d1,True
494,CheapestFirst,8940.930185655907,13199.619811722014,8940.930185655907,13199.619811722014,4258.689626066107,True,408,102,d1,True,61,99,d1,d1,True
494,DNF,8940.930185655907,13199.619811722014,8940.930185655907,13199.619811722014,4258.689626066107,True,643,160,,,61,99,d1,d1,True
495,BFS,7030.707042520332,9831.994553908224,7030.707042520332,9831.994553908224,2801.2875113878918,True,368,92,d1,True,57,87,d1,d1,True
495,DFS,7030.707042520332,9831.994553908224,7030.707042520332,9831.994553908224,2801.2875113878918,True,231,57,d1,True,57,87,d1,d1,True
495,CheapestFirst,7030.707042520332,9831.994553908224,7030.707042520332,9831.994553908224,2801.2875113878918,True,368,92,d1,True,57,87,d1,d1,True
495,DNF,7030.707042520332,9831.994553908224,7030.707042520332,9831.994553908224,2801.2875113878918,True,579,144,,,57,87,d1,d1,True
496,BFS,4941.011400545473,11995.735887534254,4941.011400545473,11995.735887534254,7054.724486988781,True,323,80,d1,True,40,96,d1,d1,True
496,DFS,4941.011400545473,11995.735887534254,4941.011400545473,11995.735887534254,7054.724486988781,True,163,40,d1,True,40,96,d1,d1,True
496,CheapestFirst,4941.011400545473,11995.735887534254,4941.011400545473,11995.735887534254,7054.724486988781,True,303,75,d1,True,40,96,d1,d1,True
496,DNF,4941.011400545473,11995.735887534254,4941.011400545473,11995.735887534254,7054.724486988781,True,547,136,,,40,96,d1,d1,True
497,BFS,5365.173836580513,4003.4657292811225,4003.4657292811225,5365.173836580513,1361.7081072993906,True,120,30,d2,True,27,19,d2,d2,True
497,DFS,5365.173836580513,4003.4657292811225,4003.4657292811225,5365.173836580513,1361.7081072993906,True,111,27,d1,False,27,19,d2,d2,True
497,CheapestFirst,5365.173836580513,4003.4657292811225,4003.4657292811225,5365.173836580513,1361.7081072993906,True,120,30,d2,True,27,19,d2,d2,True
497,DNF,5365.173836580513,4003.4657292811225,4003.4657292811225,5365.173836580513,1361.7081072993906,True,187,46,,,27,19,d2,d2,True
498,BFS,13843.217758995732,9361.229578715433,9361.229578715433,13843.217758995732,4481.988180280299,True,324,81,d2,True,77,55,d2,d2,True
498,DFS,13843.217758995732,9361.229578715433,9361.229578715433,13843.217758995732,4481.988180280299,True,311,77,d1,False,77,55,d2,d2,True
498,CheapestFirst,13843.217758995732,9361.229578715433,9361.229578715433,13843.217758995732,4481.988180280299,True,324,81,d2,True,77,55,d2,d2,True
498,DNF,13843.217758995732,9361.229578715433,9361.229578715433,13843.217758995732,4481.988180280299,True,531,132,,,77,55,d2,d2,True
499,BFS,16257.7200708977,16703.52860847788,16257.7200708977,16703.52860847788,445.808537580182,True,400,100,d1,True,94,97,d1,d1,True
499,DFS,16257.7200708977,16703.52860847788,16257.7200708977,16703.52860847788,445.808537580182,True,379,94,d1,True,94,97,d1,d1,True
499,CheapestFirst,16257.7200708977,16703.52860847788,16257.7200708977,16703.52860847788,445.808537580182,True,400,100,d1,True,94,97,d1,d1,True
499,DNF,16257.7200708977,16703.52860847788,16257.7200708977,16703.52860847788,445.808537580182,True,767,191,,,94,97,d1,d1,True
